TimeQuest Timing Analyzer report for booth_mult
Wed Aug 26 11:25:06 2026
Quartus II 64-Bit Version 13.0.1 Build 232 06/12/2013 Service Pack 1 SJ Web Edition


---------------------
; Table of Contents ;
---------------------
  1. Legal Notice
  2. TimeQuest Timing Analyzer Summary
  3. Parallel Compilation
  4. Clocks
  5. Slow 1200mV 85C Model Fmax Summary
  6. Timing Closure Recommendations
  7. Slow 1200mV 85C Model Setup Summary
  8. Slow 1200mV 85C Model Hold Summary
  9. Slow 1200mV 85C Model Recovery Summary
 10. Slow 1200mV 85C Model Removal Summary
 11. Slow 1200mV 85C Model Minimum Pulse Width Summary
 12. Slow 1200mV 85C Model Setup: 'clk'
 13. Slow 1200mV 85C Model Hold: 'clk'
 14. Slow 1200mV 85C Model Minimum Pulse Width: 'clk'
 15. Setup Times
 16. Hold Times
 17. Clock to Output Times
 18. Minimum Clock to Output Times
 19. Slow 1200mV 85C Model Metastability Report
 20. Slow 1200mV 0C Model Fmax Summary
 21. Slow 1200mV 0C Model Setup Summary
 22. Slow 1200mV 0C Model Hold Summary
 23. Slow 1200mV 0C Model Recovery Summary
 24. Slow 1200mV 0C Model Removal Summary
 25. Slow 1200mV 0C Model Minimum Pulse Width Summary
 26. Slow 1200mV 0C Model Setup: 'clk'
 27. Slow 1200mV 0C Model Hold: 'clk'
 28. Slow 1200mV 0C Model Minimum Pulse Width: 'clk'
 29. Setup Times
 30. Hold Times
 31. Clock to Output Times
 32. Minimum Clock to Output Times
 33. Slow 1200mV 0C Model Metastability Report
 34. Fast 1200mV 0C Model Setup Summary
 35. Fast 1200mV 0C Model Hold Summary
 36. Fast 1200mV 0C Model Recovery Summary
 37. Fast 1200mV 0C Model Removal Summary
 38. Fast 1200mV 0C Model Minimum Pulse Width Summary
 39. Fast 1200mV 0C Model Setup: 'clk'
 40. Fast 1200mV 0C Model Hold: 'clk'
 41. Fast 1200mV 0C Model Minimum Pulse Width: 'clk'
 42. Setup Times
 43. Hold Times
 44. Clock to Output Times
 45. Minimum Clock to Output Times
 46. Fast 1200mV 0C Model Metastability Report
 47. Multicorner Timing Analysis Summary
 48. Setup Times
 49. Hold Times
 50. Clock to Output Times
 51. Minimum Clock to Output Times
 52. Board Trace Model Assignments
 53. Input Transition Times
 54. Signal Integrity Metrics (Slow 1200mv 0c Model)
 55. Signal Integrity Metrics (Slow 1200mv 85c Model)
 56. Signal Integrity Metrics (Fast 1200mv 0c Model)
 57. Setup Transfers
 58. Hold Transfers
 59. Report TCCS
 60. Report RSKM
 61. Unconstrained Paths
 62. TimeQuest Timing Analyzer Messages



----------------
; Legal Notice ;
----------------
Copyright (C) 1991-2013 Altera Corporation
Your use of Altera Corporation's design tools, logic functions 
and other software and tools, and its AMPP partner logic 
functions, and any output files from any of the foregoing 
(including device programming or simulation files), and any 
associated documentation or information are expressly subject 
to the terms and conditions of the Altera Program License 
Subscription Agreement, Altera MegaCore Function License 
Agreement, or other applicable license agreement, including, 
without limitation, that your use is for the sole purpose of 
programming logic devices manufactured by Altera and sold by 
Altera or its authorized distributors.  Please refer to the 
applicable agreement for further details.



+----------------------------------------------------------------------------------------+
; TimeQuest Timing Analyzer Summary                                                      ;
+--------------------+-------------------------------------------------------------------+
; Quartus II Version ; Version 13.0.1 Build 232 06/12/2013 Service Pack 1 SJ Web Edition ;
; Revision Name      ; booth_mult                                                        ;
; Device Family      ; Cyclone IV GX                                                     ;
; Device Name        ; EP4CGX15BF14C6                                                    ;
; Timing Models      ; Final                                                             ;
; Delay Model        ; Combined                                                          ;
; Rise/Fall Delays   ; Enabled                                                           ;
+--------------------+-------------------------------------------------------------------+


Parallel compilation was disabled, but you have multiple processors available. Enable parallel compilation to reduce compilation time.
+-------------------------------------+
; Parallel Compilation                ;
+----------------------------+--------+
; Processors                 ; Number ;
+----------------------------+--------+
; Number detected on machine ; 20     ;
; Maximum allowed            ; 1      ;
+----------------------------+--------+


+---------------------------------------------------------------------------------------------------------------------------------------------------------------------------------+
; Clocks                                                                                                                                                                          ;
+------------+------+--------+------------+-------+-------+------------+-----------+-------------+-------+--------+-----------+------------+----------+--------+--------+---------+
; Clock Name ; Type ; Period ; Frequency  ; Rise  ; Fall  ; Duty Cycle ; Divide by ; Multiply by ; Phase ; Offset ; Edge List ; Edge Shift ; Inverted ; Master ; Source ; Targets ;
+------------+------+--------+------------+-------+-------+------------+-----------+-------------+-------+--------+-----------+------------+----------+--------+--------+---------+
; clk        ; Base ; 1.000  ; 1000.0 MHz ; 0.000 ; 0.500 ;            ;           ;             ;       ;        ;           ;            ;          ;        ;        ; { clk } ;
+------------+------+--------+------------+-------+-------+------------+-----------+-------------+-------+--------+-----------+------------+----------+--------+--------+---------+


+-----------------------------------------------------------------------------------------------------------+
; Slow 1200mV 85C Model Fmax Summary                                                                        ;
+------------+-----------------+------------+---------------------------------------------------------------+
; Fmax       ; Restricted Fmax ; Clock Name ; Note                                                          ;
+------------+-----------------+------------+---------------------------------------------------------------+
; 267.02 MHz ; 250.0 MHz       ; clk        ; limit due to minimum period restriction (max I/O toggle rate) ;
+------------+-----------------+------------+---------------------------------------------------------------+
This panel reports FMAX for every clock in the design, regardless of the user-specified clock periods.  FMAX is only computed for paths where the source and destination registers or ports are driven by the same clock.  Paths of different clocks, including generated clocks, are ignored.  For paths between a clock and its inversion, FMAX is computed as if the rising and falling edges are scaled along with FMAX, such that the duty cycle (in terms of a percentage) is maintained. Altera recommends that you always use clock constraints and other slack reports for sign-off analysis.


----------------------------------
; Timing Closure Recommendations ;
----------------------------------
HTML report is unavailable in plain text report export.


+-------------------------------------+
; Slow 1200mV 85C Model Setup Summary ;
+-------+--------+--------------------+
; Clock ; Slack  ; End Point TNS      ;
+-------+--------+--------------------+
; clk   ; -2.745 ; -46.185            ;
+-------+--------+--------------------+


+------------------------------------+
; Slow 1200mV 85C Model Hold Summary ;
+-------+-------+--------------------+
; Clock ; Slack ; End Point TNS      ;
+-------+-------+--------------------+
; clk   ; 0.341 ; 0.000              ;
+-------+-------+--------------------+


------------------------------------------
; Slow 1200mV 85C Model Recovery Summary ;
------------------------------------------
No paths to report.


-----------------------------------------
; Slow 1200mV 85C Model Removal Summary ;
-----------------------------------------
No paths to report.


+---------------------------------------------------+
; Slow 1200mV 85C Model Minimum Pulse Width Summary ;
+-------+--------+----------------------------------+
; Clock ; Slack  ; End Point TNS                    ;
+-------+--------+----------------------------------+
; clk   ; -3.000 ; -38.000                          ;
+-------+--------+----------------------------------+


+------------------------------------------------------------------------------------------------------------------------------+
; Slow 1200mV 85C Model Setup: 'clk'                                                                                           ;
+--------+----------------------------+------------------+--------------+-------------+--------------+------------+------------+
; Slack  ; From Node                  ; To Node          ; Launch Clock ; Latch Clock ; Relationship ; Clock Skew ; Data Delay ;
+--------+----------------------------+------------------+--------------+-------------+--------------+------------+------------+
; -2.745 ; controller:ctrl|state.CALC ; datapath:dp|A[8] ; clk          ; clk         ; 1.000        ; 0.300      ; 4.040      ;
; -2.735 ; datapath:dp|Q[0]           ; datapath:dp|A[8] ; clk          ; clk         ; 1.000        ; 0.300      ; 4.030      ;
; -2.595 ; datapath:dp|Q_minus_1      ; datapath:dp|A[8] ; clk          ; clk         ; 1.000        ; 0.300      ; 3.890      ;
; -2.586 ; controller:ctrl|state.CALC ; datapath:dp|A[7] ; clk          ; clk         ; 1.000        ; 0.300      ; 3.881      ;
; -2.582 ; controller:ctrl|state.CALC ; datapath:dp|A[5] ; clk          ; clk         ; 1.000        ; 0.300      ; 3.877      ;
; -2.576 ; datapath:dp|Q[0]           ; datapath:dp|A[7] ; clk          ; clk         ; 1.000        ; 0.300      ; 3.871      ;
; -2.572 ; controller:ctrl|state.CALC ; datapath:dp|A[9] ; clk          ; clk         ; 1.000        ; 0.274      ; 3.841      ;
; -2.572 ; datapath:dp|Q[0]           ; datapath:dp|A[5] ; clk          ; clk         ; 1.000        ; 0.300      ; 3.867      ;
; -2.562 ; datapath:dp|Q[0]           ; datapath:dp|A[9] ; clk          ; clk         ; 1.000        ; 0.274      ; 3.831      ;
; -2.466 ; controller:ctrl|state.CALC ; datapath:dp|A[6] ; clk          ; clk         ; 1.000        ; 0.300      ; 3.761      ;
; -2.461 ; datapath:dp|Q[1]           ; datapath:dp|A[8] ; clk          ; clk         ; 1.000        ; 0.300      ; 3.756      ;
; -2.456 ; datapath:dp|Q[0]           ; datapath:dp|A[6] ; clk          ; clk         ; 1.000        ; 0.300      ; 3.751      ;
; -2.436 ; datapath:dp|Q_minus_1      ; datapath:dp|A[7] ; clk          ; clk         ; 1.000        ; 0.300      ; 3.731      ;
; -2.432 ; datapath:dp|Q_minus_1      ; datapath:dp|A[5] ; clk          ; clk         ; 1.000        ; 0.300      ; 3.727      ;
; -2.422 ; datapath:dp|Q_minus_1      ; datapath:dp|A[9] ; clk          ; clk         ; 1.000        ; 0.274      ; 3.691      ;
; -2.346 ; controller:ctrl|state.CALC ; datapath:dp|A[4] ; clk          ; clk         ; 1.000        ; 0.300      ; 3.641      ;
; -2.336 ; datapath:dp|Q[0]           ; datapath:dp|A[4] ; clk          ; clk         ; 1.000        ; 0.300      ; 3.631      ;
; -2.335 ; controller:ctrl|state.CALC ; datapath:dp|A[3] ; clk          ; clk         ; 1.000        ; 0.300      ; 3.630      ;
; -2.325 ; datapath:dp|Q[0]           ; datapath:dp|A[3] ; clk          ; clk         ; 1.000        ; 0.300      ; 3.620      ;
; -2.316 ; datapath:dp|Q_minus_1      ; datapath:dp|A[6] ; clk          ; clk         ; 1.000        ; 0.300      ; 3.611      ;
; -2.302 ; datapath:dp|Q[1]           ; datapath:dp|A[7] ; clk          ; clk         ; 1.000        ; 0.300      ; 3.597      ;
; -2.298 ; datapath:dp|Q[1]           ; datapath:dp|A[5] ; clk          ; clk         ; 1.000        ; 0.300      ; 3.593      ;
; -2.288 ; datapath:dp|Q[1]           ; datapath:dp|A[9] ; clk          ; clk         ; 1.000        ; 0.274      ; 3.557      ;
; -2.228 ; controller:ctrl|state.CALC ; datapath:dp|A[2] ; clk          ; clk         ; 1.000        ; 0.300      ; 3.523      ;
; -2.213 ; controller:ctrl|state.CALC ; datapath:dp|A[1] ; clk          ; clk         ; 1.000        ; 0.300      ; 3.508      ;
; -2.204 ; datapath:dp|Q[0]           ; datapath:dp|A[2] ; clk          ; clk         ; 1.000        ; 0.300      ; 3.499      ;
; -2.196 ; datapath:dp|Q_minus_1      ; datapath:dp|A[4] ; clk          ; clk         ; 1.000        ; 0.300      ; 3.491      ;
; -2.189 ; datapath:dp|Q[0]           ; datapath:dp|A[1] ; clk          ; clk         ; 1.000        ; 0.300      ; 3.484      ;
; -2.185 ; datapath:dp|Q_minus_1      ; datapath:dp|A[3] ; clk          ; clk         ; 1.000        ; 0.300      ; 3.480      ;
; -2.182 ; datapath:dp|Q[1]           ; datapath:dp|A[6] ; clk          ; clk         ; 1.000        ; 0.300      ; 3.477      ;
; -2.064 ; datapath:dp|Q_minus_1      ; datapath:dp|A[2] ; clk          ; clk         ; 1.000        ; 0.300      ; 3.359      ;
; -2.062 ; datapath:dp|Q[1]           ; datapath:dp|A[4] ; clk          ; clk         ; 1.000        ; 0.300      ; 3.357      ;
; -2.051 ; datapath:dp|Q[1]           ; datapath:dp|A[3] ; clk          ; clk         ; 1.000        ; 0.300      ; 3.346      ;
; -2.049 ; datapath:dp|Q_minus_1      ; datapath:dp|A[1] ; clk          ; clk         ; 1.000        ; 0.300      ; 3.344      ;
; -2.007 ; datapath:dp|M[0]           ; datapath:dp|A[8] ; clk          ; clk         ; 1.000        ; 0.301      ; 3.303      ;
; -1.955 ; datapath:dp|Q[1]           ; datapath:dp|A[2] ; clk          ; clk         ; 1.000        ; 0.300      ; 3.250      ;
; -1.940 ; datapath:dp|Q[1]           ; datapath:dp|A[1] ; clk          ; clk         ; 1.000        ; 0.300      ; 3.235      ;
; -1.894 ; datapath:dp|M[1]           ; datapath:dp|A[8] ; clk          ; clk         ; 1.000        ; 0.301      ; 3.190      ;
; -1.735 ; datapath:dp|M[1]           ; datapath:dp|A[7] ; clk          ; clk         ; 1.000        ; 0.301      ; 3.031      ;
; -1.731 ; datapath:dp|M[1]           ; datapath:dp|A[5] ; clk          ; clk         ; 1.000        ; 0.301      ; 3.027      ;
; -1.721 ; datapath:dp|M[1]           ; datapath:dp|A[9] ; clk          ; clk         ; 1.000        ; 0.275      ; 2.991      ;
; -1.720 ; datapath:dp|M[5]           ; datapath:dp|A[8] ; clk          ; clk         ; 1.000        ; 0.301      ; 3.016      ;
; -1.720 ; datapath:dp|M[6]           ; datapath:dp|A[8] ; clk          ; clk         ; 1.000        ; 0.301      ; 3.016      ;
; -1.716 ; datapath:dp|M[0]           ; datapath:dp|A[6] ; clk          ; clk         ; 1.000        ; 0.301      ; 3.012      ;
; -1.712 ; datapath:dp|A[0]           ; datapath:dp|A[8] ; clk          ; clk         ; 1.000        ; -0.080     ; 2.627      ;
; -1.706 ; datapath:dp|M[0]           ; datapath:dp|A[7] ; clk          ; clk         ; 1.000        ; 0.301      ; 3.002      ;
; -1.705 ; datapath:dp|M[2]           ; datapath:dp|A[8] ; clk          ; clk         ; 1.000        ; 0.301      ; 3.001      ;
; -1.704 ; datapath:dp|M[0]           ; datapath:dp|A[5] ; clk          ; clk         ; 1.000        ; 0.301      ; 3.000      ;
; -1.694 ; datapath:dp|M[0]           ; datapath:dp|A[9] ; clk          ; clk         ; 1.000        ; 0.275      ; 2.964      ;
; -1.675 ; datapath:dp|M[3]           ; datapath:dp|A[8] ; clk          ; clk         ; 1.000        ; 0.301      ; 2.971      ;
; -1.656 ; datapath:dp|M[0]           ; datapath:dp|A[2] ; clk          ; clk         ; 1.000        ; 0.301      ; 2.952      ;
; -1.652 ; controller:ctrl|state.CALC ; datapath:dp|A[0] ; clk          ; clk         ; 1.000        ; 0.300      ; 2.947      ;
; -1.640 ; datapath:dp|A[1]           ; datapath:dp|A[8] ; clk          ; clk         ; 1.000        ; -0.080     ; 2.555      ;
; -1.628 ; datapath:dp|Q[0]           ; datapath:dp|A[0] ; clk          ; clk         ; 1.000        ; 0.300      ; 2.923      ;
; -1.615 ; datapath:dp|M[1]           ; datapath:dp|A[6] ; clk          ; clk         ; 1.000        ; 0.301      ; 2.911      ;
; -1.597 ; datapath:dp|M[0]           ; datapath:dp|A[4] ; clk          ; clk         ; 1.000        ; 0.301      ; 2.893      ;
; -1.596 ; datapath:dp|A[2]           ; datapath:dp|A[8] ; clk          ; clk         ; 1.000        ; -0.080     ; 2.511      ;
; -1.594 ; datapath:dp|Q[1]           ; datapath:dp|A[0] ; clk          ; clk         ; 1.000        ; 0.300      ; 2.889      ;
; -1.575 ; datapath:dp|M[4]           ; datapath:dp|A[8] ; clk          ; clk         ; 1.000        ; 0.301      ; 2.871      ;
; -1.561 ; datapath:dp|M[5]           ; datapath:dp|A[7] ; clk          ; clk         ; 1.000        ; 0.301      ; 2.857      ;
; -1.561 ; datapath:dp|M[6]           ; datapath:dp|A[7] ; clk          ; clk         ; 1.000        ; 0.301      ; 2.857      ;
; -1.553 ; datapath:dp|A[0]           ; datapath:dp|A[7] ; clk          ; clk         ; 1.000        ; -0.080     ; 2.468      ;
; -1.549 ; datapath:dp|A[0]           ; datapath:dp|A[5] ; clk          ; clk         ; 1.000        ; -0.080     ; 2.464      ;
; -1.547 ; datapath:dp|M[5]           ; datapath:dp|A[9] ; clk          ; clk         ; 1.000        ; 0.275      ; 2.817      ;
; -1.547 ; datapath:dp|M[6]           ; datapath:dp|A[9] ; clk          ; clk         ; 1.000        ; 0.275      ; 2.817      ;
; -1.539 ; datapath:dp|A[0]           ; datapath:dp|A[9] ; clk          ; clk         ; 1.000        ; -0.106     ; 2.428      ;
; -1.516 ; datapath:dp|M[3]           ; datapath:dp|A[7] ; clk          ; clk         ; 1.000        ; 0.301      ; 2.812      ;
; -1.512 ; datapath:dp|M[3]           ; datapath:dp|A[5] ; clk          ; clk         ; 1.000        ; 0.301      ; 2.808      ;
; -1.503 ; datapath:dp|Q_minus_1      ; datapath:dp|A[0] ; clk          ; clk         ; 1.000        ; 0.300      ; 2.798      ;
; -1.502 ; datapath:dp|M[3]           ; datapath:dp|A[9] ; clk          ; clk         ; 1.000        ; 0.275      ; 2.772      ;
; -1.496 ; datapath:dp|A[3]           ; datapath:dp|A[8] ; clk          ; clk         ; 1.000        ; -0.080     ; 2.411      ;
; -1.495 ; datapath:dp|M[1]           ; datapath:dp|A[4] ; clk          ; clk         ; 1.000        ; 0.301      ; 2.791      ;
; -1.486 ; datapath:dp|M[1]           ; datapath:dp|A[2] ; clk          ; clk         ; 1.000        ; 0.301      ; 2.782      ;
; -1.485 ; datapath:dp|A[4]           ; datapath:dp|A[8] ; clk          ; clk         ; 1.000        ; -0.080     ; 2.400      ;
; -1.484 ; datapath:dp|M[1]           ; datapath:dp|A[3] ; clk          ; clk         ; 1.000        ; 0.301      ; 2.780      ;
; -1.451 ; datapath:dp|M[0]           ; datapath:dp|A[3] ; clk          ; clk         ; 1.000        ; 0.301      ; 2.747      ;
; -1.440 ; datapath:dp|M[7]           ; datapath:dp|A[8] ; clk          ; clk         ; 1.000        ; 0.301      ; 2.736      ;
; -1.437 ; datapath:dp|A[2]           ; datapath:dp|A[7] ; clk          ; clk         ; 1.000        ; -0.080     ; 2.352      ;
; -1.433 ; datapath:dp|A[2]           ; datapath:dp|A[5] ; clk          ; clk         ; 1.000        ; -0.080     ; 2.348      ;
; -1.433 ; datapath:dp|A[0]           ; datapath:dp|A[6] ; clk          ; clk         ; 1.000        ; -0.080     ; 2.348      ;
; -1.423 ; datapath:dp|A[2]           ; datapath:dp|A[9] ; clk          ; clk         ; 1.000        ; -0.106     ; 2.312      ;
; -1.421 ; datapath:dp|M[2]           ; datapath:dp|A[7] ; clk          ; clk         ; 1.000        ; 0.301      ; 2.717      ;
; -1.417 ; datapath:dp|M[2]           ; datapath:dp|A[5] ; clk          ; clk         ; 1.000        ; 0.301      ; 2.713      ;
; -1.414 ; datapath:dp|M[2]           ; datapath:dp|A[6] ; clk          ; clk         ; 1.000        ; 0.301      ; 2.710      ;
; -1.407 ; datapath:dp|M[2]           ; datapath:dp|A[9] ; clk          ; clk         ; 1.000        ; 0.275      ; 2.677      ;
; -1.396 ; datapath:dp|M[3]           ; datapath:dp|A[6] ; clk          ; clk         ; 1.000        ; 0.301      ; 2.692      ;
; -1.381 ; datapath:dp|A[5]           ; datapath:dp|A[8] ; clk          ; clk         ; 1.000        ; -0.080     ; 2.296      ;
; -1.367 ; datapath:dp|A[6]           ; datapath:dp|A[8] ; clk          ; clk         ; 1.000        ; -0.080     ; 2.282      ;
; -1.362 ; datapath:dp|A[0]           ; datapath:dp|A[2] ; clk          ; clk         ; 1.000        ; -0.080     ; 2.277      ;
; -1.359 ; datapath:dp|A[1]           ; datapath:dp|A[7] ; clk          ; clk         ; 1.000        ; -0.080     ; 2.274      ;
; -1.355 ; datapath:dp|A[1]           ; datapath:dp|A[5] ; clk          ; clk         ; 1.000        ; -0.080     ; 2.270      ;
; -1.349 ; datapath:dp|A[1]           ; datapath:dp|A[6] ; clk          ; clk         ; 1.000        ; -0.080     ; 2.264      ;
; -1.347 ; datapath:dp|A[0]           ; datapath:dp|A[1] ; clk          ; clk         ; 1.000        ; -0.080     ; 2.262      ;
; -1.345 ; datapath:dp|A[1]           ; datapath:dp|A[9] ; clk          ; clk         ; 1.000        ; -0.106     ; 2.234      ;
; -1.326 ; datapath:dp|A[4]           ; datapath:dp|A[7] ; clk          ; clk         ; 1.000        ; -0.080     ; 2.241      ;
; -1.322 ; datapath:dp|A[4]           ; datapath:dp|A[5] ; clk          ; clk         ; 1.000        ; -0.080     ; 2.237      ;
; -1.317 ; datapath:dp|A[2]           ; datapath:dp|A[6] ; clk          ; clk         ; 1.000        ; -0.080     ; 2.232      ;
; -1.313 ; datapath:dp|A[0]           ; datapath:dp|A[4] ; clk          ; clk         ; 1.000        ; -0.080     ; 2.228      ;
; -1.312 ; datapath:dp|A[4]           ; datapath:dp|A[9] ; clk          ; clk         ; 1.000        ; -0.106     ; 2.201      ;
; -1.302 ; datapath:dp|A[0]           ; datapath:dp|A[3] ; clk          ; clk         ; 1.000        ; -0.080     ; 2.217      ;
+--------+----------------------------+------------------+--------------+-------------+--------------+------------+------------+


+-----------------------------------------------------------------------------------------------------------------------------------------+
; Slow 1200mV 85C Model Hold: 'clk'                                                                                                       ;
+-------+-----------------------------+-----------------------------+--------------+-------------+--------------+------------+------------+
; Slack ; From Node                   ; To Node                     ; Launch Clock ; Latch Clock ; Relationship ; Clock Skew ; Data Delay ;
+-------+-----------------------------+-----------------------------+--------------+-------------+--------------+------------+------------+
; 0.341 ; datapath:dp|A[9]            ; datapath:dp|A[9]            ; clk          ; clk         ; 0.000        ; 0.079      ; 0.577      ;
; 0.355 ; controller:ctrl|count[1]    ; controller:ctrl|count[1]    ; clk          ; clk         ; 0.000        ; 0.065      ; 0.577      ;
; 0.355 ; controller:ctrl|count[2]    ; controller:ctrl|count[2]    ; clk          ; clk         ; 0.000        ; 0.065      ; 0.577      ;
; 0.355 ; controller:ctrl|state.DONE  ; controller:ctrl|state.DONE  ; clk          ; clk         ; 0.000        ; 0.065      ; 0.577      ;
; 0.355 ; controller:ctrl|state.IDLE  ; controller:ctrl|state.IDLE  ; clk          ; clk         ; 0.000        ; 0.065      ; 0.577      ;
; 0.358 ; controller:ctrl|count[0]    ; controller:ctrl|count[0]    ; clk          ; clk         ; 0.000        ; 0.065      ; 0.580      ;
; 0.374 ; controller:ctrl|count[1]    ; controller:ctrl|count[2]    ; clk          ; clk         ; 0.000        ; 0.065      ; 0.596      ;
; 0.389 ; datapath:dp|Q[4]            ; datapath:dp|Q[2]            ; clk          ; clk         ; 0.000        ; 0.065      ; 0.611      ;
; 0.391 ; datapath:dp|Q[6]            ; datapath:dp|Q[4]            ; clk          ; clk         ; 0.000        ; 0.065      ; 0.613      ;
; 0.394 ; controller:ctrl|state.DONE  ; controller:ctrl|state.IDLE  ; clk          ; clk         ; 0.000        ; 0.065      ; 0.616      ;
; 0.406 ; controller:ctrl|state.IDLE  ; controller:ctrl|count[1]    ; clk          ; clk         ; 0.000        ; 0.065      ; 0.628      ;
; 0.409 ; controller:ctrl|state.IDLE  ; controller:ctrl|count[0]    ; clk          ; clk         ; 0.000        ; 0.065      ; 0.631      ;
; 0.431 ; controller:ctrl|state.CALC  ; datapath:dp|A[9]            ; clk          ; clk         ; 0.000        ; 0.418      ; 1.006      ;
; 0.489 ; controller:ctrl|state.CALC  ; datapath:dp|A[7]            ; clk          ; clk         ; 0.000        ; 0.445      ; 1.091      ;
; 0.490 ; controller:ctrl|state.CALC  ; datapath:dp|A[8]            ; clk          ; clk         ; 0.000        ; 0.445      ; 1.092      ;
; 0.491 ; controller:ctrl|state.CALC  ; datapath:dp|A[3]            ; clk          ; clk         ; 0.000        ; 0.445      ; 1.093      ;
; 0.491 ; controller:ctrl|state.CALC  ; datapath:dp|A[4]            ; clk          ; clk         ; 0.000        ; 0.445      ; 1.093      ;
; 0.494 ; controller:ctrl|state.CALC  ; datapath:dp|A[2]            ; clk          ; clk         ; 0.000        ; 0.445      ; 1.096      ;
; 0.497 ; controller:ctrl|state.CALC  ; datapath:dp|A[6]            ; clk          ; clk         ; 0.000        ; 0.445      ; 1.099      ;
; 0.499 ; datapath:dp|Q[7]            ; datapath:dp|Q[5]            ; clk          ; clk         ; 0.000        ; 0.065      ; 0.721      ;
; 0.511 ; controller:ctrl|state.CHECK ; controller:ctrl|state.CALC  ; clk          ; clk         ; 0.000        ; 0.065      ; 0.733      ;
; 0.571 ; controller:ctrl|count[0]    ; controller:ctrl|count[1]    ; clk          ; clk         ; 0.000        ; 0.065      ; 0.793      ;
; 0.571 ; datapath:dp|A[5]            ; datapath:dp|A[3]            ; clk          ; clk         ; 0.000        ; 0.080      ; 0.808      ;
; 0.571 ; datapath:dp|A[4]            ; datapath:dp|A[2]            ; clk          ; clk         ; 0.000        ; 0.080      ; 0.808      ;
; 0.573 ; datapath:dp|A[8]            ; datapath:dp|A[6]            ; clk          ; clk         ; 0.000        ; 0.080      ; 0.810      ;
; 0.575 ; datapath:dp|Q[5]            ; datapath:dp|Q[3]            ; clk          ; clk         ; 0.000        ; 0.065      ; 0.797      ;
; 0.575 ; datapath:dp|Q[3]            ; datapath:dp|Q[1]            ; clk          ; clk         ; 0.000        ; 0.065      ; 0.797      ;
; 0.584 ; controller:ctrl|count[0]    ; controller:ctrl|count[2]    ; clk          ; clk         ; 0.000        ; 0.065      ; 0.806      ;
; 0.591 ; datapath:dp|A[6]            ; datapath:dp|A[4]            ; clk          ; clk         ; 0.000        ; 0.080      ; 0.828      ;
; 0.598 ; controller:ctrl|state.IDLE  ; datapath:dp|Q[3]            ; clk          ; clk         ; 0.000        ; 0.065      ; 0.820      ;
; 0.602 ; controller:ctrl|state.IDLE  ; datapath:dp|Q[1]            ; clk          ; clk         ; 0.000        ; 0.065      ; 0.824      ;
; 0.603 ; controller:ctrl|state.IDLE  ; datapath:dp|Q[5]            ; clk          ; clk         ; 0.000        ; 0.065      ; 0.825      ;
; 0.604 ; datapath:dp|Q[0]            ; controller:ctrl|state.CALC  ; clk          ; clk         ; 0.000        ; 0.065      ; 0.826      ;
; 0.610 ; datapath:dp|A[3]            ; datapath:dp|A[1]            ; clk          ; clk         ; 0.000        ; 0.080      ; 0.847      ;
; 0.612 ; datapath:dp|A[2]            ; datapath:dp|A[0]            ; clk          ; clk         ; 0.000        ; 0.080      ; 0.849      ;
; 0.629 ; datapath:dp|A[7]            ; datapath:dp|A[5]            ; clk          ; clk         ; 0.000        ; 0.080      ; 0.866      ;
; 0.646 ; controller:ctrl|state.SHIFT ; controller:ctrl|state.CHECK ; clk          ; clk         ; 0.000        ; 0.065      ; 0.868      ;
; 0.688 ; controller:ctrl|state.SHIFT ; datapath:dp|Q_minus_1       ; clk          ; clk         ; 0.000        ; 0.065      ; 0.910      ;
; 0.699 ; datapath:dp|Q[2]            ; datapath:dp|Q[0]            ; clk          ; clk         ; 0.000        ; 0.065      ; 0.921      ;
; 0.732 ; datapath:dp|M[7]            ; datapath:dp|A[9]            ; clk          ; clk         ; 0.000        ; 0.418      ; 1.307      ;
; 0.747 ; controller:ctrl|state.CALC  ; controller:ctrl|state.SHIFT ; clk          ; clk         ; 0.000        ; 0.065      ; 0.969      ;
; 0.757 ; controller:ctrl|state.IDLE  ; datapath:dp|A[5]            ; clk          ; clk         ; 0.000        ; 0.445      ; 1.359      ;
; 0.759 ; controller:ctrl|state.IDLE  ; datapath:dp|A[1]            ; clk          ; clk         ; 0.000        ; 0.445      ; 1.361      ;
; 0.759 ; controller:ctrl|state.IDLE  ; datapath:dp|A[0]            ; clk          ; clk         ; 0.000        ; 0.445      ; 1.361      ;
; 0.763 ; datapath:dp|Q[1]            ; controller:ctrl|state.CALC  ; clk          ; clk         ; 0.000        ; 0.065      ; 0.985      ;
; 0.780 ; controller:ctrl|state.IDLE  ; datapath:dp|Q[4]            ; clk          ; clk         ; 0.000        ; 0.065      ; 1.002      ;
; 0.784 ; controller:ctrl|state.IDLE  ; datapath:dp|Q_minus_1       ; clk          ; clk         ; 0.000        ; 0.065      ; 1.006      ;
; 0.785 ; controller:ctrl|state.IDLE  ; datapath:dp|Q[2]            ; clk          ; clk         ; 0.000        ; 0.065      ; 1.007      ;
; 0.786 ; controller:ctrl|state.IDLE  ; datapath:dp|Q[7]            ; clk          ; clk         ; 0.000        ; 0.065      ; 1.008      ;
; 0.793 ; controller:ctrl|state.IDLE  ; datapath:dp|Q[0]            ; clk          ; clk         ; 0.000        ; 0.065      ; 1.015      ;
; 0.827 ; controller:ctrl|state.IDLE  ; datapath:dp|Q[6]            ; clk          ; clk         ; 0.000        ; 0.065      ; 1.049      ;
; 0.828 ; datapath:dp|Q_minus_1       ; controller:ctrl|state.CALC  ; clk          ; clk         ; 0.000        ; 0.065      ; 1.050      ;
; 0.846 ; controller:ctrl|count[1]    ; controller:ctrl|state.CHECK ; clk          ; clk         ; 0.000        ; 0.065      ; 1.068      ;
; 0.873 ; controller:ctrl|count[1]    ; controller:ctrl|state.DONE  ; clk          ; clk         ; 0.000        ; 0.065      ; 1.095      ;
; 0.874 ; datapath:dp|A[9]            ; datapath:dp|A[7]            ; clk          ; clk         ; 0.000        ; 0.106      ; 1.137      ;
; 0.874 ; datapath:dp|A[9]            ; datapath:dp|A[8]            ; clk          ; clk         ; 0.000        ; 0.106      ; 1.137      ;
; 0.924 ; controller:ctrl|state.DONE  ; controller:ctrl|state.CHECK ; clk          ; clk         ; 0.000        ; 0.065      ; 1.146      ;
; 0.943 ; controller:ctrl|state.SHIFT ; controller:ctrl|state.DONE  ; clk          ; clk         ; 0.000        ; 0.065      ; 1.165      ;
; 0.945 ; controller:ctrl|state.IDLE  ; controller:ctrl|count[2]    ; clk          ; clk         ; 0.000        ; 0.065      ; 1.167      ;
; 0.961 ; controller:ctrl|state.IDLE  ; controller:ctrl|state.CHECK ; clk          ; clk         ; 0.000        ; 0.065      ; 1.183      ;
; 0.962 ; controller:ctrl|count[0]    ; controller:ctrl|state.CHECK ; clk          ; clk         ; 0.000        ; 0.065      ; 1.184      ;
; 0.965 ; controller:ctrl|state.IDLE  ; datapath:dp|A[6]            ; clk          ; clk         ; 0.000        ; 0.445      ; 1.567      ;
; 0.967 ; controller:ctrl|state.IDLE  ; datapath:dp|A[2]            ; clk          ; clk         ; 0.000        ; 0.445      ; 1.569      ;
; 0.969 ; controller:ctrl|state.IDLE  ; datapath:dp|A[8]            ; clk          ; clk         ; 0.000        ; 0.445      ; 1.571      ;
; 0.969 ; controller:ctrl|state.IDLE  ; datapath:dp|A[3]            ; clk          ; clk         ; 0.000        ; 0.445      ; 1.571      ;
; 0.969 ; controller:ctrl|state.IDLE  ; datapath:dp|A[4]            ; clk          ; clk         ; 0.000        ; 0.445      ; 1.571      ;
; 0.970 ; controller:ctrl|state.IDLE  ; datapath:dp|A[7]            ; clk          ; clk         ; 0.000        ; 0.445      ; 1.572      ;
; 0.988 ; datapath:dp|M[0]            ; datapath:dp|A[0]            ; clk          ; clk         ; 0.000        ; 0.445      ; 1.590      ;
; 0.989 ; controller:ctrl|count[0]    ; controller:ctrl|state.DONE  ; clk          ; clk         ; 0.000        ; 0.065      ; 1.211      ;
; 1.007 ; datapath:dp|M[3]            ; datapath:dp|A[3]            ; clk          ; clk         ; 0.000        ; 0.445      ; 1.609      ;
; 1.023 ; datapath:dp|M[6]            ; datapath:dp|A[7]            ; clk          ; clk         ; 0.000        ; 0.445      ; 1.625      ;
; 1.043 ; datapath:dp|M[4]            ; datapath:dp|A[4]            ; clk          ; clk         ; 0.000        ; 0.445      ; 1.645      ;
; 1.055 ; datapath:dp|Q[1]            ; datapath:dp|Q_minus_1       ; clk          ; clk         ; 0.000        ; 0.065      ; 1.277      ;
; 1.066 ; controller:ctrl|count[2]    ; controller:ctrl|state.CHECK ; clk          ; clk         ; 0.000        ; 0.065      ; 1.288      ;
; 1.104 ; controller:ctrl|count[2]    ; controller:ctrl|state.DONE  ; clk          ; clk         ; 0.000        ; 0.065      ; 1.326      ;
; 1.105 ; datapath:dp|M[5]            ; datapath:dp|A[5]            ; clk          ; clk         ; 0.000        ; 0.445      ; 1.707      ;
; 1.109 ; datapath:dp|A[1]            ; datapath:dp|Q[7]            ; clk          ; clk         ; 0.000        ; -0.300     ; 0.966      ;
; 1.112 ; datapath:dp|A[3]            ; datapath:dp|A[3]            ; clk          ; clk         ; 0.000        ; 0.080      ; 1.349      ;
; 1.115 ; datapath:dp|Q_minus_1       ; datapath:dp|Q_minus_1       ; clk          ; clk         ; 0.000        ; 0.065      ; 1.337      ;
; 1.133 ; controller:ctrl|state.CALC  ; datapath:dp|A[0]            ; clk          ; clk         ; 0.000        ; 0.445      ; 1.735      ;
; 1.134 ; controller:ctrl|state.CALC  ; datapath:dp|A[1]            ; clk          ; clk         ; 0.000        ; 0.445      ; 1.736      ;
; 1.135 ; controller:ctrl|state.CALC  ; datapath:dp|A[5]            ; clk          ; clk         ; 0.000        ; 0.445      ; 1.737      ;
; 1.136 ; datapath:dp|A[7]            ; datapath:dp|A[7]            ; clk          ; clk         ; 0.000        ; 0.080      ; 1.373      ;
; 1.161 ; datapath:dp|A[4]            ; datapath:dp|A[4]            ; clk          ; clk         ; 0.000        ; 0.080      ; 1.398      ;
; 1.169 ; datapath:dp|A[6]            ; datapath:dp|A[6]            ; clk          ; clk         ; 0.000        ; 0.080      ; 1.406      ;
; 1.177 ; datapath:dp|M[2]            ; datapath:dp|A[2]            ; clk          ; clk         ; 0.000        ; 0.445      ; 1.779      ;
; 1.188 ; datapath:dp|M[6]            ; datapath:dp|A[9]            ; clk          ; clk         ; 0.000        ; 0.418      ; 1.763      ;
; 1.220 ; datapath:dp|M[7]            ; datapath:dp|A[8]            ; clk          ; clk         ; 0.000        ; 0.445      ; 1.822      ;
; 1.222 ; datapath:dp|A[5]            ; datapath:dp|A[5]            ; clk          ; clk         ; 0.000        ; 0.080      ; 1.459      ;
; 1.231 ; datapath:dp|A[0]            ; datapath:dp|Q[6]            ; clk          ; clk         ; 0.000        ; -0.300     ; 1.088      ;
; 1.243 ; datapath:dp|M[2]            ; datapath:dp|A[3]            ; clk          ; clk         ; 0.000        ; 0.445      ; 1.845      ;
; 1.245 ; controller:ctrl|state.CALC  ; datapath:dp|Q_minus_1       ; clk          ; clk         ; 0.000        ; 0.065      ; 1.467      ;
; 1.246 ; datapath:dp|M[7]            ; datapath:dp|A[7]            ; clk          ; clk         ; 0.000        ; 0.445      ; 1.848      ;
; 1.253 ; datapath:dp|A[0]            ; datapath:dp|A[0]            ; clk          ; clk         ; 0.000        ; 0.080      ; 1.490      ;
; 1.260 ; datapath:dp|M[0]            ; datapath:dp|A[3]            ; clk          ; clk         ; 0.000        ; 0.445      ; 1.862      ;
; 1.273 ; datapath:dp|A[1]            ; datapath:dp|A[1]            ; clk          ; clk         ; 0.000        ; 0.080      ; 1.510      ;
; 1.279 ; datapath:dp|M[3]            ; datapath:dp|A[4]            ; clk          ; clk         ; 0.000        ; 0.445      ; 1.881      ;
; 1.280 ; datapath:dp|M[5]            ; datapath:dp|A[6]            ; clk          ; clk         ; 0.000        ; 0.445      ; 1.882      ;
; 1.282 ; datapath:dp|M[0]            ; datapath:dp|A[1]            ; clk          ; clk         ; 0.000        ; 0.445      ; 1.884      ;
; 1.290 ; controller:ctrl|state.IDLE  ; datapath:dp|A[9]            ; clk          ; clk         ; 0.000        ; 0.418      ; 1.865      ;
+-------+-----------------------------+-----------------------------+--------------+-------------+--------------+------------+------------+


+-------------------------------------------------------------------------------------------------------------+
; Slow 1200mV 85C Model Minimum Pulse Width: 'clk'                                                            ;
+--------+--------------+----------------+-----------------+-------+------------+-----------------------------+
; Slack  ; Actual Width ; Required Width ; Type            ; Clock ; Clock Edge ; Target                      ;
+--------+--------------+----------------+-----------------+-------+------------+-----------------------------+
; -3.000 ; 1.000        ; 4.000          ; Port Rate       ; clk   ; Rise       ; clk                         ;
; -1.000 ; 1.000        ; 2.000          ; Min Period      ; clk   ; Rise       ; controller:ctrl|count[0]    ;
; -1.000 ; 1.000        ; 2.000          ; Min Period      ; clk   ; Rise       ; controller:ctrl|count[1]    ;
; -1.000 ; 1.000        ; 2.000          ; Min Period      ; clk   ; Rise       ; controller:ctrl|count[2]    ;
; -1.000 ; 1.000        ; 2.000          ; Min Period      ; clk   ; Rise       ; controller:ctrl|state.CALC  ;
; -1.000 ; 1.000        ; 2.000          ; Min Period      ; clk   ; Rise       ; controller:ctrl|state.CHECK ;
; -1.000 ; 1.000        ; 2.000          ; Min Period      ; clk   ; Rise       ; controller:ctrl|state.DONE  ;
; -1.000 ; 1.000        ; 2.000          ; Min Period      ; clk   ; Rise       ; controller:ctrl|state.IDLE  ;
; -1.000 ; 1.000        ; 2.000          ; Min Period      ; clk   ; Rise       ; controller:ctrl|state.SHIFT ;
; -1.000 ; 1.000        ; 2.000          ; Min Period      ; clk   ; Rise       ; datapath:dp|A[0]            ;
; -1.000 ; 1.000        ; 2.000          ; Min Period      ; clk   ; Rise       ; datapath:dp|A[1]            ;
; -1.000 ; 1.000        ; 2.000          ; Min Period      ; clk   ; Rise       ; datapath:dp|A[2]            ;
; -1.000 ; 1.000        ; 2.000          ; Min Period      ; clk   ; Rise       ; datapath:dp|A[3]            ;
; -1.000 ; 1.000        ; 2.000          ; Min Period      ; clk   ; Rise       ; datapath:dp|A[4]            ;
; -1.000 ; 1.000        ; 2.000          ; Min Period      ; clk   ; Rise       ; datapath:dp|A[5]            ;
; -1.000 ; 1.000        ; 2.000          ; Min Period      ; clk   ; Rise       ; datapath:dp|A[6]            ;
; -1.000 ; 1.000        ; 2.000          ; Min Period      ; clk   ; Rise       ; datapath:dp|A[7]            ;
; -1.000 ; 1.000        ; 2.000          ; Min Period      ; clk   ; Rise       ; datapath:dp|A[8]            ;
; -1.000 ; 1.000        ; 2.000          ; Min Period      ; clk   ; Rise       ; datapath:dp|A[9]            ;
; -1.000 ; 1.000        ; 2.000          ; Min Period      ; clk   ; Rise       ; datapath:dp|M[0]            ;
; -1.000 ; 1.000        ; 2.000          ; Min Period      ; clk   ; Rise       ; datapath:dp|M[1]            ;
; -1.000 ; 1.000        ; 2.000          ; Min Period      ; clk   ; Rise       ; datapath:dp|M[2]            ;
; -1.000 ; 1.000        ; 2.000          ; Min Period      ; clk   ; Rise       ; datapath:dp|M[3]            ;
; -1.000 ; 1.000        ; 2.000          ; Min Period      ; clk   ; Rise       ; datapath:dp|M[4]            ;
; -1.000 ; 1.000        ; 2.000          ; Min Period      ; clk   ; Rise       ; datapath:dp|M[5]            ;
; -1.000 ; 1.000        ; 2.000          ; Min Period      ; clk   ; Rise       ; datapath:dp|M[6]            ;
; -1.000 ; 1.000        ; 2.000          ; Min Period      ; clk   ; Rise       ; datapath:dp|M[7]            ;
; -1.000 ; 1.000        ; 2.000          ; Min Period      ; clk   ; Rise       ; datapath:dp|Q[0]            ;
; -1.000 ; 1.000        ; 2.000          ; Min Period      ; clk   ; Rise       ; datapath:dp|Q[1]            ;
; -1.000 ; 1.000        ; 2.000          ; Min Period      ; clk   ; Rise       ; datapath:dp|Q[2]            ;
; -1.000 ; 1.000        ; 2.000          ; Min Period      ; clk   ; Rise       ; datapath:dp|Q[3]            ;
; -1.000 ; 1.000        ; 2.000          ; Min Period      ; clk   ; Rise       ; datapath:dp|Q[4]            ;
; -1.000 ; 1.000        ; 2.000          ; Min Period      ; clk   ; Rise       ; datapath:dp|Q[5]            ;
; -1.000 ; 1.000        ; 2.000          ; Min Period      ; clk   ; Rise       ; datapath:dp|Q[6]            ;
; -1.000 ; 1.000        ; 2.000          ; Min Period      ; clk   ; Rise       ; datapath:dp|Q[7]            ;
; -1.000 ; 1.000        ; 2.000          ; Min Period      ; clk   ; Rise       ; datapath:dp|Q_minus_1       ;
; 0.190  ; 0.374        ; 0.184          ; Low Pulse Width ; clk   ; Rise       ; datapath:dp|A[0]            ;
; 0.190  ; 0.374        ; 0.184          ; Low Pulse Width ; clk   ; Rise       ; datapath:dp|A[1]            ;
; 0.190  ; 0.374        ; 0.184          ; Low Pulse Width ; clk   ; Rise       ; datapath:dp|A[2]            ;
; 0.190  ; 0.374        ; 0.184          ; Low Pulse Width ; clk   ; Rise       ; datapath:dp|A[3]            ;
; 0.190  ; 0.374        ; 0.184          ; Low Pulse Width ; clk   ; Rise       ; datapath:dp|A[4]            ;
; 0.190  ; 0.374        ; 0.184          ; Low Pulse Width ; clk   ; Rise       ; datapath:dp|A[5]            ;
; 0.190  ; 0.374        ; 0.184          ; Low Pulse Width ; clk   ; Rise       ; datapath:dp|A[6]            ;
; 0.190  ; 0.374        ; 0.184          ; Low Pulse Width ; clk   ; Rise       ; datapath:dp|A[7]            ;
; 0.190  ; 0.374        ; 0.184          ; Low Pulse Width ; clk   ; Rise       ; datapath:dp|A[8]            ;
; 0.199  ; 0.383        ; 0.184          ; Low Pulse Width ; clk   ; Rise       ; datapath:dp|A[9]            ;
; 0.214  ; 0.398        ; 0.184          ; Low Pulse Width ; clk   ; Rise       ; controller:ctrl|count[0]    ;
; 0.214  ; 0.398        ; 0.184          ; Low Pulse Width ; clk   ; Rise       ; controller:ctrl|count[1]    ;
; 0.214  ; 0.398        ; 0.184          ; Low Pulse Width ; clk   ; Rise       ; controller:ctrl|count[2]    ;
; 0.214  ; 0.398        ; 0.184          ; Low Pulse Width ; clk   ; Rise       ; controller:ctrl|state.CALC  ;
; 0.214  ; 0.398        ; 0.184          ; Low Pulse Width ; clk   ; Rise       ; controller:ctrl|state.CHECK ;
; 0.214  ; 0.398        ; 0.184          ; Low Pulse Width ; clk   ; Rise       ; controller:ctrl|state.DONE  ;
; 0.214  ; 0.398        ; 0.184          ; Low Pulse Width ; clk   ; Rise       ; controller:ctrl|state.IDLE  ;
; 0.214  ; 0.398        ; 0.184          ; Low Pulse Width ; clk   ; Rise       ; controller:ctrl|state.SHIFT ;
; 0.214  ; 0.398        ; 0.184          ; Low Pulse Width ; clk   ; Rise       ; datapath:dp|M[0]            ;
; 0.214  ; 0.398        ; 0.184          ; Low Pulse Width ; clk   ; Rise       ; datapath:dp|Q[0]            ;
; 0.214  ; 0.398        ; 0.184          ; Low Pulse Width ; clk   ; Rise       ; datapath:dp|Q[1]            ;
; 0.214  ; 0.398        ; 0.184          ; Low Pulse Width ; clk   ; Rise       ; datapath:dp|Q[2]            ;
; 0.214  ; 0.398        ; 0.184          ; Low Pulse Width ; clk   ; Rise       ; datapath:dp|Q[3]            ;
; 0.214  ; 0.398        ; 0.184          ; Low Pulse Width ; clk   ; Rise       ; datapath:dp|Q[4]            ;
; 0.214  ; 0.398        ; 0.184          ; Low Pulse Width ; clk   ; Rise       ; datapath:dp|Q[5]            ;
; 0.214  ; 0.398        ; 0.184          ; Low Pulse Width ; clk   ; Rise       ; datapath:dp|Q[6]            ;
; 0.214  ; 0.398        ; 0.184          ; Low Pulse Width ; clk   ; Rise       ; datapath:dp|Q[7]            ;
; 0.214  ; 0.398        ; 0.184          ; Low Pulse Width ; clk   ; Rise       ; datapath:dp|Q_minus_1       ;
; 0.215  ; 0.399        ; 0.184          ; Low Pulse Width ; clk   ; Rise       ; datapath:dp|M[1]            ;
; 0.215  ; 0.399        ; 0.184          ; Low Pulse Width ; clk   ; Rise       ; datapath:dp|M[2]            ;
; 0.215  ; 0.399        ; 0.184          ; Low Pulse Width ; clk   ; Rise       ; datapath:dp|M[3]            ;
; 0.215  ; 0.399        ; 0.184          ; Low Pulse Width ; clk   ; Rise       ; datapath:dp|M[4]            ;
; 0.215  ; 0.399        ; 0.184          ; Low Pulse Width ; clk   ; Rise       ; datapath:dp|M[5]            ;
; 0.215  ; 0.399        ; 0.184          ; Low Pulse Width ; clk   ; Rise       ; datapath:dp|M[6]            ;
; 0.215  ; 0.399        ; 0.184          ; Low Pulse Width ; clk   ; Rise       ; datapath:dp|M[7]            ;
; 0.326  ; 0.326        ; 0.000          ; Low Pulse Width ; clk   ; Rise       ; clk~input|o                 ;
; 0.337  ; 0.337        ; 0.000          ; Low Pulse Width ; clk   ; Rise       ; clk~inputclkctrl|inclk[0]   ;
; 0.337  ; 0.337        ; 0.000          ; Low Pulse Width ; clk   ; Rise       ; clk~inputclkctrl|outclk     ;
; 0.350  ; 0.350        ; 0.000          ; Low Pulse Width ; clk   ; Rise       ; dp|A[0]|clk                 ;
; 0.350  ; 0.350        ; 0.000          ; Low Pulse Width ; clk   ; Rise       ; dp|A[1]|clk                 ;
; 0.350  ; 0.350        ; 0.000          ; Low Pulse Width ; clk   ; Rise       ; dp|A[2]|clk                 ;
; 0.350  ; 0.350        ; 0.000          ; Low Pulse Width ; clk   ; Rise       ; dp|A[3]|clk                 ;
; 0.350  ; 0.350        ; 0.000          ; Low Pulse Width ; clk   ; Rise       ; dp|A[4]|clk                 ;
; 0.350  ; 0.350        ; 0.000          ; Low Pulse Width ; clk   ; Rise       ; dp|A[5]|clk                 ;
; 0.350  ; 0.350        ; 0.000          ; Low Pulse Width ; clk   ; Rise       ; dp|A[6]|clk                 ;
; 0.350  ; 0.350        ; 0.000          ; Low Pulse Width ; clk   ; Rise       ; dp|A[7]|clk                 ;
; 0.350  ; 0.350        ; 0.000          ; Low Pulse Width ; clk   ; Rise       ; dp|A[8]|clk                 ;
; 0.359  ; 0.359        ; 0.000          ; Low Pulse Width ; clk   ; Rise       ; dp|A[9]|clk                 ;
; 0.374  ; 0.374        ; 0.000          ; Low Pulse Width ; clk   ; Rise       ; ctrl|count[0]|clk           ;
; 0.374  ; 0.374        ; 0.000          ; Low Pulse Width ; clk   ; Rise       ; ctrl|count[1]|clk           ;
; 0.374  ; 0.374        ; 0.000          ; Low Pulse Width ; clk   ; Rise       ; ctrl|count[2]|clk           ;
; 0.374  ; 0.374        ; 0.000          ; Low Pulse Width ; clk   ; Rise       ; ctrl|state.CALC|clk         ;
; 0.374  ; 0.374        ; 0.000          ; Low Pulse Width ; clk   ; Rise       ; ctrl|state.CHECK|clk        ;
; 0.374  ; 0.374        ; 0.000          ; Low Pulse Width ; clk   ; Rise       ; ctrl|state.DONE|clk         ;
; 0.374  ; 0.374        ; 0.000          ; Low Pulse Width ; clk   ; Rise       ; ctrl|state.IDLE|clk         ;
; 0.374  ; 0.374        ; 0.000          ; Low Pulse Width ; clk   ; Rise       ; ctrl|state.SHIFT|clk        ;
; 0.374  ; 0.374        ; 0.000          ; Low Pulse Width ; clk   ; Rise       ; dp|M[0]|clk                 ;
; 0.374  ; 0.374        ; 0.000          ; Low Pulse Width ; clk   ; Rise       ; dp|Q[0]|clk                 ;
; 0.374  ; 0.374        ; 0.000          ; Low Pulse Width ; clk   ; Rise       ; dp|Q[1]|clk                 ;
; 0.374  ; 0.374        ; 0.000          ; Low Pulse Width ; clk   ; Rise       ; dp|Q[2]|clk                 ;
; 0.374  ; 0.374        ; 0.000          ; Low Pulse Width ; clk   ; Rise       ; dp|Q[3]|clk                 ;
; 0.374  ; 0.374        ; 0.000          ; Low Pulse Width ; clk   ; Rise       ; dp|Q[4]|clk                 ;
; 0.374  ; 0.374        ; 0.000          ; Low Pulse Width ; clk   ; Rise       ; dp|Q[5]|clk                 ;
; 0.374  ; 0.374        ; 0.000          ; Low Pulse Width ; clk   ; Rise       ; dp|Q[6]|clk                 ;
+--------+--------------+----------------+-----------------+-------+------------+-----------------------------+


+-------------------------------------------------------------------------+
; Setup Times                                                             ;
+-----------+------------+--------+--------+------------+-----------------+
; Data Port ; Clock Port ; Rise   ; Fall   ; Clock Edge ; Clock Reference ;
+-----------+------------+--------+--------+------------+-----------------+
; M_in[*]   ; clk        ; 2.632  ; 3.121  ; Rise       ; clk             ;
;  M_in[0]  ; clk        ; 2.269  ; 2.678  ; Rise       ; clk             ;
;  M_in[1]  ; clk        ; 2.197  ; 2.668  ; Rise       ; clk             ;
;  M_in[2]  ; clk        ; 2.632  ; 3.121  ; Rise       ; clk             ;
;  M_in[3]  ; clk        ; 1.661  ; 2.094  ; Rise       ; clk             ;
;  M_in[4]  ; clk        ; 2.360  ; 2.841  ; Rise       ; clk             ;
;  M_in[5]  ; clk        ; 2.583  ; 3.036  ; Rise       ; clk             ;
;  M_in[6]  ; clk        ; 2.386  ; 2.852  ; Rise       ; clk             ;
;  M_in[7]  ; clk        ; 2.557  ; 3.039  ; Rise       ; clk             ;
; Q_in[*]   ; clk        ; 2.367  ; 2.846  ; Rise       ; clk             ;
;  Q_in[0]  ; clk        ; -0.635 ; -0.418 ; Rise       ; clk             ;
;  Q_in[1]  ; clk        ; 2.087  ; 2.532  ; Rise       ; clk             ;
;  Q_in[2]  ; clk        ; 2.367  ; 2.846  ; Rise       ; clk             ;
;  Q_in[3]  ; clk        ; 2.201  ; 2.703  ; Rise       ; clk             ;
;  Q_in[4]  ; clk        ; 2.339  ; 2.796  ; Rise       ; clk             ;
;  Q_in[5]  ; clk        ; 2.137  ; 2.606  ; Rise       ; clk             ;
;  Q_in[6]  ; clk        ; 1.760  ; 2.187  ; Rise       ; clk             ;
;  Q_in[7]  ; clk        ; 2.136  ; 2.626  ; Rise       ; clk             ;
; start     ; clk        ; 0.572  ; 0.770  ; Rise       ; clk             ;
+-----------+------------+--------+--------+------------+-----------------+


+-------------------------------------------------------------------------+
; Hold Times                                                              ;
+-----------+------------+--------+--------+------------+-----------------+
; Data Port ; Clock Port ; Rise   ; Fall   ; Clock Edge ; Clock Reference ;
+-----------+------------+--------+--------+------------+-----------------+
; M_in[*]   ; clk        ; -1.284 ; -1.707 ; Rise       ; clk             ;
;  M_in[0]  ; clk        ; -1.868 ; -2.268 ; Rise       ; clk             ;
;  M_in[1]  ; clk        ; -1.791 ; -2.237 ; Rise       ; clk             ;
;  M_in[2]  ; clk        ; -2.221 ; -2.693 ; Rise       ; clk             ;
;  M_in[3]  ; clk        ; -1.284 ; -1.707 ; Rise       ; clk             ;
;  M_in[4]  ; clk        ; -1.958 ; -2.424 ; Rise       ; clk             ;
;  M_in[5]  ; clk        ; -2.174 ; -2.613 ; Rise       ; clk             ;
;  M_in[6]  ; clk        ; -1.980 ; -2.434 ; Rise       ; clk             ;
;  M_in[7]  ; clk        ; -2.149 ; -2.615 ; Rise       ; clk             ;
; Q_in[*]   ; clk        ; 0.928  ; 0.721  ; Rise       ; clk             ;
;  Q_in[0]  ; clk        ; 0.928  ; 0.721  ; Rise       ; clk             ;
;  Q_in[1]  ; clk        ; -1.680 ; -2.104 ; Rise       ; clk             ;
;  Q_in[2]  ; clk        ; -1.946 ; -2.405 ; Rise       ; clk             ;
;  Q_in[3]  ; clk        ; -1.789 ; -2.268 ; Rise       ; clk             ;
;  Q_in[4]  ; clk        ; -1.920 ; -2.357 ; Rise       ; clk             ;
;  Q_in[5]  ; clk        ; -1.717 ; -2.156 ; Rise       ; clk             ;
;  Q_in[6]  ; clk        ; -1.366 ; -1.773 ; Rise       ; clk             ;
;  Q_in[7]  ; clk        ; -1.725 ; -2.194 ; Rise       ; clk             ;
; start     ; clk        ; 0.857  ; 0.649  ; Rise       ; clk             ;
+-----------+------------+--------+--------+------------+-----------------+


+-------------------------------------------------------------------------+
; Clock to Output Times                                                   ;
+-------------+------------+-------+-------+------------+-----------------+
; Data Port   ; Clock Port ; Rise  ; Fall  ; Clock Edge ; Clock Reference ;
+-------------+------------+-------+-------+------------+-----------------+
; ready       ; clk        ; 5.995 ; 5.922 ; Rise       ; clk             ;
; result[*]   ; clk        ; 8.032 ; 8.014 ; Rise       ; clk             ;
;  result[0]  ; clk        ; 6.481 ; 6.465 ; Rise       ; clk             ;
;  result[1]  ; clk        ; 6.920 ; 6.881 ; Rise       ; clk             ;
;  result[2]  ; clk        ; 7.390 ; 7.353 ; Rise       ; clk             ;
;  result[3]  ; clk        ; 7.117 ; 7.108 ; Rise       ; clk             ;
;  result[4]  ; clk        ; 6.328 ; 6.221 ; Rise       ; clk             ;
;  result[5]  ; clk        ; 6.991 ; 7.016 ; Rise       ; clk             ;
;  result[6]  ; clk        ; 6.042 ; 5.951 ; Rise       ; clk             ;
;  result[7]  ; clk        ; 7.907 ; 7.868 ; Rise       ; clk             ;
;  result[8]  ; clk        ; 6.131 ; 6.051 ; Rise       ; clk             ;
;  result[9]  ; clk        ; 6.095 ; 6.017 ; Rise       ; clk             ;
;  result[10] ; clk        ; 6.410 ; 6.320 ; Rise       ; clk             ;
;  result[11] ; clk        ; 6.436 ; 6.344 ; Rise       ; clk             ;
;  result[12] ; clk        ; 7.400 ; 7.355 ; Rise       ; clk             ;
;  result[13] ; clk        ; 7.297 ; 7.278 ; Rise       ; clk             ;
;  result[14] ; clk        ; 6.332 ; 6.242 ; Rise       ; clk             ;
;  result[15] ; clk        ; 8.032 ; 8.014 ; Rise       ; clk             ;
+-------------+------------+-------+-------+------------+-----------------+


+-------------------------------------------------------------------------+
; Minimum Clock to Output Times                                           ;
+-------------+------------+-------+-------+------------+-----------------+
; Data Port   ; Clock Port ; Rise  ; Fall  ; Clock Edge ; Clock Reference ;
+-------------+------------+-------+-------+------------+-----------------+
; ready       ; clk        ; 5.803 ; 5.729 ; Rise       ; clk             ;
; result[*]   ; clk        ; 5.844 ; 5.753 ; Rise       ; clk             ;
;  result[0]  ; clk        ; 6.300 ; 6.284 ; Rise       ; clk             ;
;  result[1]  ; clk        ; 6.721 ; 6.682 ; Rise       ; clk             ;
;  result[2]  ; clk        ; 7.140 ; 7.102 ; Rise       ; clk             ;
;  result[3]  ; clk        ; 6.877 ; 6.864 ; Rise       ; clk             ;
;  result[4]  ; clk        ; 6.123 ; 6.017 ; Rise       ; clk             ;
;  result[5]  ; clk        ; 6.758 ; 6.779 ; Rise       ; clk             ;
;  result[6]  ; clk        ; 5.844 ; 5.753 ; Rise       ; clk             ;
;  result[7]  ; clk        ; 7.640 ; 7.598 ; Rise       ; clk             ;
;  result[8]  ; clk        ; 5.934 ; 5.854 ; Rise       ; clk             ;
;  result[9]  ; clk        ; 5.900 ; 5.821 ; Rise       ; clk             ;
;  result[10] ; clk        ; 6.198 ; 6.108 ; Rise       ; clk             ;
;  result[11] ; clk        ; 6.223 ; 6.131 ; Rise       ; clk             ;
;  result[12] ; clk        ; 7.145 ; 7.097 ; Rise       ; clk             ;
;  result[13] ; clk        ; 7.050 ; 7.028 ; Rise       ; clk             ;
;  result[14] ; clk        ; 6.128 ; 6.037 ; Rise       ; clk             ;
;  result[15] ; clk        ; 7.755 ; 7.734 ; Rise       ; clk             ;
+-------------+------------+-------+-------+------------+-----------------+


----------------------------------------------
; Slow 1200mV 85C Model Metastability Report ;
----------------------------------------------
No synchronizer chains to report.


+-----------------------------------------------------------------------------------------------------------+
; Slow 1200mV 0C Model Fmax Summary                                                                         ;
+------------+-----------------+------------+---------------------------------------------------------------+
; Fmax       ; Restricted Fmax ; Clock Name ; Note                                                          ;
+------------+-----------------+------------+---------------------------------------------------------------+
; 301.48 MHz ; 250.0 MHz       ; clk        ; limit due to minimum period restriction (max I/O toggle rate) ;
+------------+-----------------+------------+---------------------------------------------------------------+
This panel reports FMAX for every clock in the design, regardless of the user-specified clock periods.  FMAX is only computed for paths where the source and destination registers or ports are driven by the same clock.  Paths of different clocks, including generated clocks, are ignored.  For paths between a clock and its inversion, FMAX is computed as if the rising and falling edges are scaled along with FMAX, such that the duty cycle (in terms of a percentage) is maintained. Altera recommends that you always use clock constraints and other slack reports for sign-off analysis.


+------------------------------------+
; Slow 1200mV 0C Model Setup Summary ;
+-------+--------+-------------------+
; Clock ; Slack  ; End Point TNS     ;
+-------+--------+-------------------+
; clk   ; -2.317 ; -37.800           ;
+-------+--------+-------------------+


+-----------------------------------+
; Slow 1200mV 0C Model Hold Summary ;
+-------+-------+-------------------+
; Clock ; Slack ; End Point TNS     ;
+-------+-------+-------------------+
; clk   ; 0.297 ; 0.000             ;
+-------+-------+-------------------+


-----------------------------------------
; Slow 1200mV 0C Model Recovery Summary ;
-----------------------------------------
No paths to report.


----------------------------------------
; Slow 1200mV 0C Model Removal Summary ;
----------------------------------------
No paths to report.


+--------------------------------------------------+
; Slow 1200mV 0C Model Minimum Pulse Width Summary ;
+-------+--------+---------------------------------+
; Clock ; Slack  ; End Point TNS                   ;
+-------+--------+---------------------------------+
; clk   ; -3.000 ; -38.000                         ;
+-------+--------+---------------------------------+


+------------------------------------------------------------------------------------------------------------------------------+
; Slow 1200mV 0C Model Setup: 'clk'                                                                                            ;
+--------+----------------------------+------------------+--------------+-------------+--------------+------------+------------+
; Slack  ; From Node                  ; To Node          ; Launch Clock ; Latch Clock ; Relationship ; Clock Skew ; Data Delay ;
+--------+----------------------------+------------------+--------------+-------------+--------------+------------+------------+
; -2.317 ; datapath:dp|Q[0]           ; datapath:dp|A[8] ; clk          ; clk         ; 1.000        ; 0.278      ; 3.590      ;
; -2.308 ; controller:ctrl|state.CALC ; datapath:dp|A[8] ; clk          ; clk         ; 1.000        ; 0.278      ; 3.581      ;
; -2.188 ; datapath:dp|Q_minus_1      ; datapath:dp|A[8] ; clk          ; clk         ; 1.000        ; 0.278      ; 3.461      ;
; -2.185 ; controller:ctrl|state.CALC ; datapath:dp|A[7] ; clk          ; clk         ; 1.000        ; 0.278      ; 3.458      ;
; -2.176 ; datapath:dp|Q[0]           ; datapath:dp|A[7] ; clk          ; clk         ; 1.000        ; 0.278      ; 3.449      ;
; -2.170 ; controller:ctrl|state.CALC ; datapath:dp|A[5] ; clk          ; clk         ; 1.000        ; 0.278      ; 3.443      ;
; -2.161 ; datapath:dp|Q[0]           ; datapath:dp|A[5] ; clk          ; clk         ; 1.000        ; 0.278      ; 3.434      ;
; -2.156 ; controller:ctrl|state.CALC ; datapath:dp|A[9] ; clk          ; clk         ; 1.000        ; 0.253      ; 3.404      ;
; -2.147 ; datapath:dp|Q[0]           ; datapath:dp|A[9] ; clk          ; clk         ; 1.000        ; 0.253      ; 3.395      ;
; -2.101 ; datapath:dp|Q[1]           ; datapath:dp|A[8] ; clk          ; clk         ; 1.000        ; 0.278      ; 3.374      ;
; -2.055 ; datapath:dp|Q_minus_1      ; datapath:dp|A[7] ; clk          ; clk         ; 1.000        ; 0.278      ; 3.328      ;
; -2.052 ; datapath:dp|Q[0]           ; datapath:dp|A[6] ; clk          ; clk         ; 1.000        ; 0.278      ; 3.325      ;
; -2.046 ; controller:ctrl|state.CALC ; datapath:dp|A[6] ; clk          ; clk         ; 1.000        ; 0.278      ; 3.319      ;
; -2.040 ; datapath:dp|Q_minus_1      ; datapath:dp|A[5] ; clk          ; clk         ; 1.000        ; 0.278      ; 3.313      ;
; -2.026 ; datapath:dp|Q_minus_1      ; datapath:dp|A[9] ; clk          ; clk         ; 1.000        ; 0.253      ; 3.274      ;
; -1.966 ; controller:ctrl|state.CALC ; datapath:dp|A[3] ; clk          ; clk         ; 1.000        ; 0.278      ; 3.239      ;
; -1.960 ; datapath:dp|Q[1]           ; datapath:dp|A[7] ; clk          ; clk         ; 1.000        ; 0.278      ; 3.233      ;
; -1.957 ; datapath:dp|Q[0]           ; datapath:dp|A[3] ; clk          ; clk         ; 1.000        ; 0.278      ; 3.230      ;
; -1.949 ; datapath:dp|Q[0]           ; datapath:dp|A[4] ; clk          ; clk         ; 1.000        ; 0.278      ; 3.222      ;
; -1.945 ; datapath:dp|Q[1]           ; datapath:dp|A[5] ; clk          ; clk         ; 1.000        ; 0.278      ; 3.218      ;
; -1.942 ; controller:ctrl|state.CALC ; datapath:dp|A[4] ; clk          ; clk         ; 1.000        ; 0.278      ; 3.215      ;
; -1.931 ; datapath:dp|Q[1]           ; datapath:dp|A[9] ; clk          ; clk         ; 1.000        ; 0.253      ; 3.179      ;
; -1.923 ; datapath:dp|Q_minus_1      ; datapath:dp|A[6] ; clk          ; clk         ; 1.000        ; 0.278      ; 3.196      ;
; -1.849 ; controller:ctrl|state.CALC ; datapath:dp|A[2] ; clk          ; clk         ; 1.000        ; 0.278      ; 3.122      ;
; -1.839 ; controller:ctrl|state.CALC ; datapath:dp|A[1] ; clk          ; clk         ; 1.000        ; 0.278      ; 3.112      ;
; -1.836 ; datapath:dp|Q[1]           ; datapath:dp|A[6] ; clk          ; clk         ; 1.000        ; 0.278      ; 3.109      ;
; -1.836 ; datapath:dp|Q_minus_1      ; datapath:dp|A[3] ; clk          ; clk         ; 1.000        ; 0.278      ; 3.109      ;
; -1.831 ; datapath:dp|Q[0]           ; datapath:dp|A[2] ; clk          ; clk         ; 1.000        ; 0.278      ; 3.104      ;
; -1.821 ; datapath:dp|Q[0]           ; datapath:dp|A[1] ; clk          ; clk         ; 1.000        ; 0.278      ; 3.094      ;
; -1.820 ; datapath:dp|Q_minus_1      ; datapath:dp|A[4] ; clk          ; clk         ; 1.000        ; 0.278      ; 3.093      ;
; -1.741 ; datapath:dp|Q[1]           ; datapath:dp|A[3] ; clk          ; clk         ; 1.000        ; 0.278      ; 3.014      ;
; -1.733 ; datapath:dp|Q[1]           ; datapath:dp|A[4] ; clk          ; clk         ; 1.000        ; 0.278      ; 3.006      ;
; -1.712 ; datapath:dp|Q_minus_1      ; datapath:dp|A[2] ; clk          ; clk         ; 1.000        ; 0.278      ; 2.985      ;
; -1.702 ; datapath:dp|Q_minus_1      ; datapath:dp|A[1] ; clk          ; clk         ; 1.000        ; 0.278      ; 2.975      ;
; -1.683 ; datapath:dp|M[0]           ; datapath:dp|A[8] ; clk          ; clk         ; 1.000        ; 0.278      ; 2.956      ;
; -1.609 ; datapath:dp|Q[1]           ; datapath:dp|A[2] ; clk          ; clk         ; 1.000        ; 0.278      ; 2.882      ;
; -1.599 ; datapath:dp|Q[1]           ; datapath:dp|A[1] ; clk          ; clk         ; 1.000        ; 0.278      ; 2.872      ;
; -1.548 ; datapath:dp|M[1]           ; datapath:dp|A[8] ; clk          ; clk         ; 1.000        ; 0.278      ; 2.821      ;
; -1.428 ; datapath:dp|M[1]           ; datapath:dp|A[7] ; clk          ; clk         ; 1.000        ; 0.278      ; 2.701      ;
; -1.427 ; datapath:dp|M[2]           ; datapath:dp|A[8] ; clk          ; clk         ; 1.000        ; 0.278      ; 2.700      ;
; -1.418 ; datapath:dp|M[0]           ; datapath:dp|A[6] ; clk          ; clk         ; 1.000        ; 0.278      ; 2.691      ;
; -1.413 ; datapath:dp|M[1]           ; datapath:dp|A[5] ; clk          ; clk         ; 1.000        ; 0.278      ; 2.686      ;
; -1.402 ; datapath:dp|M[5]           ; datapath:dp|A[8] ; clk          ; clk         ; 1.000        ; 0.278      ; 2.675      ;
; -1.400 ; datapath:dp|M[6]           ; datapath:dp|A[8] ; clk          ; clk         ; 1.000        ; 0.278      ; 2.673      ;
; -1.399 ; datapath:dp|M[1]           ; datapath:dp|A[9] ; clk          ; clk         ; 1.000        ; 0.253      ; 2.647      ;
; -1.397 ; datapath:dp|A[0]           ; datapath:dp|A[8] ; clk          ; clk         ; 1.000        ; -0.071     ; 2.321      ;
; -1.382 ; datapath:dp|A[1]           ; datapath:dp|A[8] ; clk          ; clk         ; 1.000        ; -0.071     ; 2.306      ;
; -1.381 ; datapath:dp|M[0]           ; datapath:dp|A[7] ; clk          ; clk         ; 1.000        ; 0.278      ; 2.654      ;
; -1.381 ; datapath:dp|M[0]           ; datapath:dp|A[2] ; clk          ; clk         ; 1.000        ; 0.278      ; 2.654      ;
; -1.379 ; datapath:dp|M[0]           ; datapath:dp|A[5] ; clk          ; clk         ; 1.000        ; 0.278      ; 2.652      ;
; -1.365 ; controller:ctrl|state.CALC ; datapath:dp|A[0] ; clk          ; clk         ; 1.000        ; 0.278      ; 2.638      ;
; -1.363 ; datapath:dp|M[0]           ; datapath:dp|A[9] ; clk          ; clk         ; 1.000        ; 0.253      ; 2.611      ;
; -1.357 ; datapath:dp|M[3]           ; datapath:dp|A[8] ; clk          ; clk         ; 1.000        ; 0.278      ; 2.630      ;
; -1.347 ; datapath:dp|Q[0]           ; datapath:dp|A[0] ; clk          ; clk         ; 1.000        ; 0.278      ; 2.620      ;
; -1.334 ; datapath:dp|Q[1]           ; datapath:dp|A[0] ; clk          ; clk         ; 1.000        ; 0.278      ; 2.607      ;
; -1.317 ; datapath:dp|M[4]           ; datapath:dp|A[8] ; clk          ; clk         ; 1.000        ; 0.278      ; 2.590      ;
; -1.315 ; datapath:dp|M[0]           ; datapath:dp|A[4] ; clk          ; clk         ; 1.000        ; 0.278      ; 2.588      ;
; -1.298 ; datapath:dp|A[2]           ; datapath:dp|A[8] ; clk          ; clk         ; 1.000        ; -0.071     ; 2.222      ;
; -1.289 ; datapath:dp|M[1]           ; datapath:dp|A[6] ; clk          ; clk         ; 1.000        ; 0.278      ; 2.562      ;
; -1.282 ; datapath:dp|M[5]           ; datapath:dp|A[7] ; clk          ; clk         ; 1.000        ; 0.278      ; 2.555      ;
; -1.280 ; datapath:dp|M[6]           ; datapath:dp|A[7] ; clk          ; clk         ; 1.000        ; 0.278      ; 2.553      ;
; -1.277 ; datapath:dp|A[0]           ; datapath:dp|A[7] ; clk          ; clk         ; 1.000        ; -0.071     ; 2.201      ;
; -1.262 ; datapath:dp|A[0]           ; datapath:dp|A[5] ; clk          ; clk         ; 1.000        ; -0.071     ; 2.186      ;
; -1.256 ; datapath:dp|A[3]           ; datapath:dp|A[8] ; clk          ; clk         ; 1.000        ; -0.071     ; 2.180      ;
; -1.253 ; datapath:dp|M[5]           ; datapath:dp|A[9] ; clk          ; clk         ; 1.000        ; 0.253      ; 2.501      ;
; -1.251 ; datapath:dp|M[6]           ; datapath:dp|A[9] ; clk          ; clk         ; 1.000        ; 0.253      ; 2.499      ;
; -1.248 ; datapath:dp|A[0]           ; datapath:dp|A[9] ; clk          ; clk         ; 1.000        ; -0.096     ; 2.147      ;
; -1.247 ; datapath:dp|Q_minus_1      ; datapath:dp|A[0] ; clk          ; clk         ; 1.000        ; 0.278      ; 2.520      ;
; -1.237 ; datapath:dp|M[3]           ; datapath:dp|A[7] ; clk          ; clk         ; 1.000        ; 0.278      ; 2.510      ;
; -1.235 ; datapath:dp|M[1]           ; datapath:dp|A[2] ; clk          ; clk         ; 1.000        ; 0.278      ; 2.508      ;
; -1.222 ; datapath:dp|M[3]           ; datapath:dp|A[5] ; clk          ; clk         ; 1.000        ; 0.278      ; 2.495      ;
; -1.209 ; datapath:dp|M[1]           ; datapath:dp|A[3] ; clk          ; clk         ; 1.000        ; 0.278      ; 2.482      ;
; -1.208 ; datapath:dp|M[3]           ; datapath:dp|A[9] ; clk          ; clk         ; 1.000        ; 0.253      ; 2.456      ;
; -1.203 ; datapath:dp|A[4]           ; datapath:dp|A[8] ; clk          ; clk         ; 1.000        ; -0.071     ; 2.127      ;
; -1.200 ; datapath:dp|M[7]           ; datapath:dp|A[8] ; clk          ; clk         ; 1.000        ; 0.278      ; 2.473      ;
; -1.185 ; datapath:dp|M[1]           ; datapath:dp|A[4] ; clk          ; clk         ; 1.000        ; 0.278      ; 2.458      ;
; -1.178 ; datapath:dp|A[2]           ; datapath:dp|A[7] ; clk          ; clk         ; 1.000        ; -0.071     ; 2.102      ;
; -1.163 ; datapath:dp|A[2]           ; datapath:dp|A[5] ; clk          ; clk         ; 1.000        ; -0.071     ; 2.087      ;
; -1.162 ; datapath:dp|M[2]           ; datapath:dp|A[6] ; clk          ; clk         ; 1.000        ; 0.278      ; 2.435      ;
; -1.162 ; datapath:dp|M[2]           ; datapath:dp|A[7] ; clk          ; clk         ; 1.000        ; 0.278      ; 2.435      ;
; -1.162 ; datapath:dp|M[0]           ; datapath:dp|A[3] ; clk          ; clk         ; 1.000        ; 0.278      ; 2.435      ;
; -1.156 ; datapath:dp|A[5]           ; datapath:dp|A[8] ; clk          ; clk         ; 1.000        ; -0.071     ; 2.080      ;
; -1.149 ; datapath:dp|A[2]           ; datapath:dp|A[9] ; clk          ; clk         ; 1.000        ; -0.096     ; 2.048      ;
; -1.147 ; datapath:dp|M[2]           ; datapath:dp|A[5] ; clk          ; clk         ; 1.000        ; 0.278      ; 2.420      ;
; -1.138 ; datapath:dp|A[0]           ; datapath:dp|A[6] ; clk          ; clk         ; 1.000        ; -0.071     ; 2.062      ;
; -1.133 ; datapath:dp|M[2]           ; datapath:dp|A[9] ; clk          ; clk         ; 1.000        ; 0.253      ; 2.381      ;
; -1.117 ; datapath:dp|A[1]           ; datapath:dp|A[6] ; clk          ; clk         ; 1.000        ; -0.071     ; 2.041      ;
; -1.115 ; datapath:dp|A[1]           ; datapath:dp|A[7] ; clk          ; clk         ; 1.000        ; -0.071     ; 2.039      ;
; -1.102 ; datapath:dp|A[6]           ; datapath:dp|A[8] ; clk          ; clk         ; 1.000        ; -0.071     ; 2.026      ;
; -1.100 ; datapath:dp|A[1]           ; datapath:dp|A[5] ; clk          ; clk         ; 1.000        ; -0.071     ; 2.024      ;
; -1.098 ; datapath:dp|M[3]           ; datapath:dp|A[6] ; clk          ; clk         ; 1.000        ; 0.278      ; 2.371      ;
; -1.095 ; datapath:dp|A[0]           ; datapath:dp|A[2] ; clk          ; clk         ; 1.000        ; -0.071     ; 2.019      ;
; -1.086 ; datapath:dp|A[1]           ; datapath:dp|A[9] ; clk          ; clk         ; 1.000        ; -0.096     ; 1.985      ;
; -1.085 ; datapath:dp|A[0]           ; datapath:dp|A[1] ; clk          ; clk         ; 1.000        ; -0.071     ; 2.009      ;
; -1.083 ; datapath:dp|A[4]           ; datapath:dp|A[7] ; clk          ; clk         ; 1.000        ; -0.071     ; 2.007      ;
; -1.080 ; datapath:dp|A[1]           ; datapath:dp|A[2] ; clk          ; clk         ; 1.000        ; -0.071     ; 2.004      ;
; -1.068 ; datapath:dp|A[4]           ; datapath:dp|A[5] ; clk          ; clk         ; 1.000        ; -0.071     ; 1.992      ;
; -1.063 ; datapath:dp|A[7]           ; datapath:dp|A[8] ; clk          ; clk         ; 1.000        ; -0.071     ; 1.987      ;
; -1.059 ; datapath:dp|M[2]           ; datapath:dp|A[4] ; clk          ; clk         ; 1.000        ; 0.278      ; 2.332      ;
; -1.058 ; datapath:dp|A[0]           ; datapath:dp|A[3] ; clk          ; clk         ; 1.000        ; -0.071     ; 1.982      ;
+--------+----------------------------+------------------+--------------+-------------+--------------+------------+------------+


+-----------------------------------------------------------------------------------------------------------------------------------------+
; Slow 1200mV 0C Model Hold: 'clk'                                                                                                        ;
+-------+-----------------------------+-----------------------------+--------------+-------------+--------------+------------+------------+
; Slack ; From Node                   ; To Node                     ; Launch Clock ; Latch Clock ; Relationship ; Clock Skew ; Data Delay ;
+-------+-----------------------------+-----------------------------+--------------+-------------+--------------+------------+------------+
; 0.297 ; datapath:dp|A[9]            ; datapath:dp|A[9]            ; clk          ; clk         ; 0.000        ; 0.070      ; 0.511      ;
; 0.310 ; controller:ctrl|count[1]    ; controller:ctrl|count[1]    ; clk          ; clk         ; 0.000        ; 0.057      ; 0.511      ;
; 0.310 ; controller:ctrl|count[2]    ; controller:ctrl|count[2]    ; clk          ; clk         ; 0.000        ; 0.057      ; 0.511      ;
; 0.310 ; controller:ctrl|state.DONE  ; controller:ctrl|state.DONE  ; clk          ; clk         ; 0.000        ; 0.057      ; 0.511      ;
; 0.310 ; controller:ctrl|state.IDLE  ; controller:ctrl|state.IDLE  ; clk          ; clk         ; 0.000        ; 0.057      ; 0.511      ;
; 0.318 ; controller:ctrl|count[0]    ; controller:ctrl|count[0]    ; clk          ; clk         ; 0.000        ; 0.057      ; 0.519      ;
; 0.333 ; controller:ctrl|count[1]    ; controller:ctrl|count[2]    ; clk          ; clk         ; 0.000        ; 0.057      ; 0.534      ;
; 0.351 ; controller:ctrl|state.DONE  ; controller:ctrl|state.IDLE  ; clk          ; clk         ; 0.000        ; 0.057      ; 0.552      ;
; 0.352 ; datapath:dp|Q[4]            ; datapath:dp|Q[2]            ; clk          ; clk         ; 0.000        ; 0.057      ; 0.553      ;
; 0.355 ; datapath:dp|Q[6]            ; datapath:dp|Q[4]            ; clk          ; clk         ; 0.000        ; 0.057      ; 0.556      ;
; 0.370 ; controller:ctrl|state.IDLE  ; controller:ctrl|count[1]    ; clk          ; clk         ; 0.000        ; 0.057      ; 0.571      ;
; 0.372 ; controller:ctrl|state.IDLE  ; controller:ctrl|count[0]    ; clk          ; clk         ; 0.000        ; 0.057      ; 0.573      ;
; 0.395 ; controller:ctrl|state.CALC  ; datapath:dp|A[9]            ; clk          ; clk         ; 0.000        ; 0.380      ; 0.919      ;
; 0.445 ; controller:ctrl|state.CALC  ; datapath:dp|A[7]            ; clk          ; clk         ; 0.000        ; 0.406      ; 0.995      ;
; 0.446 ; controller:ctrl|state.CALC  ; datapath:dp|A[8]            ; clk          ; clk         ; 0.000        ; 0.406      ; 0.996      ;
; 0.447 ; controller:ctrl|state.CALC  ; datapath:dp|A[3]            ; clk          ; clk         ; 0.000        ; 0.406      ; 0.997      ;
; 0.447 ; controller:ctrl|state.CALC  ; datapath:dp|A[4]            ; clk          ; clk         ; 0.000        ; 0.406      ; 0.997      ;
; 0.450 ; controller:ctrl|state.CALC  ; datapath:dp|A[2]            ; clk          ; clk         ; 0.000        ; 0.406      ; 1.000      ;
; 0.452 ; controller:ctrl|state.CALC  ; datapath:dp|A[6]            ; clk          ; clk         ; 0.000        ; 0.406      ; 1.002      ;
; 0.452 ; datapath:dp|Q[7]            ; datapath:dp|Q[5]            ; clk          ; clk         ; 0.000        ; 0.057      ; 0.653      ;
; 0.473 ; controller:ctrl|state.CHECK ; controller:ctrl|state.CALC  ; clk          ; clk         ; 0.000        ; 0.056      ; 0.673      ;
; 0.516 ; controller:ctrl|count[0]    ; controller:ctrl|count[1]    ; clk          ; clk         ; 0.000        ; 0.057      ; 0.717      ;
; 0.517 ; datapath:dp|A[5]            ; datapath:dp|A[3]            ; clk          ; clk         ; 0.000        ; 0.071      ; 0.732      ;
; 0.518 ; datapath:dp|A[4]            ; datapath:dp|A[2]            ; clk          ; clk         ; 0.000        ; 0.071      ; 0.733      ;
; 0.519 ; datapath:dp|Q[3]            ; datapath:dp|Q[1]            ; clk          ; clk         ; 0.000        ; 0.057      ; 0.720      ;
; 0.520 ; datapath:dp|Q[5]            ; datapath:dp|Q[3]            ; clk          ; clk         ; 0.000        ; 0.057      ; 0.721      ;
; 0.520 ; datapath:dp|A[8]            ; datapath:dp|A[6]            ; clk          ; clk         ; 0.000        ; 0.071      ; 0.735      ;
; 0.530 ; controller:ctrl|count[0]    ; controller:ctrl|count[2]    ; clk          ; clk         ; 0.000        ; 0.057      ; 0.731      ;
; 0.536 ; datapath:dp|A[6]            ; datapath:dp|A[4]            ; clk          ; clk         ; 0.000        ; 0.071      ; 0.751      ;
; 0.548 ; datapath:dp|Q[0]            ; controller:ctrl|state.CALC  ; clk          ; clk         ; 0.000        ; 0.057      ; 0.749      ;
; 0.550 ; controller:ctrl|state.IDLE  ; datapath:dp|Q[3]            ; clk          ; clk         ; 0.000        ; 0.056      ; 0.750      ;
; 0.552 ; datapath:dp|A[3]            ; datapath:dp|A[1]            ; clk          ; clk         ; 0.000        ; 0.071      ; 0.767      ;
; 0.554 ; datapath:dp|A[2]            ; datapath:dp|A[0]            ; clk          ; clk         ; 0.000        ; 0.071      ; 0.769      ;
; 0.554 ; controller:ctrl|state.IDLE  ; datapath:dp|Q[1]            ; clk          ; clk         ; 0.000        ; 0.056      ; 0.754      ;
; 0.556 ; controller:ctrl|state.IDLE  ; datapath:dp|Q[5]            ; clk          ; clk         ; 0.000        ; 0.056      ; 0.756      ;
; 0.569 ; datapath:dp|A[7]            ; datapath:dp|A[5]            ; clk          ; clk         ; 0.000        ; 0.071      ; 0.784      ;
; 0.581 ; controller:ctrl|state.SHIFT ; controller:ctrl|state.CHECK ; clk          ; clk         ; 0.000        ; 0.058      ; 0.783      ;
; 0.613 ; controller:ctrl|state.SHIFT ; datapath:dp|Q_minus_1       ; clk          ; clk         ; 0.000        ; 0.057      ; 0.814      ;
; 0.636 ; datapath:dp|M[7]            ; datapath:dp|A[9]            ; clk          ; clk         ; 0.000        ; 0.380      ; 1.160      ;
; 0.643 ; datapath:dp|Q[2]            ; datapath:dp|Q[0]            ; clk          ; clk         ; 0.000        ; 0.057      ; 0.844      ;
; 0.670 ; controller:ctrl|state.IDLE  ; datapath:dp|A[5]            ; clk          ; clk         ; 0.000        ; 0.405      ; 1.219      ;
; 0.671 ; controller:ctrl|state.IDLE  ; datapath:dp|A[1]            ; clk          ; clk         ; 0.000        ; 0.405      ; 1.220      ;
; 0.671 ; controller:ctrl|state.IDLE  ; datapath:dp|A[0]            ; clk          ; clk         ; 0.000        ; 0.405      ; 1.220      ;
; 0.692 ; controller:ctrl|state.CALC  ; controller:ctrl|state.SHIFT ; clk          ; clk         ; 0.000        ; 0.057      ; 0.893      ;
; 0.700 ; datapath:dp|Q[1]            ; controller:ctrl|state.CALC  ; clk          ; clk         ; 0.000        ; 0.057      ; 0.901      ;
; 0.719 ; controller:ctrl|state.IDLE  ; datapath:dp|Q[4]            ; clk          ; clk         ; 0.000        ; 0.056      ; 0.919      ;
; 0.722 ; controller:ctrl|state.IDLE  ; datapath:dp|Q_minus_1       ; clk          ; clk         ; 0.000        ; 0.056      ; 0.922      ;
; 0.724 ; controller:ctrl|state.IDLE  ; datapath:dp|Q[2]            ; clk          ; clk         ; 0.000        ; 0.056      ; 0.924      ;
; 0.725 ; controller:ctrl|state.IDLE  ; datapath:dp|Q[7]            ; clk          ; clk         ; 0.000        ; 0.056      ; 0.925      ;
; 0.732 ; controller:ctrl|state.IDLE  ; datapath:dp|Q[0]            ; clk          ; clk         ; 0.000        ; 0.056      ; 0.932      ;
; 0.755 ; controller:ctrl|state.IDLE  ; datapath:dp|Q[6]            ; clk          ; clk         ; 0.000        ; 0.056      ; 0.955      ;
; 0.759 ; datapath:dp|Q_minus_1       ; controller:ctrl|state.CALC  ; clk          ; clk         ; 0.000        ; 0.057      ; 0.960      ;
; 0.772 ; controller:ctrl|count[1]    ; controller:ctrl|state.CHECK ; clk          ; clk         ; 0.000        ; 0.057      ; 0.973      ;
; 0.792 ; controller:ctrl|count[1]    ; controller:ctrl|state.DONE  ; clk          ; clk         ; 0.000        ; 0.057      ; 0.993      ;
; 0.802 ; datapath:dp|A[9]            ; datapath:dp|A[7]            ; clk          ; clk         ; 0.000        ; 0.096      ; 1.042      ;
; 0.802 ; datapath:dp|A[9]            ; datapath:dp|A[8]            ; clk          ; clk         ; 0.000        ; 0.096      ; 1.042      ;
; 0.819 ; controller:ctrl|state.DONE  ; controller:ctrl|state.CHECK ; clk          ; clk         ; 0.000        ; 0.057      ; 1.020      ;
; 0.846 ; controller:ctrl|state.IDLE  ; controller:ctrl|count[2]    ; clk          ; clk         ; 0.000        ; 0.057      ; 1.047      ;
; 0.852 ; controller:ctrl|state.IDLE  ; datapath:dp|A[6]            ; clk          ; clk         ; 0.000        ; 0.405      ; 1.401      ;
; 0.854 ; controller:ctrl|state.IDLE  ; datapath:dp|A[2]            ; clk          ; clk         ; 0.000        ; 0.405      ; 1.403      ;
; 0.854 ; controller:ctrl|state.IDLE  ; controller:ctrl|state.CHECK ; clk          ; clk         ; 0.000        ; 0.057      ; 1.055      ;
; 0.856 ; controller:ctrl|state.IDLE  ; datapath:dp|A[3]            ; clk          ; clk         ; 0.000        ; 0.405      ; 1.405      ;
; 0.856 ; controller:ctrl|state.IDLE  ; datapath:dp|A[4]            ; clk          ; clk         ; 0.000        ; 0.405      ; 1.405      ;
; 0.857 ; controller:ctrl|state.IDLE  ; datapath:dp|A[8]            ; clk          ; clk         ; 0.000        ; 0.405      ; 1.406      ;
; 0.858 ; controller:ctrl|state.IDLE  ; datapath:dp|A[7]            ; clk          ; clk         ; 0.000        ; 0.405      ; 1.407      ;
; 0.859 ; controller:ctrl|state.SHIFT ; controller:ctrl|state.DONE  ; clk          ; clk         ; 0.000        ; 0.058      ; 1.061      ;
; 0.876 ; datapath:dp|M[3]            ; datapath:dp|A[3]            ; clk          ; clk         ; 0.000        ; 0.406      ; 1.426      ;
; 0.877 ; controller:ctrl|count[0]    ; controller:ctrl|state.CHECK ; clk          ; clk         ; 0.000        ; 0.057      ; 1.078      ;
; 0.890 ; datapath:dp|M[6]            ; datapath:dp|A[7]            ; clk          ; clk         ; 0.000        ; 0.406      ; 1.440      ;
; 0.895 ; datapath:dp|M[0]            ; datapath:dp|A[0]            ; clk          ; clk         ; 0.000        ; 0.406      ; 1.445      ;
; 0.897 ; controller:ctrl|count[0]    ; controller:ctrl|state.DONE  ; clk          ; clk         ; 0.000        ; 0.057      ; 1.098      ;
; 0.918 ; datapath:dp|M[4]            ; datapath:dp|A[4]            ; clk          ; clk         ; 0.000        ; 0.406      ; 1.468      ;
; 0.959 ; controller:ctrl|count[2]    ; controller:ctrl|state.CHECK ; clk          ; clk         ; 0.000        ; 0.057      ; 1.160      ;
; 0.966 ; datapath:dp|Q[1]            ; datapath:dp|Q_minus_1       ; clk          ; clk         ; 0.000        ; 0.057      ; 1.167      ;
; 0.986 ; controller:ctrl|count[2]    ; controller:ctrl|state.DONE  ; clk          ; clk         ; 0.000        ; 0.057      ; 1.187      ;
; 0.988 ; datapath:dp|M[5]            ; datapath:dp|A[5]            ; clk          ; clk         ; 0.000        ; 0.406      ; 1.538      ;
; 1.015 ; datapath:dp|A[3]            ; datapath:dp|A[3]            ; clk          ; clk         ; 0.000        ; 0.071      ; 1.230      ;
; 1.018 ; datapath:dp|A[1]            ; datapath:dp|Q[7]            ; clk          ; clk         ; 0.000        ; -0.278     ; 0.884      ;
; 1.025 ; datapath:dp|M[2]            ; datapath:dp|A[2]            ; clk          ; clk         ; 0.000        ; 0.406      ; 1.575      ;
; 1.027 ; datapath:dp|Q_minus_1       ; datapath:dp|Q_minus_1       ; clk          ; clk         ; 0.000        ; 0.057      ; 1.228      ;
; 1.041 ; datapath:dp|A[7]            ; datapath:dp|A[7]            ; clk          ; clk         ; 0.000        ; 0.071      ; 1.256      ;
; 1.044 ; controller:ctrl|state.CALC  ; datapath:dp|A[0]            ; clk          ; clk         ; 0.000        ; 0.406      ; 1.594      ;
; 1.045 ; controller:ctrl|state.CALC  ; datapath:dp|A[1]            ; clk          ; clk         ; 0.000        ; 0.406      ; 1.595      ;
; 1.046 ; controller:ctrl|state.CALC  ; datapath:dp|A[5]            ; clk          ; clk         ; 0.000        ; 0.406      ; 1.596      ;
; 1.060 ; datapath:dp|A[4]            ; datapath:dp|A[4]            ; clk          ; clk         ; 0.000        ; 0.071      ; 1.275      ;
; 1.068 ; datapath:dp|M[6]            ; datapath:dp|A[9]            ; clk          ; clk         ; 0.000        ; 0.380      ; 1.592      ;
; 1.070 ; datapath:dp|M[7]            ; datapath:dp|A[8]            ; clk          ; clk         ; 0.000        ; 0.406      ; 1.620      ;
; 1.071 ; datapath:dp|A[6]            ; datapath:dp|A[6]            ; clk          ; clk         ; 0.000        ; 0.071      ; 1.286      ;
; 1.093 ; datapath:dp|M[2]            ; datapath:dp|A[3]            ; clk          ; clk         ; 0.000        ; 0.406      ; 1.643      ;
; 1.098 ; datapath:dp|M[7]            ; datapath:dp|A[7]            ; clk          ; clk         ; 0.000        ; 0.406      ; 1.648      ;
; 1.121 ; datapath:dp|A[5]            ; datapath:dp|A[5]            ; clk          ; clk         ; 0.000        ; 0.071      ; 1.336      ;
; 1.125 ; datapath:dp|M[0]            ; datapath:dp|A[3]            ; clk          ; clk         ; 0.000        ; 0.406      ; 1.675      ;
; 1.129 ; datapath:dp|A[0]            ; datapath:dp|Q[6]            ; clk          ; clk         ; 0.000        ; -0.278     ; 0.995      ;
; 1.136 ; controller:ctrl|state.CALC  ; datapath:dp|Q_minus_1       ; clk          ; clk         ; 0.000        ; 0.057      ; 1.337      ;
; 1.136 ; datapath:dp|M[3]            ; datapath:dp|A[4]            ; clk          ; clk         ; 0.000        ; 0.406      ; 1.686      ;
; 1.140 ; controller:ctrl|state.IDLE  ; datapath:dp|A[9]            ; clk          ; clk         ; 0.000        ; 0.379      ; 1.663      ;
; 1.140 ; datapath:dp|M[5]            ; datapath:dp|A[6]            ; clk          ; clk         ; 0.000        ; 0.406      ; 1.690      ;
; 1.150 ; datapath:dp|A[0]            ; datapath:dp|A[0]            ; clk          ; clk         ; 0.000        ; 0.071      ; 1.365      ;
; 1.157 ; datapath:dp|M[5]            ; datapath:dp|A[9]            ; clk          ; clk         ; 0.000        ; 0.380      ; 1.681      ;
; 1.157 ; datapath:dp|M[0]            ; datapath:dp|A[1]            ; clk          ; clk         ; 0.000        ; 0.406      ; 1.707      ;
+-------+-----------------------------+-----------------------------+--------------+-------------+--------------+------------+------------+


+-------------------------------------------------------------------------------------------------------------+
; Slow 1200mV 0C Model Minimum Pulse Width: 'clk'                                                             ;
+--------+--------------+----------------+-----------------+-------+------------+-----------------------------+
; Slack  ; Actual Width ; Required Width ; Type            ; Clock ; Clock Edge ; Target                      ;
+--------+--------------+----------------+-----------------+-------+------------+-----------------------------+
; -3.000 ; 1.000        ; 4.000          ; Port Rate       ; clk   ; Rise       ; clk                         ;
; -1.000 ; 1.000        ; 2.000          ; Min Period      ; clk   ; Rise       ; controller:ctrl|count[0]    ;
; -1.000 ; 1.000        ; 2.000          ; Min Period      ; clk   ; Rise       ; controller:ctrl|count[1]    ;
; -1.000 ; 1.000        ; 2.000          ; Min Period      ; clk   ; Rise       ; controller:ctrl|count[2]    ;
; -1.000 ; 1.000        ; 2.000          ; Min Period      ; clk   ; Rise       ; controller:ctrl|state.CALC  ;
; -1.000 ; 1.000        ; 2.000          ; Min Period      ; clk   ; Rise       ; controller:ctrl|state.CHECK ;
; -1.000 ; 1.000        ; 2.000          ; Min Period      ; clk   ; Rise       ; controller:ctrl|state.DONE  ;
; -1.000 ; 1.000        ; 2.000          ; Min Period      ; clk   ; Rise       ; controller:ctrl|state.IDLE  ;
; -1.000 ; 1.000        ; 2.000          ; Min Period      ; clk   ; Rise       ; controller:ctrl|state.SHIFT ;
; -1.000 ; 1.000        ; 2.000          ; Min Period      ; clk   ; Rise       ; datapath:dp|A[0]            ;
; -1.000 ; 1.000        ; 2.000          ; Min Period      ; clk   ; Rise       ; datapath:dp|A[1]            ;
; -1.000 ; 1.000        ; 2.000          ; Min Period      ; clk   ; Rise       ; datapath:dp|A[2]            ;
; -1.000 ; 1.000        ; 2.000          ; Min Period      ; clk   ; Rise       ; datapath:dp|A[3]            ;
; -1.000 ; 1.000        ; 2.000          ; Min Period      ; clk   ; Rise       ; datapath:dp|A[4]            ;
; -1.000 ; 1.000        ; 2.000          ; Min Period      ; clk   ; Rise       ; datapath:dp|A[5]            ;
; -1.000 ; 1.000        ; 2.000          ; Min Period      ; clk   ; Rise       ; datapath:dp|A[6]            ;
; -1.000 ; 1.000        ; 2.000          ; Min Period      ; clk   ; Rise       ; datapath:dp|A[7]            ;
; -1.000 ; 1.000        ; 2.000          ; Min Period      ; clk   ; Rise       ; datapath:dp|A[8]            ;
; -1.000 ; 1.000        ; 2.000          ; Min Period      ; clk   ; Rise       ; datapath:dp|A[9]            ;
; -1.000 ; 1.000        ; 2.000          ; Min Period      ; clk   ; Rise       ; datapath:dp|M[0]            ;
; -1.000 ; 1.000        ; 2.000          ; Min Period      ; clk   ; Rise       ; datapath:dp|M[1]            ;
; -1.000 ; 1.000        ; 2.000          ; Min Period      ; clk   ; Rise       ; datapath:dp|M[2]            ;
; -1.000 ; 1.000        ; 2.000          ; Min Period      ; clk   ; Rise       ; datapath:dp|M[3]            ;
; -1.000 ; 1.000        ; 2.000          ; Min Period      ; clk   ; Rise       ; datapath:dp|M[4]            ;
; -1.000 ; 1.000        ; 2.000          ; Min Period      ; clk   ; Rise       ; datapath:dp|M[5]            ;
; -1.000 ; 1.000        ; 2.000          ; Min Period      ; clk   ; Rise       ; datapath:dp|M[6]            ;
; -1.000 ; 1.000        ; 2.000          ; Min Period      ; clk   ; Rise       ; datapath:dp|M[7]            ;
; -1.000 ; 1.000        ; 2.000          ; Min Period      ; clk   ; Rise       ; datapath:dp|Q[0]            ;
; -1.000 ; 1.000        ; 2.000          ; Min Period      ; clk   ; Rise       ; datapath:dp|Q[1]            ;
; -1.000 ; 1.000        ; 2.000          ; Min Period      ; clk   ; Rise       ; datapath:dp|Q[2]            ;
; -1.000 ; 1.000        ; 2.000          ; Min Period      ; clk   ; Rise       ; datapath:dp|Q[3]            ;
; -1.000 ; 1.000        ; 2.000          ; Min Period      ; clk   ; Rise       ; datapath:dp|Q[4]            ;
; -1.000 ; 1.000        ; 2.000          ; Min Period      ; clk   ; Rise       ; datapath:dp|Q[5]            ;
; -1.000 ; 1.000        ; 2.000          ; Min Period      ; clk   ; Rise       ; datapath:dp|Q[6]            ;
; -1.000 ; 1.000        ; 2.000          ; Min Period      ; clk   ; Rise       ; datapath:dp|Q[7]            ;
; -1.000 ; 1.000        ; 2.000          ; Min Period      ; clk   ; Rise       ; datapath:dp|Q_minus_1       ;
; 0.211  ; 0.395        ; 0.184          ; Low Pulse Width ; clk   ; Rise       ; datapath:dp|A[0]            ;
; 0.211  ; 0.395        ; 0.184          ; Low Pulse Width ; clk   ; Rise       ; datapath:dp|A[1]            ;
; 0.211  ; 0.395        ; 0.184          ; Low Pulse Width ; clk   ; Rise       ; datapath:dp|A[2]            ;
; 0.211  ; 0.395        ; 0.184          ; Low Pulse Width ; clk   ; Rise       ; datapath:dp|A[3]            ;
; 0.211  ; 0.395        ; 0.184          ; Low Pulse Width ; clk   ; Rise       ; datapath:dp|A[4]            ;
; 0.211  ; 0.395        ; 0.184          ; Low Pulse Width ; clk   ; Rise       ; datapath:dp|A[5]            ;
; 0.211  ; 0.395        ; 0.184          ; Low Pulse Width ; clk   ; Rise       ; datapath:dp|A[6]            ;
; 0.211  ; 0.395        ; 0.184          ; Low Pulse Width ; clk   ; Rise       ; datapath:dp|A[7]            ;
; 0.211  ; 0.395        ; 0.184          ; Low Pulse Width ; clk   ; Rise       ; datapath:dp|A[8]            ;
; 0.215  ; 0.399        ; 0.184          ; Low Pulse Width ; clk   ; Rise       ; datapath:dp|A[9]            ;
; 0.217  ; 0.401        ; 0.184          ; Low Pulse Width ; clk   ; Rise       ; controller:ctrl|state.CALC  ;
; 0.217  ; 0.401        ; 0.184          ; Low Pulse Width ; clk   ; Rise       ; controller:ctrl|state.SHIFT ;
; 0.217  ; 0.401        ; 0.184          ; Low Pulse Width ; clk   ; Rise       ; datapath:dp|M[0]            ;
; 0.217  ; 0.401        ; 0.184          ; Low Pulse Width ; clk   ; Rise       ; datapath:dp|Q[0]            ;
; 0.217  ; 0.401        ; 0.184          ; Low Pulse Width ; clk   ; Rise       ; datapath:dp|Q[1]            ;
; 0.217  ; 0.401        ; 0.184          ; Low Pulse Width ; clk   ; Rise       ; datapath:dp|Q[2]            ;
; 0.217  ; 0.401        ; 0.184          ; Low Pulse Width ; clk   ; Rise       ; datapath:dp|Q[3]            ;
; 0.217  ; 0.401        ; 0.184          ; Low Pulse Width ; clk   ; Rise       ; datapath:dp|Q[4]            ;
; 0.217  ; 0.401        ; 0.184          ; Low Pulse Width ; clk   ; Rise       ; datapath:dp|Q[5]            ;
; 0.217  ; 0.401        ; 0.184          ; Low Pulse Width ; clk   ; Rise       ; datapath:dp|Q[6]            ;
; 0.217  ; 0.401        ; 0.184          ; Low Pulse Width ; clk   ; Rise       ; datapath:dp|Q[7]            ;
; 0.217  ; 0.401        ; 0.184          ; Low Pulse Width ; clk   ; Rise       ; datapath:dp|Q_minus_1       ;
; 0.218  ; 0.402        ; 0.184          ; Low Pulse Width ; clk   ; Rise       ; controller:ctrl|count[0]    ;
; 0.218  ; 0.402        ; 0.184          ; Low Pulse Width ; clk   ; Rise       ; controller:ctrl|count[1]    ;
; 0.218  ; 0.402        ; 0.184          ; Low Pulse Width ; clk   ; Rise       ; controller:ctrl|count[2]    ;
; 0.218  ; 0.402        ; 0.184          ; Low Pulse Width ; clk   ; Rise       ; controller:ctrl|state.CHECK ;
; 0.218  ; 0.402        ; 0.184          ; Low Pulse Width ; clk   ; Rise       ; controller:ctrl|state.DONE  ;
; 0.218  ; 0.402        ; 0.184          ; Low Pulse Width ; clk   ; Rise       ; controller:ctrl|state.IDLE  ;
; 0.218  ; 0.402        ; 0.184          ; Low Pulse Width ; clk   ; Rise       ; datapath:dp|M[1]            ;
; 0.218  ; 0.402        ; 0.184          ; Low Pulse Width ; clk   ; Rise       ; datapath:dp|M[2]            ;
; 0.218  ; 0.402        ; 0.184          ; Low Pulse Width ; clk   ; Rise       ; datapath:dp|M[3]            ;
; 0.218  ; 0.402        ; 0.184          ; Low Pulse Width ; clk   ; Rise       ; datapath:dp|M[4]            ;
; 0.218  ; 0.402        ; 0.184          ; Low Pulse Width ; clk   ; Rise       ; datapath:dp|M[5]            ;
; 0.218  ; 0.402        ; 0.184          ; Low Pulse Width ; clk   ; Rise       ; datapath:dp|M[6]            ;
; 0.218  ; 0.402        ; 0.184          ; Low Pulse Width ; clk   ; Rise       ; datapath:dp|M[7]            ;
; 0.344  ; 0.344        ; 0.000          ; Low Pulse Width ; clk   ; Rise       ; clk~input|o                 ;
; 0.346  ; 0.346        ; 0.000          ; Low Pulse Width ; clk   ; Rise       ; clk~inputclkctrl|inclk[0]   ;
; 0.346  ; 0.346        ; 0.000          ; Low Pulse Width ; clk   ; Rise       ; clk~inputclkctrl|outclk     ;
; 0.371  ; 0.371        ; 0.000          ; Low Pulse Width ; clk   ; Rise       ; dp|A[0]|clk                 ;
; 0.371  ; 0.371        ; 0.000          ; Low Pulse Width ; clk   ; Rise       ; dp|A[1]|clk                 ;
; 0.371  ; 0.371        ; 0.000          ; Low Pulse Width ; clk   ; Rise       ; dp|A[2]|clk                 ;
; 0.371  ; 0.371        ; 0.000          ; Low Pulse Width ; clk   ; Rise       ; dp|A[3]|clk                 ;
; 0.371  ; 0.371        ; 0.000          ; Low Pulse Width ; clk   ; Rise       ; dp|A[4]|clk                 ;
; 0.371  ; 0.371        ; 0.000          ; Low Pulse Width ; clk   ; Rise       ; dp|A[5]|clk                 ;
; 0.371  ; 0.371        ; 0.000          ; Low Pulse Width ; clk   ; Rise       ; dp|A[6]|clk                 ;
; 0.371  ; 0.371        ; 0.000          ; Low Pulse Width ; clk   ; Rise       ; dp|A[7]|clk                 ;
; 0.371  ; 0.371        ; 0.000          ; Low Pulse Width ; clk   ; Rise       ; dp|A[8]|clk                 ;
; 0.375  ; 0.375        ; 0.000          ; Low Pulse Width ; clk   ; Rise       ; dp|A[9]|clk                 ;
; 0.377  ; 0.377        ; 0.000          ; Low Pulse Width ; clk   ; Rise       ; ctrl|state.CALC|clk         ;
; 0.377  ; 0.377        ; 0.000          ; Low Pulse Width ; clk   ; Rise       ; ctrl|state.SHIFT|clk        ;
; 0.377  ; 0.377        ; 0.000          ; Low Pulse Width ; clk   ; Rise       ; dp|M[0]|clk                 ;
; 0.377  ; 0.377        ; 0.000          ; Low Pulse Width ; clk   ; Rise       ; dp|Q[0]|clk                 ;
; 0.377  ; 0.377        ; 0.000          ; Low Pulse Width ; clk   ; Rise       ; dp|Q[1]|clk                 ;
; 0.377  ; 0.377        ; 0.000          ; Low Pulse Width ; clk   ; Rise       ; dp|Q[2]|clk                 ;
; 0.377  ; 0.377        ; 0.000          ; Low Pulse Width ; clk   ; Rise       ; dp|Q[3]|clk                 ;
; 0.377  ; 0.377        ; 0.000          ; Low Pulse Width ; clk   ; Rise       ; dp|Q[4]|clk                 ;
; 0.377  ; 0.377        ; 0.000          ; Low Pulse Width ; clk   ; Rise       ; dp|Q[5]|clk                 ;
; 0.377  ; 0.377        ; 0.000          ; Low Pulse Width ; clk   ; Rise       ; dp|Q[6]|clk                 ;
; 0.377  ; 0.377        ; 0.000          ; Low Pulse Width ; clk   ; Rise       ; dp|Q[7]|clk                 ;
; 0.377  ; 0.377        ; 0.000          ; Low Pulse Width ; clk   ; Rise       ; dp|Q_minus_1|clk            ;
; 0.378  ; 0.378        ; 0.000          ; Low Pulse Width ; clk   ; Rise       ; ctrl|count[0]|clk           ;
; 0.378  ; 0.378        ; 0.000          ; Low Pulse Width ; clk   ; Rise       ; ctrl|count[1]|clk           ;
; 0.378  ; 0.378        ; 0.000          ; Low Pulse Width ; clk   ; Rise       ; ctrl|count[2]|clk           ;
; 0.378  ; 0.378        ; 0.000          ; Low Pulse Width ; clk   ; Rise       ; ctrl|state.CHECK|clk        ;
+--------+--------------+----------------+-----------------+-------+------------+-----------------------------+


+-------------------------------------------------------------------------+
; Setup Times                                                             ;
+-----------+------------+--------+--------+------------+-----------------+
; Data Port ; Clock Port ; Rise   ; Fall   ; Clock Edge ; Clock Reference ;
+-----------+------------+--------+--------+------------+-----------------+
; M_in[*]   ; clk        ; 2.299  ; 2.678  ; Rise       ; clk             ;
;  M_in[0]  ; clk        ; 1.970  ; 2.273  ; Rise       ; clk             ;
;  M_in[1]  ; clk        ; 1.908  ; 2.264  ; Rise       ; clk             ;
;  M_in[2]  ; clk        ; 2.299  ; 2.678  ; Rise       ; clk             ;
;  M_in[3]  ; clk        ; 1.403  ; 1.753  ; Rise       ; clk             ;
;  M_in[4]  ; clk        ; 2.051  ; 2.423  ; Rise       ; clk             ;
;  M_in[5]  ; clk        ; 2.249  ; 2.609  ; Rise       ; clk             ;
;  M_in[6]  ; clk        ; 2.072  ; 2.429  ; Rise       ; clk             ;
;  M_in[7]  ; clk        ; 2.238  ; 2.599  ; Rise       ; clk             ;
; Q_in[*]   ; clk        ; 2.054  ; 2.418  ; Rise       ; clk             ;
;  Q_in[0]  ; clk        ; -0.555 ; -0.362 ; Rise       ; clk             ;
;  Q_in[1]  ; clk        ; 1.796  ; 2.136  ; Rise       ; clk             ;
;  Q_in[2]  ; clk        ; 2.054  ; 2.418  ; Rise       ; clk             ;
;  Q_in[3]  ; clk        ; 1.902  ; 2.292  ; Rise       ; clk             ;
;  Q_in[4]  ; clk        ; 2.040  ; 2.379  ; Rise       ; clk             ;
;  Q_in[5]  ; clk        ; 1.840  ; 2.198  ; Rise       ; clk             ;
;  Q_in[6]  ; clk        ; 1.498  ; 1.827  ; Rise       ; clk             ;
;  Q_in[7]  ; clk        ; 1.842  ; 2.231  ; Rise       ; clk             ;
; start     ; clk        ; 0.561  ; 0.721  ; Rise       ; clk             ;
+-----------+------------+--------+--------+------------+-----------------+


+-------------------------------------------------------------------------+
; Hold Times                                                              ;
+-----------+------------+--------+--------+------------+-----------------+
; Data Port ; Clock Port ; Rise   ; Fall   ; Clock Edge ; Clock Reference ;
+-----------+------------+--------+--------+------------+-----------------+
; M_in[*]   ; clk        ; -1.069 ; -1.410 ; Rise       ; clk             ;
;  M_in[0]  ; clk        ; -1.613 ; -1.910 ; Rise       ; clk             ;
;  M_in[1]  ; clk        ; -1.544 ; -1.886 ; Rise       ; clk             ;
;  M_in[2]  ; clk        ; -1.930 ; -2.299 ; Rise       ; clk             ;
;  M_in[3]  ; clk        ; -1.069 ; -1.410 ; Rise       ; clk             ;
;  M_in[4]  ; clk        ; -1.692 ; -2.055 ; Rise       ; clk             ;
;  M_in[5]  ; clk        ; -1.883 ; -2.234 ; Rise       ; clk             ;
;  M_in[6]  ; clk        ; -1.711 ; -2.059 ; Rise       ; clk             ;
;  M_in[7]  ; clk        ; -1.872 ; -2.224 ; Rise       ; clk             ;
; Q_in[*]   ; clk        ; 0.818  ; 0.632  ; Rise       ; clk             ;
;  Q_in[0]  ; clk        ; 0.818  ; 0.632  ; Rise       ; clk             ;
;  Q_in[1]  ; clk        ; -1.434 ; -1.760 ; Rise       ; clk             ;
;  Q_in[2]  ; clk        ; -1.681 ; -2.030 ; Rise       ; clk             ;
;  Q_in[3]  ; clk        ; -1.537 ; -1.910 ; Rise       ; clk             ;
;  Q_in[4]  ; clk        ; -1.668 ; -1.993 ; Rise       ; clk             ;
;  Q_in[5]  ; clk        ; -1.468 ; -1.803 ; Rise       ; clk             ;
;  Q_in[6]  ; clk        ; -1.149 ; -1.465 ; Rise       ; clk             ;
;  Q_in[7]  ; clk        ; -1.477 ; -1.850 ; Rise       ; clk             ;
; start     ; clk        ; 0.759  ; 0.568  ; Rise       ; clk             ;
+-----------+------------+--------+--------+------------+-----------------+


+-------------------------------------------------------------------------+
; Clock to Output Times                                                   ;
+-------------+------------+-------+-------+------------+-----------------+
; Data Port   ; Clock Port ; Rise  ; Fall  ; Clock Edge ; Clock Reference ;
+-------------+------------+-------+-------+------------+-----------------+
; ready       ; clk        ; 5.383 ; 5.275 ; Rise       ; clk             ;
; result[*]   ; clk        ; 7.217 ; 7.181 ; Rise       ; clk             ;
;  result[0]  ; clk        ; 5.755 ; 5.732 ; Rise       ; clk             ;
;  result[1]  ; clk        ; 6.158 ; 6.106 ; Rise       ; clk             ;
;  result[2]  ; clk        ; 6.663 ; 6.558 ; Rise       ; clk             ;
;  result[3]  ; clk        ; 6.384 ; 6.349 ; Rise       ; clk             ;
;  result[4]  ; clk        ; 5.692 ; 5.542 ; Rise       ; clk             ;
;  result[5]  ; clk        ; 6.305 ; 6.244 ; Rise       ; clk             ;
;  result[6]  ; clk        ; 5.399 ; 5.304 ; Rise       ; clk             ;
;  result[7]  ; clk        ; 7.136 ; 7.034 ; Rise       ; clk             ;
;  result[8]  ; clk        ; 5.506 ; 5.399 ; Rise       ; clk             ;
;  result[9]  ; clk        ; 5.472 ; 5.368 ; Rise       ; clk             ;
;  result[10] ; clk        ; 5.745 ; 5.641 ; Rise       ; clk             ;
;  result[11] ; clk        ; 5.772 ; 5.663 ; Rise       ; clk             ;
;  result[12] ; clk        ; 6.647 ; 6.580 ; Rise       ; clk             ;
;  result[13] ; clk        ; 6.559 ; 6.496 ; Rise       ; clk             ;
;  result[14] ; clk        ; 5.698 ; 5.569 ; Rise       ; clk             ;
;  result[15] ; clk        ; 7.217 ; 7.181 ; Rise       ; clk             ;
+-------------+------------+-------+-------+------------+-----------------+


+-------------------------------------------------------------------------+
; Minimum Clock to Output Times                                           ;
+-------------+------------+-------+-------+------------+-----------------+
; Data Port   ; Clock Port ; Rise  ; Fall  ; Clock Edge ; Clock Reference ;
+-------------+------------+-------+-------+------------+-----------------+
; ready       ; clk        ; 5.210 ; 5.102 ; Rise       ; clk             ;
; result[*]   ; clk        ; 5.221 ; 5.127 ; Rise       ; clk             ;
;  result[0]  ; clk        ; 5.592 ; 5.568 ; Rise       ; clk             ;
;  result[1]  ; clk        ; 5.979 ; 5.928 ; Rise       ; clk             ;
;  result[2]  ; clk        ; 6.440 ; 6.335 ; Rise       ; clk             ;
;  result[3]  ; clk        ; 6.166 ; 6.130 ; Rise       ; clk             ;
;  result[4]  ; clk        ; 5.506 ; 5.359 ; Rise       ; clk             ;
;  result[5]  ; clk        ; 6.097 ; 6.035 ; Rise       ; clk             ;
;  result[6]  ; clk        ; 5.221 ; 5.127 ; Rise       ; clk             ;
;  result[7]  ; clk        ; 6.894 ; 6.791 ; Rise       ; clk             ;
;  result[8]  ; clk        ; 5.328 ; 5.221 ; Rise       ; clk             ;
;  result[9]  ; clk        ; 5.295 ; 5.191 ; Rise       ; clk             ;
;  result[10] ; clk        ; 5.552 ; 5.450 ; Rise       ; clk             ;
;  result[11] ; clk        ; 5.579 ; 5.472 ; Rise       ; clk             ;
;  result[12] ; clk        ; 6.418 ; 6.351 ; Rise       ; clk             ;
;  result[13] ; clk        ; 6.335 ; 6.272 ; Rise       ; clk             ;
;  result[14] ; clk        ; 5.513 ; 5.385 ; Rise       ; clk             ;
;  result[15] ; clk        ; 6.966 ; 6.928 ; Rise       ; clk             ;
+-------------+------------+-------+-------+------------+-----------------+


---------------------------------------------
; Slow 1200mV 0C Model Metastability Report ;
---------------------------------------------
No synchronizer chains to report.


+------------------------------------+
; Fast 1200mV 0C Model Setup Summary ;
+-------+--------+-------------------+
; Clock ; Slack  ; End Point TNS     ;
+-------+--------+-------------------+
; clk   ; -1.141 ; -11.746           ;
+-------+--------+-------------------+


+-----------------------------------+
; Fast 1200mV 0C Model Hold Summary ;
+-------+-------+-------------------+
; Clock ; Slack ; End Point TNS     ;
+-------+-------+-------------------+
; clk   ; 0.178 ; 0.000             ;
+-------+-------+-------------------+


-----------------------------------------
; Fast 1200mV 0C Model Recovery Summary ;
-----------------------------------------
No paths to report.


----------------------------------------
; Fast 1200mV 0C Model Removal Summary ;
----------------------------------------
No paths to report.


+--------------------------------------------------+
; Fast 1200mV 0C Model Minimum Pulse Width Summary ;
+-------+--------+---------------------------------+
; Clock ; Slack  ; End Point TNS                   ;
+-------+--------+---------------------------------+
; clk   ; -3.000 ; -39.215                         ;
+-------+--------+---------------------------------+


+------------------------------------------------------------------------------------------------------------------------------+
; Fast 1200mV 0C Model Setup: 'clk'                                                                                            ;
+--------+----------------------------+------------------+--------------+-------------+--------------+------------+------------+
; Slack  ; From Node                  ; To Node          ; Launch Clock ; Latch Clock ; Relationship ; Clock Skew ; Data Delay ;
+--------+----------------------------+------------------+--------------+-------------+--------------+------------+------------+
; -1.141 ; controller:ctrl|state.CALC ; datapath:dp|A[8] ; clk          ; clk         ; 1.000        ; 0.160      ; 2.288      ;
; -1.139 ; datapath:dp|Q[0]           ; datapath:dp|A[8] ; clk          ; clk         ; 1.000        ; 0.160      ; 2.286      ;
; -1.053 ; datapath:dp|Q_minus_1      ; datapath:dp|A[8] ; clk          ; clk         ; 1.000        ; 0.160      ; 2.200      ;
; -1.038 ; controller:ctrl|state.CALC ; datapath:dp|A[7] ; clk          ; clk         ; 1.000        ; 0.160      ; 2.185      ;
; -1.036 ; datapath:dp|Q[0]           ; datapath:dp|A[7] ; clk          ; clk         ; 1.000        ; 0.160      ; 2.183      ;
; -1.032 ; controller:ctrl|state.CALC ; datapath:dp|A[5] ; clk          ; clk         ; 1.000        ; 0.160      ; 2.179      ;
; -1.030 ; datapath:dp|Q[0]           ; datapath:dp|A[5] ; clk          ; clk         ; 1.000        ; 0.160      ; 2.177      ;
; -1.029 ; controller:ctrl|state.CALC ; datapath:dp|A[9] ; clk          ; clk         ; 1.000        ; 0.147      ; 2.163      ;
; -1.027 ; datapath:dp|Q[0]           ; datapath:dp|A[9] ; clk          ; clk         ; 1.000        ; 0.147      ; 2.161      ;
; -0.982 ; datapath:dp|Q[1]           ; datapath:dp|A[8] ; clk          ; clk         ; 1.000        ; 0.160      ; 2.129      ;
; -0.978 ; controller:ctrl|state.CALC ; datapath:dp|A[6] ; clk          ; clk         ; 1.000        ; 0.160      ; 2.125      ;
; -0.976 ; datapath:dp|Q[0]           ; datapath:dp|A[6] ; clk          ; clk         ; 1.000        ; 0.160      ; 2.123      ;
; -0.950 ; datapath:dp|Q_minus_1      ; datapath:dp|A[7] ; clk          ; clk         ; 1.000        ; 0.160      ; 2.097      ;
; -0.944 ; datapath:dp|Q_minus_1      ; datapath:dp|A[5] ; clk          ; clk         ; 1.000        ; 0.160      ; 2.091      ;
; -0.941 ; datapath:dp|Q_minus_1      ; datapath:dp|A[9] ; clk          ; clk         ; 1.000        ; 0.147      ; 2.075      ;
; -0.906 ; controller:ctrl|state.CALC ; datapath:dp|A[4] ; clk          ; clk         ; 1.000        ; 0.160      ; 2.053      ;
; -0.904 ; datapath:dp|Q[0]           ; datapath:dp|A[4] ; clk          ; clk         ; 1.000        ; 0.160      ; 2.051      ;
; -0.890 ; controller:ctrl|state.CALC ; datapath:dp|A[3] ; clk          ; clk         ; 1.000        ; 0.160      ; 2.037      ;
; -0.890 ; datapath:dp|Q_minus_1      ; datapath:dp|A[6] ; clk          ; clk         ; 1.000        ; 0.160      ; 2.037      ;
; -0.888 ; datapath:dp|Q[0]           ; datapath:dp|A[3] ; clk          ; clk         ; 1.000        ; 0.160      ; 2.035      ;
; -0.879 ; datapath:dp|Q[1]           ; datapath:dp|A[7] ; clk          ; clk         ; 1.000        ; 0.160      ; 2.026      ;
; -0.873 ; datapath:dp|Q[1]           ; datapath:dp|A[5] ; clk          ; clk         ; 1.000        ; 0.160      ; 2.020      ;
; -0.870 ; datapath:dp|Q[1]           ; datapath:dp|A[9] ; clk          ; clk         ; 1.000        ; 0.147      ; 2.004      ;
; -0.836 ; controller:ctrl|state.CALC ; datapath:dp|A[2] ; clk          ; clk         ; 1.000        ; 0.160      ; 1.983      ;
; -0.821 ; datapath:dp|Q[0]           ; datapath:dp|A[2] ; clk          ; clk         ; 1.000        ; 0.160      ; 1.968      ;
; -0.819 ; datapath:dp|Q[1]           ; datapath:dp|A[6] ; clk          ; clk         ; 1.000        ; 0.160      ; 1.966      ;
; -0.818 ; datapath:dp|Q_minus_1      ; datapath:dp|A[4] ; clk          ; clk         ; 1.000        ; 0.160      ; 1.965      ;
; -0.813 ; controller:ctrl|state.CALC ; datapath:dp|A[1] ; clk          ; clk         ; 1.000        ; 0.160      ; 1.960      ;
; -0.802 ; datapath:dp|Q_minus_1      ; datapath:dp|A[3] ; clk          ; clk         ; 1.000        ; 0.160      ; 1.949      ;
; -0.798 ; datapath:dp|Q[0]           ; datapath:dp|A[1] ; clk          ; clk         ; 1.000        ; 0.160      ; 1.945      ;
; -0.747 ; datapath:dp|Q[1]           ; datapath:dp|A[4] ; clk          ; clk         ; 1.000        ; 0.160      ; 1.894      ;
; -0.735 ; datapath:dp|Q_minus_1      ; datapath:dp|A[2] ; clk          ; clk         ; 1.000        ; 0.160      ; 1.882      ;
; -0.731 ; datapath:dp|Q[1]           ; datapath:dp|A[3] ; clk          ; clk         ; 1.000        ; 0.160      ; 1.878      ;
; -0.712 ; datapath:dp|Q_minus_1      ; datapath:dp|A[1] ; clk          ; clk         ; 1.000        ; 0.160      ; 1.859      ;
; -0.694 ; datapath:dp|M[0]           ; datapath:dp|A[8] ; clk          ; clk         ; 1.000        ; 0.160      ; 1.841      ;
; -0.679 ; datapath:dp|Q[1]           ; datapath:dp|A[2] ; clk          ; clk         ; 1.000        ; 0.160      ; 1.826      ;
; -0.656 ; datapath:dp|Q[1]           ; datapath:dp|A[1] ; clk          ; clk         ; 1.000        ; 0.160      ; 1.803      ;
; -0.649 ; datapath:dp|M[1]           ; datapath:dp|A[8] ; clk          ; clk         ; 1.000        ; 0.161      ; 1.797      ;
; -0.553 ; datapath:dp|M[5]           ; datapath:dp|A[8] ; clk          ; clk         ; 1.000        ; 0.161      ; 1.701      ;
; -0.553 ; datapath:dp|M[6]           ; datapath:dp|A[8] ; clk          ; clk         ; 1.000        ; 0.161      ; 1.701      ;
; -0.546 ; datapath:dp|M[1]           ; datapath:dp|A[7] ; clk          ; clk         ; 1.000        ; 0.161      ; 1.694      ;
; -0.543 ; datapath:dp|A[0]           ; datapath:dp|A[8] ; clk          ; clk         ; 1.000        ; -0.045     ; 1.485      ;
; -0.540 ; datapath:dp|M[1]           ; datapath:dp|A[5] ; clk          ; clk         ; 1.000        ; 0.161      ; 1.688      ;
; -0.537 ; datapath:dp|M[1]           ; datapath:dp|A[9] ; clk          ; clk         ; 1.000        ; 0.148      ; 1.672      ;
; -0.531 ; datapath:dp|M[0]           ; datapath:dp|A[7] ; clk          ; clk         ; 1.000        ; 0.160      ; 1.678      ;
; -0.531 ; datapath:dp|M[0]           ; datapath:dp|A[6] ; clk          ; clk         ; 1.000        ; 0.160      ; 1.678      ;
; -0.525 ; datapath:dp|M[0]           ; datapath:dp|A[5] ; clk          ; clk         ; 1.000        ; 0.160      ; 1.672      ;
; -0.522 ; datapath:dp|M[0]           ; datapath:dp|A[9] ; clk          ; clk         ; 1.000        ; 0.147      ; 1.656      ;
; -0.520 ; datapath:dp|M[3]           ; datapath:dp|A[8] ; clk          ; clk         ; 1.000        ; 0.161      ; 1.668      ;
; -0.503 ; datapath:dp|M[2]           ; datapath:dp|A[8] ; clk          ; clk         ; 1.000        ; 0.161      ; 1.651      ;
; -0.489 ; controller:ctrl|state.CALC ; datapath:dp|A[0] ; clk          ; clk         ; 1.000        ; 0.160      ; 1.636      ;
; -0.489 ; datapath:dp|M[0]           ; datapath:dp|A[2] ; clk          ; clk         ; 1.000        ; 0.160      ; 1.636      ;
; -0.486 ; datapath:dp|M[1]           ; datapath:dp|A[6] ; clk          ; clk         ; 1.000        ; 0.161      ; 1.634      ;
; -0.481 ; datapath:dp|Q[0]           ; datapath:dp|A[0] ; clk          ; clk         ; 1.000        ; 0.160      ; 1.628      ;
; -0.473 ; datapath:dp|A[2]           ; datapath:dp|A[8] ; clk          ; clk         ; 1.000        ; -0.045     ; 1.415      ;
; -0.460 ; datapath:dp|A[1]           ; datapath:dp|A[8] ; clk          ; clk         ; 1.000        ; -0.045     ; 1.402      ;
; -0.459 ; datapath:dp|M[0]           ; datapath:dp|A[4] ; clk          ; clk         ; 1.000        ; 0.160      ; 1.606      ;
; -0.450 ; datapath:dp|M[5]           ; datapath:dp|A[7] ; clk          ; clk         ; 1.000        ; 0.161      ; 1.598      ;
; -0.450 ; datapath:dp|M[6]           ; datapath:dp|A[7] ; clk          ; clk         ; 1.000        ; 0.161      ; 1.598      ;
; -0.441 ; datapath:dp|M[5]           ; datapath:dp|A[9] ; clk          ; clk         ; 1.000        ; 0.148      ; 1.576      ;
; -0.441 ; datapath:dp|M[6]           ; datapath:dp|A[9] ; clk          ; clk         ; 1.000        ; 0.148      ; 1.576      ;
; -0.440 ; datapath:dp|A[0]           ; datapath:dp|A[7] ; clk          ; clk         ; 1.000        ; -0.045     ; 1.382      ;
; -0.434 ; datapath:dp|A[0]           ; datapath:dp|A[5] ; clk          ; clk         ; 1.000        ; -0.045     ; 1.376      ;
; -0.431 ; datapath:dp|A[0]           ; datapath:dp|A[9] ; clk          ; clk         ; 1.000        ; -0.058     ; 1.360      ;
; -0.430 ; datapath:dp|M[4]           ; datapath:dp|A[8] ; clk          ; clk         ; 1.000        ; 0.161      ; 1.578      ;
; -0.430 ; datapath:dp|Q[1]           ; datapath:dp|A[0] ; clk          ; clk         ; 1.000        ; 0.160      ; 1.577      ;
; -0.417 ; datapath:dp|M[3]           ; datapath:dp|A[7] ; clk          ; clk         ; 1.000        ; 0.161      ; 1.565      ;
; -0.414 ; datapath:dp|M[1]           ; datapath:dp|A[4] ; clk          ; clk         ; 1.000        ; 0.161      ; 1.562      ;
; -0.411 ; datapath:dp|M[3]           ; datapath:dp|A[5] ; clk          ; clk         ; 1.000        ; 0.161      ; 1.559      ;
; -0.410 ; datapath:dp|A[4]           ; datapath:dp|A[8] ; clk          ; clk         ; 1.000        ; -0.045     ; 1.352      ;
; -0.408 ; datapath:dp|M[3]           ; datapath:dp|A[9] ; clk          ; clk         ; 1.000        ; 0.148      ; 1.543      ;
; -0.398 ; datapath:dp|M[1]           ; datapath:dp|A[3] ; clk          ; clk         ; 1.000        ; 0.161      ; 1.546      ;
; -0.395 ; datapath:dp|Q_minus_1      ; datapath:dp|A[0] ; clk          ; clk         ; 1.000        ; 0.160      ; 1.542      ;
; -0.388 ; datapath:dp|M[1]           ; datapath:dp|A[2] ; clk          ; clk         ; 1.000        ; 0.161      ; 1.536      ;
; -0.383 ; datapath:dp|M[0]           ; datapath:dp|A[3] ; clk          ; clk         ; 1.000        ; 0.160      ; 1.530      ;
; -0.380 ; datapath:dp|A[0]           ; datapath:dp|A[6] ; clk          ; clk         ; 1.000        ; -0.045     ; 1.322      ;
; -0.379 ; datapath:dp|A[3]           ; datapath:dp|A[8] ; clk          ; clk         ; 1.000        ; -0.045     ; 1.321      ;
; -0.370 ; datapath:dp|A[2]           ; datapath:dp|A[7] ; clk          ; clk         ; 1.000        ; -0.045     ; 1.312      ;
; -0.364 ; datapath:dp|A[2]           ; datapath:dp|A[5] ; clk          ; clk         ; 1.000        ; -0.045     ; 1.306      ;
; -0.363 ; datapath:dp|M[2]           ; datapath:dp|A[7] ; clk          ; clk         ; 1.000        ; 0.161      ; 1.511      ;
; -0.361 ; datapath:dp|A[2]           ; datapath:dp|A[9] ; clk          ; clk         ; 1.000        ; -0.058     ; 1.290      ;
; -0.357 ; datapath:dp|M[3]           ; datapath:dp|A[6] ; clk          ; clk         ; 1.000        ; 0.161      ; 1.505      ;
; -0.357 ; datapath:dp|M[2]           ; datapath:dp|A[5] ; clk          ; clk         ; 1.000        ; 0.161      ; 1.505      ;
; -0.354 ; datapath:dp|M[2]           ; datapath:dp|A[9] ; clk          ; clk         ; 1.000        ; 0.148      ; 1.489      ;
; -0.346 ; datapath:dp|M[7]           ; datapath:dp|A[8] ; clk          ; clk         ; 1.000        ; 0.161      ; 1.494      ;
; -0.340 ; datapath:dp|A[6]           ; datapath:dp|A[8] ; clk          ; clk         ; 1.000        ; -0.045     ; 1.282      ;
; -0.340 ; datapath:dp|M[2]           ; datapath:dp|A[6] ; clk          ; clk         ; 1.000        ; 0.161      ; 1.488      ;
; -0.338 ; datapath:dp|A[0]           ; datapath:dp|A[2] ; clk          ; clk         ; 1.000        ; -0.045     ; 1.280      ;
; -0.325 ; datapath:dp|A[1]           ; datapath:dp|A[7] ; clk          ; clk         ; 1.000        ; -0.045     ; 1.267      ;
; -0.319 ; datapath:dp|A[1]           ; datapath:dp|A[5] ; clk          ; clk         ; 1.000        ; -0.045     ; 1.261      ;
; -0.316 ; datapath:dp|A[1]           ; datapath:dp|A[9] ; clk          ; clk         ; 1.000        ; -0.058     ; 1.245      ;
; -0.315 ; datapath:dp|A[0]           ; datapath:dp|A[1] ; clk          ; clk         ; 1.000        ; -0.045     ; 1.257      ;
; -0.311 ; datapath:dp|A[5]           ; datapath:dp|A[8] ; clk          ; clk         ; 1.000        ; -0.045     ; 1.253      ;
; -0.310 ; datapath:dp|A[2]           ; datapath:dp|A[6] ; clk          ; clk         ; 1.000        ; -0.045     ; 1.252      ;
; -0.308 ; datapath:dp|A[0]           ; datapath:dp|A[4] ; clk          ; clk         ; 1.000        ; -0.045     ; 1.250      ;
; -0.307 ; datapath:dp|A[4]           ; datapath:dp|A[7] ; clk          ; clk         ; 1.000        ; -0.045     ; 1.249      ;
; -0.301 ; datapath:dp|A[4]           ; datapath:dp|A[5] ; clk          ; clk         ; 1.000        ; -0.045     ; 1.243      ;
; -0.298 ; datapath:dp|A[4]           ; datapath:dp|A[9] ; clk          ; clk         ; 1.000        ; -0.058     ; 1.227      ;
; -0.297 ; datapath:dp|A[1]           ; datapath:dp|A[6] ; clk          ; clk         ; 1.000        ; -0.045     ; 1.239      ;
; -0.292 ; datapath:dp|A[0]           ; datapath:dp|A[3] ; clk          ; clk         ; 1.000        ; -0.045     ; 1.234      ;
+--------+----------------------------+------------------+--------------+-------------+--------------+------------+------------+


+-----------------------------------------------------------------------------------------------------------------------------------------+
; Fast 1200mV 0C Model Hold: 'clk'                                                                                                        ;
+-------+-----------------------------+-----------------------------+--------------+-------------+--------------+------------+------------+
; Slack ; From Node                   ; To Node                     ; Launch Clock ; Latch Clock ; Relationship ; Clock Skew ; Data Delay ;
+-------+-----------------------------+-----------------------------+--------------+-------------+--------------+------------+------------+
; 0.178 ; datapath:dp|A[9]            ; datapath:dp|A[9]            ; clk          ; clk         ; 0.000        ; 0.045      ; 0.307      ;
; 0.186 ; controller:ctrl|count[1]    ; controller:ctrl|count[1]    ; clk          ; clk         ; 0.000        ; 0.037      ; 0.307      ;
; 0.186 ; controller:ctrl|count[2]    ; controller:ctrl|count[2]    ; clk          ; clk         ; 0.000        ; 0.037      ; 0.307      ;
; 0.186 ; controller:ctrl|state.DONE  ; controller:ctrl|state.DONE  ; clk          ; clk         ; 0.000        ; 0.037      ; 0.307      ;
; 0.186 ; controller:ctrl|state.IDLE  ; controller:ctrl|state.IDLE  ; clk          ; clk         ; 0.000        ; 0.037      ; 0.307      ;
; 0.193 ; controller:ctrl|count[0]    ; controller:ctrl|count[0]    ; clk          ; clk         ; 0.000        ; 0.037      ; 0.314      ;
; 0.198 ; controller:ctrl|count[1]    ; controller:ctrl|count[2]    ; clk          ; clk         ; 0.000        ; 0.037      ; 0.319      ;
; 0.204 ; datapath:dp|Q[4]            ; datapath:dp|Q[2]            ; clk          ; clk         ; 0.000        ; 0.037      ; 0.325      ;
; 0.206 ; datapath:dp|Q[6]            ; datapath:dp|Q[4]            ; clk          ; clk         ; 0.000        ; 0.037      ; 0.327      ;
; 0.214 ; controller:ctrl|state.DONE  ; controller:ctrl|state.IDLE  ; clk          ; clk         ; 0.000        ; 0.037      ; 0.335      ;
; 0.216 ; controller:ctrl|state.IDLE  ; controller:ctrl|count[1]    ; clk          ; clk         ; 0.000        ; 0.037      ; 0.337      ;
; 0.218 ; controller:ctrl|state.IDLE  ; controller:ctrl|count[0]    ; clk          ; clk         ; 0.000        ; 0.037      ; 0.339      ;
; 0.219 ; controller:ctrl|state.CALC  ; datapath:dp|A[9]            ; clk          ; clk         ; 0.000        ; 0.229      ; 0.532      ;
; 0.258 ; controller:ctrl|state.CALC  ; datapath:dp|A[7]            ; clk          ; clk         ; 0.000        ; 0.242      ; 0.584      ;
; 0.260 ; controller:ctrl|state.CALC  ; datapath:dp|A[8]            ; clk          ; clk         ; 0.000        ; 0.242      ; 0.586      ;
; 0.260 ; controller:ctrl|state.CALC  ; datapath:dp|A[3]            ; clk          ; clk         ; 0.000        ; 0.242      ; 0.586      ;
; 0.261 ; controller:ctrl|state.CALC  ; datapath:dp|A[4]            ; clk          ; clk         ; 0.000        ; 0.242      ; 0.587      ;
; 0.263 ; controller:ctrl|state.CALC  ; datapath:dp|A[2]            ; clk          ; clk         ; 0.000        ; 0.242      ; 0.589      ;
; 0.263 ; controller:ctrl|state.CHECK ; controller:ctrl|state.CALC  ; clk          ; clk         ; 0.000        ; 0.037      ; 0.384      ;
; 0.266 ; controller:ctrl|state.CALC  ; datapath:dp|A[6]            ; clk          ; clk         ; 0.000        ; 0.242      ; 0.592      ;
; 0.266 ; datapath:dp|Q[7]            ; datapath:dp|Q[5]            ; clk          ; clk         ; 0.000        ; 0.037      ; 0.387      ;
; 0.307 ; datapath:dp|A[5]            ; datapath:dp|A[3]            ; clk          ; clk         ; 0.000        ; 0.045      ; 0.436      ;
; 0.307 ; datapath:dp|A[4]            ; datapath:dp|A[2]            ; clk          ; clk         ; 0.000        ; 0.045      ; 0.436      ;
; 0.308 ; controller:ctrl|count[0]    ; controller:ctrl|count[1]    ; clk          ; clk         ; 0.000        ; 0.037      ; 0.429      ;
; 0.309 ; datapath:dp|Q[5]            ; datapath:dp|Q[3]            ; clk          ; clk         ; 0.000        ; 0.037      ; 0.430      ;
; 0.309 ; datapath:dp|Q[3]            ; datapath:dp|Q[1]            ; clk          ; clk         ; 0.000        ; 0.037      ; 0.430      ;
; 0.309 ; datapath:dp|A[8]            ; datapath:dp|A[6]            ; clk          ; clk         ; 0.000        ; 0.045      ; 0.438      ;
; 0.314 ; controller:ctrl|count[0]    ; controller:ctrl|count[2]    ; clk          ; clk         ; 0.000        ; 0.037      ; 0.435      ;
; 0.319 ; controller:ctrl|state.IDLE  ; datapath:dp|Q[3]            ; clk          ; clk         ; 0.000        ; 0.037      ; 0.440      ;
; 0.320 ; datapath:dp|A[6]            ; datapath:dp|A[4]            ; clk          ; clk         ; 0.000        ; 0.045      ; 0.449      ;
; 0.323 ; controller:ctrl|state.IDLE  ; datapath:dp|Q[1]            ; clk          ; clk         ; 0.000        ; 0.037      ; 0.444      ;
; 0.324 ; datapath:dp|Q[0]            ; controller:ctrl|state.CALC  ; clk          ; clk         ; 0.000        ; 0.037      ; 0.445      ;
; 0.325 ; controller:ctrl|state.IDLE  ; datapath:dp|Q[5]            ; clk          ; clk         ; 0.000        ; 0.037      ; 0.446      ;
; 0.329 ; datapath:dp|A[3]            ; datapath:dp|A[1]            ; clk          ; clk         ; 0.000        ; 0.045      ; 0.458      ;
; 0.331 ; datapath:dp|A[2]            ; datapath:dp|A[0]            ; clk          ; clk         ; 0.000        ; 0.045      ; 0.460      ;
; 0.340 ; controller:ctrl|state.SHIFT ; controller:ctrl|state.CHECK ; clk          ; clk         ; 0.000        ; 0.037      ; 0.461      ;
; 0.342 ; datapath:dp|A[7]            ; datapath:dp|A[5]            ; clk          ; clk         ; 0.000        ; 0.045      ; 0.471      ;
; 0.358 ; datapath:dp|Q[2]            ; datapath:dp|Q[0]            ; clk          ; clk         ; 0.000        ; 0.037      ; 0.479      ;
; 0.360 ; controller:ctrl|state.SHIFT ; datapath:dp|Q_minus_1       ; clk          ; clk         ; 0.000        ; 0.037      ; 0.481      ;
; 0.370 ; datapath:dp|M[7]            ; datapath:dp|A[9]            ; clk          ; clk         ; 0.000        ; 0.230      ; 0.684      ;
; 0.387 ; controller:ctrl|state.CALC  ; controller:ctrl|state.SHIFT ; clk          ; clk         ; 0.000        ; 0.037      ; 0.508      ;
; 0.406 ; datapath:dp|Q[1]            ; controller:ctrl|state.CALC  ; clk          ; clk         ; 0.000        ; 0.037      ; 0.527      ;
; 0.420 ; controller:ctrl|state.IDLE  ; datapath:dp|Q[4]            ; clk          ; clk         ; 0.000        ; 0.037      ; 0.541      ;
; 0.423 ; controller:ctrl|state.IDLE  ; datapath:dp|Q_minus_1       ; clk          ; clk         ; 0.000        ; 0.037      ; 0.544      ;
; 0.425 ; controller:ctrl|state.IDLE  ; datapath:dp|Q[2]            ; clk          ; clk         ; 0.000        ; 0.037      ; 0.546      ;
; 0.426 ; controller:ctrl|state.IDLE  ; datapath:dp|Q[7]            ; clk          ; clk         ; 0.000        ; 0.037      ; 0.547      ;
; 0.433 ; controller:ctrl|state.IDLE  ; datapath:dp|Q[0]            ; clk          ; clk         ; 0.000        ; 0.037      ; 0.554      ;
; 0.439 ; controller:ctrl|state.IDLE  ; datapath:dp|A[5]            ; clk          ; clk         ; 0.000        ; 0.242      ; 0.765      ;
; 0.440 ; datapath:dp|Q_minus_1       ; controller:ctrl|state.CALC  ; clk          ; clk         ; 0.000        ; 0.037      ; 0.561      ;
; 0.440 ; controller:ctrl|state.IDLE  ; datapath:dp|A[1]            ; clk          ; clk         ; 0.000        ; 0.242      ; 0.766      ;
; 0.440 ; controller:ctrl|state.IDLE  ; datapath:dp|A[0]            ; clk          ; clk         ; 0.000        ; 0.242      ; 0.766      ;
; 0.451 ; controller:ctrl|state.IDLE  ; datapath:dp|Q[6]            ; clk          ; clk         ; 0.000        ; 0.037      ; 0.572      ;
; 0.453 ; controller:ctrl|count[1]    ; controller:ctrl|state.CHECK ; clk          ; clk         ; 0.000        ; 0.037      ; 0.574      ;
; 0.461 ; datapath:dp|A[9]            ; datapath:dp|A[7]            ; clk          ; clk         ; 0.000        ; 0.058      ; 0.603      ;
; 0.461 ; datapath:dp|A[9]            ; datapath:dp|A[8]            ; clk          ; clk         ; 0.000        ; 0.058      ; 0.603      ;
; 0.466 ; controller:ctrl|count[1]    ; controller:ctrl|state.DONE  ; clk          ; clk         ; 0.000        ; 0.037      ; 0.587      ;
; 0.491 ; controller:ctrl|state.SHIFT ; controller:ctrl|state.DONE  ; clk          ; clk         ; 0.000        ; 0.037      ; 0.612      ;
; 0.508 ; controller:ctrl|state.DONE  ; controller:ctrl|state.CHECK ; clk          ; clk         ; 0.000        ; 0.037      ; 0.629      ;
; 0.518 ; datapath:dp|M[3]            ; datapath:dp|A[3]            ; clk          ; clk         ; 0.000        ; 0.243      ; 0.845      ;
; 0.519 ; datapath:dp|M[0]            ; datapath:dp|A[0]            ; clk          ; clk         ; 0.000        ; 0.242      ; 0.845      ;
; 0.520 ; controller:ctrl|count[0]    ; controller:ctrl|state.CHECK ; clk          ; clk         ; 0.000        ; 0.037      ; 0.641      ;
; 0.522 ; controller:ctrl|state.IDLE  ; controller:ctrl|count[2]    ; clk          ; clk         ; 0.000        ; 0.037      ; 0.643      ;
; 0.526 ; datapath:dp|M[6]            ; datapath:dp|A[7]            ; clk          ; clk         ; 0.000        ; 0.243      ; 0.853      ;
; 0.533 ; controller:ctrl|count[0]    ; controller:ctrl|state.DONE  ; clk          ; clk         ; 0.000        ; 0.037      ; 0.654      ;
; 0.535 ; controller:ctrl|state.IDLE  ; controller:ctrl|state.CHECK ; clk          ; clk         ; 0.000        ; 0.037      ; 0.656      ;
; 0.536 ; datapath:dp|M[4]            ; datapath:dp|A[4]            ; clk          ; clk         ; 0.000        ; 0.243      ; 0.863      ;
; 0.556 ; controller:ctrl|state.IDLE  ; datapath:dp|A[6]            ; clk          ; clk         ; 0.000        ; 0.242      ; 0.882      ;
; 0.558 ; controller:ctrl|state.IDLE  ; datapath:dp|A[2]            ; clk          ; clk         ; 0.000        ; 0.242      ; 0.884      ;
; 0.559 ; controller:ctrl|state.IDLE  ; datapath:dp|A[4]            ; clk          ; clk         ; 0.000        ; 0.242      ; 0.885      ;
; 0.560 ; controller:ctrl|state.IDLE  ; datapath:dp|A[8]            ; clk          ; clk         ; 0.000        ; 0.242      ; 0.886      ;
; 0.560 ; controller:ctrl|state.IDLE  ; datapath:dp|A[3]            ; clk          ; clk         ; 0.000        ; 0.242      ; 0.886      ;
; 0.560 ; datapath:dp|Q[1]            ; datapath:dp|Q_minus_1       ; clk          ; clk         ; 0.000        ; 0.037      ; 0.681      ;
; 0.561 ; controller:ctrl|state.IDLE  ; datapath:dp|A[7]            ; clk          ; clk         ; 0.000        ; 0.242      ; 0.887      ;
; 0.576 ; datapath:dp|M[5]            ; datapath:dp|A[5]            ; clk          ; clk         ; 0.000        ; 0.243      ; 0.903      ;
; 0.581 ; datapath:dp|A[1]            ; datapath:dp|Q[7]            ; clk          ; clk         ; 0.000        ; -0.160     ; 0.505      ;
; 0.582 ; datapath:dp|A[3]            ; datapath:dp|A[3]            ; clk          ; clk         ; 0.000        ; 0.045      ; 0.711      ;
; 0.587 ; datapath:dp|Q_minus_1       ; datapath:dp|Q_minus_1       ; clk          ; clk         ; 0.000        ; 0.037      ; 0.708      ;
; 0.587 ; controller:ctrl|count[2]    ; controller:ctrl|state.CHECK ; clk          ; clk         ; 0.000        ; 0.037      ; 0.708      ;
; 0.593 ; datapath:dp|A[7]            ; datapath:dp|A[7]            ; clk          ; clk         ; 0.000        ; 0.045      ; 0.722      ;
; 0.603 ; controller:ctrl|count[2]    ; controller:ctrl|state.DONE  ; clk          ; clk         ; 0.000        ; 0.037      ; 0.724      ;
; 0.603 ; datapath:dp|A[4]            ; datapath:dp|A[4]            ; clk          ; clk         ; 0.000        ; 0.045      ; 0.732      ;
; 0.611 ; datapath:dp|A[6]            ; datapath:dp|A[6]            ; clk          ; clk         ; 0.000        ; 0.045      ; 0.740      ;
; 0.615 ; datapath:dp|M[2]            ; datapath:dp|A[2]            ; clk          ; clk         ; 0.000        ; 0.243      ; 0.942      ;
; 0.625 ; datapath:dp|M[6]            ; datapath:dp|A[9]            ; clk          ; clk         ; 0.000        ; 0.230      ; 0.939      ;
; 0.627 ; controller:ctrl|state.CALC  ; datapath:dp|A[1]            ; clk          ; clk         ; 0.000        ; 0.242      ; 0.953      ;
; 0.627 ; controller:ctrl|state.CALC  ; datapath:dp|A[0]            ; clk          ; clk         ; 0.000        ; 0.242      ; 0.953      ;
; 0.628 ; controller:ctrl|state.CALC  ; datapath:dp|A[5]            ; clk          ; clk         ; 0.000        ; 0.242      ; 0.954      ;
; 0.629 ; datapath:dp|M[7]            ; datapath:dp|A[8]            ; clk          ; clk         ; 0.000        ; 0.243      ; 0.956      ;
; 0.644 ; datapath:dp|A[5]            ; datapath:dp|A[5]            ; clk          ; clk         ; 0.000        ; 0.045      ; 0.773      ;
; 0.647 ; datapath:dp|A[0]            ; datapath:dp|Q[6]            ; clk          ; clk         ; 0.000        ; -0.160     ; 0.571      ;
; 0.651 ; datapath:dp|M[2]            ; datapath:dp|A[3]            ; clk          ; clk         ; 0.000        ; 0.243      ; 0.978      ;
; 0.655 ; controller:ctrl|state.CALC  ; datapath:dp|Q_minus_1       ; clk          ; clk         ; 0.000        ; 0.037      ; 0.776      ;
; 0.656 ; datapath:dp|A[0]            ; datapath:dp|A[0]            ; clk          ; clk         ; 0.000        ; 0.045      ; 0.785      ;
; 0.665 ; datapath:dp|M[7]            ; datapath:dp|A[7]            ; clk          ; clk         ; 0.000        ; 0.243      ; 0.992      ;
; 0.665 ; datapath:dp|A[1]            ; datapath:dp|A[1]            ; clk          ; clk         ; 0.000        ; 0.045      ; 0.794      ;
; 0.668 ; datapath:dp|M[3]            ; datapath:dp|A[4]            ; clk          ; clk         ; 0.000        ; 0.243      ; 0.995      ;
; 0.669 ; datapath:dp|M[0]            ; datapath:dp|A[3]            ; clk          ; clk         ; 0.000        ; 0.242      ; 0.995      ;
; 0.675 ; datapath:dp|M[0]            ; datapath:dp|A[1]            ; clk          ; clk         ; 0.000        ; 0.242      ; 1.001      ;
; 0.682 ; datapath:dp|A[8]            ; datapath:dp|A[9]            ; clk          ; clk         ; 0.000        ; 0.032      ; 0.798      ;
; 0.684 ; datapath:dp|M[5]            ; datapath:dp|A[7]            ; clk          ; clk         ; 0.000        ; 0.243      ; 1.011      ;
+-------+-----------------------------+-----------------------------+--------------+-------------+--------------+------------+------------+


+-------------------------------------------------------------------------------------------------------------+
; Fast 1200mV 0C Model Minimum Pulse Width: 'clk'                                                             ;
+--------+--------------+----------------+-----------------+-------+------------+-----------------------------+
; Slack  ; Actual Width ; Required Width ; Type            ; Clock ; Clock Edge ; Target                      ;
+--------+--------------+----------------+-----------------+-------+------------+-----------------------------+
; -3.000 ; 1.000        ; 4.000          ; Port Rate       ; clk   ; Rise       ; clk                         ;
; -1.000 ; 1.000        ; 2.000          ; Min Period      ; clk   ; Rise       ; controller:ctrl|count[0]    ;
; -1.000 ; 1.000        ; 2.000          ; Min Period      ; clk   ; Rise       ; controller:ctrl|count[1]    ;
; -1.000 ; 1.000        ; 2.000          ; Min Period      ; clk   ; Rise       ; controller:ctrl|count[2]    ;
; -1.000 ; 1.000        ; 2.000          ; Min Period      ; clk   ; Rise       ; controller:ctrl|state.CALC  ;
; -1.000 ; 1.000        ; 2.000          ; Min Period      ; clk   ; Rise       ; controller:ctrl|state.CHECK ;
; -1.000 ; 1.000        ; 2.000          ; Min Period      ; clk   ; Rise       ; controller:ctrl|state.DONE  ;
; -1.000 ; 1.000        ; 2.000          ; Min Period      ; clk   ; Rise       ; controller:ctrl|state.IDLE  ;
; -1.000 ; 1.000        ; 2.000          ; Min Period      ; clk   ; Rise       ; controller:ctrl|state.SHIFT ;
; -1.000 ; 1.000        ; 2.000          ; Min Period      ; clk   ; Rise       ; datapath:dp|A[0]            ;
; -1.000 ; 1.000        ; 2.000          ; Min Period      ; clk   ; Rise       ; datapath:dp|A[1]            ;
; -1.000 ; 1.000        ; 2.000          ; Min Period      ; clk   ; Rise       ; datapath:dp|A[2]            ;
; -1.000 ; 1.000        ; 2.000          ; Min Period      ; clk   ; Rise       ; datapath:dp|A[3]            ;
; -1.000 ; 1.000        ; 2.000          ; Min Period      ; clk   ; Rise       ; datapath:dp|A[4]            ;
; -1.000 ; 1.000        ; 2.000          ; Min Period      ; clk   ; Rise       ; datapath:dp|A[5]            ;
; -1.000 ; 1.000        ; 2.000          ; Min Period      ; clk   ; Rise       ; datapath:dp|A[6]            ;
; -1.000 ; 1.000        ; 2.000          ; Min Period      ; clk   ; Rise       ; datapath:dp|A[7]            ;
; -1.000 ; 1.000        ; 2.000          ; Min Period      ; clk   ; Rise       ; datapath:dp|A[8]            ;
; -1.000 ; 1.000        ; 2.000          ; Min Period      ; clk   ; Rise       ; datapath:dp|A[9]            ;
; -1.000 ; 1.000        ; 2.000          ; Min Period      ; clk   ; Rise       ; datapath:dp|M[0]            ;
; -1.000 ; 1.000        ; 2.000          ; Min Period      ; clk   ; Rise       ; datapath:dp|M[1]            ;
; -1.000 ; 1.000        ; 2.000          ; Min Period      ; clk   ; Rise       ; datapath:dp|M[2]            ;
; -1.000 ; 1.000        ; 2.000          ; Min Period      ; clk   ; Rise       ; datapath:dp|M[3]            ;
; -1.000 ; 1.000        ; 2.000          ; Min Period      ; clk   ; Rise       ; datapath:dp|M[4]            ;
; -1.000 ; 1.000        ; 2.000          ; Min Period      ; clk   ; Rise       ; datapath:dp|M[5]            ;
; -1.000 ; 1.000        ; 2.000          ; Min Period      ; clk   ; Rise       ; datapath:dp|M[6]            ;
; -1.000 ; 1.000        ; 2.000          ; Min Period      ; clk   ; Rise       ; datapath:dp|M[7]            ;
; -1.000 ; 1.000        ; 2.000          ; Min Period      ; clk   ; Rise       ; datapath:dp|Q[0]            ;
; -1.000 ; 1.000        ; 2.000          ; Min Period      ; clk   ; Rise       ; datapath:dp|Q[1]            ;
; -1.000 ; 1.000        ; 2.000          ; Min Period      ; clk   ; Rise       ; datapath:dp|Q[2]            ;
; -1.000 ; 1.000        ; 2.000          ; Min Period      ; clk   ; Rise       ; datapath:dp|Q[3]            ;
; -1.000 ; 1.000        ; 2.000          ; Min Period      ; clk   ; Rise       ; datapath:dp|Q[4]            ;
; -1.000 ; 1.000        ; 2.000          ; Min Period      ; clk   ; Rise       ; datapath:dp|Q[5]            ;
; -1.000 ; 1.000        ; 2.000          ; Min Period      ; clk   ; Rise       ; datapath:dp|Q[6]            ;
; -1.000 ; 1.000        ; 2.000          ; Min Period      ; clk   ; Rise       ; datapath:dp|Q[7]            ;
; -1.000 ; 1.000        ; 2.000          ; Min Period      ; clk   ; Rise       ; datapath:dp|Q_minus_1       ;
; -0.056 ; 0.128        ; 0.184          ; Low Pulse Width ; clk   ; Rise       ; datapath:dp|A[0]            ;
; -0.056 ; 0.128        ; 0.184          ; Low Pulse Width ; clk   ; Rise       ; datapath:dp|A[1]            ;
; -0.056 ; 0.128        ; 0.184          ; Low Pulse Width ; clk   ; Rise       ; datapath:dp|A[2]            ;
; -0.056 ; 0.128        ; 0.184          ; Low Pulse Width ; clk   ; Rise       ; datapath:dp|A[3]            ;
; -0.056 ; 0.128        ; 0.184          ; Low Pulse Width ; clk   ; Rise       ; datapath:dp|A[4]            ;
; -0.056 ; 0.128        ; 0.184          ; Low Pulse Width ; clk   ; Rise       ; datapath:dp|A[5]            ;
; -0.056 ; 0.128        ; 0.184          ; Low Pulse Width ; clk   ; Rise       ; datapath:dp|A[6]            ;
; -0.056 ; 0.128        ; 0.184          ; Low Pulse Width ; clk   ; Rise       ; datapath:dp|A[7]            ;
; -0.056 ; 0.128        ; 0.184          ; Low Pulse Width ; clk   ; Rise       ; datapath:dp|A[8]            ;
; -0.048 ; 0.136        ; 0.184          ; Low Pulse Width ; clk   ; Rise       ; datapath:dp|A[9]            ;
; -0.027 ; 0.157        ; 0.184          ; Low Pulse Width ; clk   ; Rise       ; controller:ctrl|count[0]    ;
; -0.027 ; 0.157        ; 0.184          ; Low Pulse Width ; clk   ; Rise       ; controller:ctrl|count[1]    ;
; -0.027 ; 0.157        ; 0.184          ; Low Pulse Width ; clk   ; Rise       ; controller:ctrl|count[2]    ;
; -0.027 ; 0.157        ; 0.184          ; Low Pulse Width ; clk   ; Rise       ; controller:ctrl|state.CHECK ;
; -0.027 ; 0.157        ; 0.184          ; Low Pulse Width ; clk   ; Rise       ; controller:ctrl|state.DONE  ;
; -0.027 ; 0.157        ; 0.184          ; Low Pulse Width ; clk   ; Rise       ; controller:ctrl|state.IDLE  ;
; -0.027 ; 0.157        ; 0.184          ; Low Pulse Width ; clk   ; Rise       ; datapath:dp|M[1]            ;
; -0.027 ; 0.157        ; 0.184          ; Low Pulse Width ; clk   ; Rise       ; datapath:dp|M[2]            ;
; -0.027 ; 0.157        ; 0.184          ; Low Pulse Width ; clk   ; Rise       ; datapath:dp|M[3]            ;
; -0.027 ; 0.157        ; 0.184          ; Low Pulse Width ; clk   ; Rise       ; datapath:dp|M[4]            ;
; -0.027 ; 0.157        ; 0.184          ; Low Pulse Width ; clk   ; Rise       ; datapath:dp|M[5]            ;
; -0.027 ; 0.157        ; 0.184          ; Low Pulse Width ; clk   ; Rise       ; datapath:dp|M[6]            ;
; -0.027 ; 0.157        ; 0.184          ; Low Pulse Width ; clk   ; Rise       ; datapath:dp|M[7]            ;
; -0.026 ; 0.158        ; 0.184          ; Low Pulse Width ; clk   ; Rise       ; controller:ctrl|state.CALC  ;
; -0.026 ; 0.158        ; 0.184          ; Low Pulse Width ; clk   ; Rise       ; controller:ctrl|state.SHIFT ;
; -0.026 ; 0.158        ; 0.184          ; Low Pulse Width ; clk   ; Rise       ; datapath:dp|M[0]            ;
; -0.026 ; 0.158        ; 0.184          ; Low Pulse Width ; clk   ; Rise       ; datapath:dp|Q[0]            ;
; -0.026 ; 0.158        ; 0.184          ; Low Pulse Width ; clk   ; Rise       ; datapath:dp|Q[1]            ;
; -0.026 ; 0.158        ; 0.184          ; Low Pulse Width ; clk   ; Rise       ; datapath:dp|Q[2]            ;
; -0.026 ; 0.158        ; 0.184          ; Low Pulse Width ; clk   ; Rise       ; datapath:dp|Q[3]            ;
; -0.026 ; 0.158        ; 0.184          ; Low Pulse Width ; clk   ; Rise       ; datapath:dp|Q[4]            ;
; -0.026 ; 0.158        ; 0.184          ; Low Pulse Width ; clk   ; Rise       ; datapath:dp|Q[5]            ;
; -0.026 ; 0.158        ; 0.184          ; Low Pulse Width ; clk   ; Rise       ; datapath:dp|Q[6]            ;
; -0.026 ; 0.158        ; 0.184          ; Low Pulse Width ; clk   ; Rise       ; datapath:dp|Q[7]            ;
; -0.026 ; 0.158        ; 0.184          ; Low Pulse Width ; clk   ; Rise       ; datapath:dp|Q_minus_1       ;
; 0.124  ; 0.124        ; 0.000          ; Low Pulse Width ; clk   ; Rise       ; dp|A[0]|clk                 ;
; 0.124  ; 0.124        ; 0.000          ; Low Pulse Width ; clk   ; Rise       ; dp|A[1]|clk                 ;
; 0.124  ; 0.124        ; 0.000          ; Low Pulse Width ; clk   ; Rise       ; dp|A[2]|clk                 ;
; 0.124  ; 0.124        ; 0.000          ; Low Pulse Width ; clk   ; Rise       ; dp|A[3]|clk                 ;
; 0.124  ; 0.124        ; 0.000          ; Low Pulse Width ; clk   ; Rise       ; dp|A[4]|clk                 ;
; 0.124  ; 0.124        ; 0.000          ; Low Pulse Width ; clk   ; Rise       ; dp|A[5]|clk                 ;
; 0.124  ; 0.124        ; 0.000          ; Low Pulse Width ; clk   ; Rise       ; dp|A[6]|clk                 ;
; 0.124  ; 0.124        ; 0.000          ; Low Pulse Width ; clk   ; Rise       ; dp|A[7]|clk                 ;
; 0.124  ; 0.124        ; 0.000          ; Low Pulse Width ; clk   ; Rise       ; dp|A[8]|clk                 ;
; 0.125  ; 0.125        ; 0.000          ; Low Pulse Width ; clk   ; Rise       ; clk~input|o                 ;
; 0.132  ; 0.132        ; 0.000          ; Low Pulse Width ; clk   ; Rise       ; dp|A[9]|clk                 ;
; 0.139  ; 0.139        ; 0.000          ; Low Pulse Width ; clk   ; Rise       ; clk~inputclkctrl|inclk[0]   ;
; 0.139  ; 0.139        ; 0.000          ; Low Pulse Width ; clk   ; Rise       ; clk~inputclkctrl|outclk     ;
; 0.153  ; 0.153        ; 0.000          ; Low Pulse Width ; clk   ; Rise       ; ctrl|count[0]|clk           ;
; 0.153  ; 0.153        ; 0.000          ; Low Pulse Width ; clk   ; Rise       ; ctrl|count[1]|clk           ;
; 0.153  ; 0.153        ; 0.000          ; Low Pulse Width ; clk   ; Rise       ; ctrl|count[2]|clk           ;
; 0.153  ; 0.153        ; 0.000          ; Low Pulse Width ; clk   ; Rise       ; ctrl|state.CALC|clk         ;
; 0.153  ; 0.153        ; 0.000          ; Low Pulse Width ; clk   ; Rise       ; ctrl|state.CHECK|clk        ;
; 0.153  ; 0.153        ; 0.000          ; Low Pulse Width ; clk   ; Rise       ; ctrl|state.DONE|clk         ;
; 0.153  ; 0.153        ; 0.000          ; Low Pulse Width ; clk   ; Rise       ; ctrl|state.IDLE|clk         ;
; 0.153  ; 0.153        ; 0.000          ; Low Pulse Width ; clk   ; Rise       ; ctrl|state.SHIFT|clk        ;
; 0.153  ; 0.153        ; 0.000          ; Low Pulse Width ; clk   ; Rise       ; dp|M[0]|clk                 ;
; 0.153  ; 0.153        ; 0.000          ; Low Pulse Width ; clk   ; Rise       ; dp|M[1]|clk                 ;
; 0.153  ; 0.153        ; 0.000          ; Low Pulse Width ; clk   ; Rise       ; dp|M[2]|clk                 ;
; 0.153  ; 0.153        ; 0.000          ; Low Pulse Width ; clk   ; Rise       ; dp|M[3]|clk                 ;
; 0.153  ; 0.153        ; 0.000          ; Low Pulse Width ; clk   ; Rise       ; dp|M[4]|clk                 ;
; 0.153  ; 0.153        ; 0.000          ; Low Pulse Width ; clk   ; Rise       ; dp|M[5]|clk                 ;
; 0.153  ; 0.153        ; 0.000          ; Low Pulse Width ; clk   ; Rise       ; dp|M[6]|clk                 ;
; 0.153  ; 0.153        ; 0.000          ; Low Pulse Width ; clk   ; Rise       ; dp|M[7]|clk                 ;
+--------+--------------+----------------+-----------------+-------+------------+-----------------------------+


+-------------------------------------------------------------------------+
; Setup Times                                                             ;
+-----------+------------+--------+--------+------------+-----------------+
; Data Port ; Clock Port ; Rise   ; Fall   ; Clock Edge ; Clock Reference ;
+-----------+------------+--------+--------+------------+-----------------+
; M_in[*]   ; clk        ; 1.477  ; 2.114  ; Rise       ; clk             ;
;  M_in[0]  ; clk        ; 1.258  ; 1.838  ; Rise       ; clk             ;
;  M_in[1]  ; clk        ; 1.229  ; 1.853  ; Rise       ; clk             ;
;  M_in[2]  ; clk        ; 1.477  ; 2.114  ; Rise       ; clk             ;
;  M_in[3]  ; clk        ; 0.926  ; 1.479  ; Rise       ; clk             ;
;  M_in[4]  ; clk        ; 1.312  ; 1.935  ; Rise       ; clk             ;
;  M_in[5]  ; clk        ; 1.458  ; 2.084  ; Rise       ; clk             ;
;  M_in[6]  ; clk        ; 1.333  ; 1.946  ; Rise       ; clk             ;
;  M_in[7]  ; clk        ; 1.426  ; 2.063  ; Rise       ; clk             ;
; Q_in[*]   ; clk        ; 1.317  ; 1.949  ; Rise       ; clk             ;
;  Q_in[0]  ; clk        ; -0.393 ; -0.017 ; Rise       ; clk             ;
;  Q_in[1]  ; clk        ; 1.146  ; 1.752  ; Rise       ; clk             ;
;  Q_in[2]  ; clk        ; 1.306  ; 1.949  ; Rise       ; clk             ;
;  Q_in[3]  ; clk        ; 1.229  ; 1.872  ; Rise       ; clk             ;
;  Q_in[4]  ; clk        ; 1.317  ; 1.936  ; Rise       ; clk             ;
;  Q_in[5]  ; clk        ; 1.192  ; 1.797  ; Rise       ; clk             ;
;  Q_in[6]  ; clk        ; 0.977  ; 1.555  ; Rise       ; clk             ;
;  Q_in[7]  ; clk        ; 1.189  ; 1.825  ; Rise       ; clk             ;
; start     ; clk        ; 0.272  ; 0.672  ; Rise       ; clk             ;
+-----------+------------+--------+--------+------------+-----------------+


+-------------------------------------------------------------------------+
; Hold Times                                                              ;
+-----------+------------+--------+--------+------------+-----------------+
; Data Port ; Clock Port ; Rise   ; Fall   ; Clock Edge ; Clock Reference ;
+-----------+------------+--------+--------+------------+-----------------+
; M_in[*]   ; clk        ; -0.712 ; -1.259 ; Rise       ; clk             ;
;  M_in[0]  ; clk        ; -1.031 ; -1.603 ; Rise       ; clk             ;
;  M_in[1]  ; clk        ; -0.999 ; -1.606 ; Rise       ; clk             ;
;  M_in[2]  ; clk        ; -1.241 ; -1.868 ; Rise       ; clk             ;
;  M_in[3]  ; clk        ; -0.712 ; -1.259 ; Rise       ; clk             ;
;  M_in[4]  ; clk        ; -1.083 ; -1.695 ; Rise       ; clk             ;
;  M_in[5]  ; clk        ; -1.224 ; -1.839 ; Rise       ; clk             ;
;  M_in[6]  ; clk        ; -1.103 ; -1.706 ; Rise       ; clk             ;
;  M_in[7]  ; clk        ; -1.194 ; -1.820 ; Rise       ; clk             ;
; Q_in[*]   ; clk        ; 0.554  ; 0.185  ; Rise       ; clk             ;
;  Q_in[0]  ; clk        ; 0.554  ; 0.185  ; Rise       ; clk             ;
;  Q_in[1]  ; clk        ; -0.919 ; -1.508 ; Rise       ; clk             ;
;  Q_in[2]  ; clk        ; -1.073 ; -1.698 ; Rise       ; clk             ;
;  Q_in[3]  ; clk        ; -0.998 ; -1.624 ; Rise       ; clk             ;
;  Q_in[4]  ; clk        ; -1.083 ; -1.686 ; Rise       ; clk             ;
;  Q_in[5]  ; clk        ; -0.956 ; -1.542 ; Rise       ; clk             ;
;  Q_in[6]  ; clk        ; -0.756 ; -1.320 ; Rise       ; clk             ;
;  Q_in[7]  ; clk        ; -0.960 ; -1.579 ; Rise       ; clk             ;
; start     ; clk        ; 0.511  ; 0.137  ; Rise       ; clk             ;
+-----------+------------+--------+--------+------------+-----------------+


+-------------------------------------------------------------------------+
; Clock to Output Times                                                   ;
+-------------+------------+-------+-------+------------+-----------------+
; Data Port   ; Clock Port ; Rise  ; Fall  ; Clock Edge ; Clock Reference ;
+-------------+------------+-------+-------+------------+-----------------+
; ready       ; clk        ; 3.497 ; 3.545 ; Rise       ; clk             ;
; result[*]   ; clk        ; 4.673 ; 4.845 ; Rise       ; clk             ;
;  result[0]  ; clk        ; 3.921 ; 3.953 ; Rise       ; clk             ;
;  result[1]  ; clk        ; 4.161 ; 4.209 ; Rise       ; clk             ;
;  result[2]  ; clk        ; 4.363 ; 4.462 ; Rise       ; clk             ;
;  result[3]  ; clk        ; 4.155 ; 4.292 ; Rise       ; clk             ;
;  result[4]  ; clk        ; 3.672 ; 3.726 ; Rise       ; clk             ;
;  result[5]  ; clk        ; 4.148 ; 4.231 ; Rise       ; clk             ;
;  result[6]  ; clk        ; 3.511 ; 3.543 ; Rise       ; clk             ;
;  result[7]  ; clk        ; 4.609 ; 4.796 ; Rise       ; clk             ;
;  result[8]  ; clk        ; 3.564 ; 3.593 ; Rise       ; clk             ;
;  result[9]  ; clk        ; 3.541 ; 3.569 ; Rise       ; clk             ;
;  result[10] ; clk        ; 3.702 ; 3.734 ; Rise       ; clk             ;
;  result[11] ; clk        ; 3.718 ; 3.753 ; Rise       ; clk             ;
;  result[12] ; clk        ; 4.295 ; 4.410 ; Rise       ; clk             ;
;  result[13] ; clk        ; 4.224 ; 4.334 ; Rise       ; clk             ;
;  result[14] ; clk        ; 3.678 ; 3.712 ; Rise       ; clk             ;
;  result[15] ; clk        ; 4.673 ; 4.845 ; Rise       ; clk             ;
+-------------+------------+-------+-------+------------+-----------------+


+-------------------------------------------------------------------------+
; Minimum Clock to Output Times                                           ;
+-------------+------------+-------+-------+------------+-----------------+
; Data Port   ; Clock Port ; Rise  ; Fall  ; Clock Edge ; Clock Reference ;
+-------------+------------+-------+-------+------------+-----------------+
; ready       ; clk        ; 3.383 ; 3.428 ; Rise       ; clk             ;
; result[*]   ; clk        ; 3.394 ; 3.424 ; Rise       ; clk             ;
;  result[0]  ; clk        ; 3.813 ; 3.843 ; Rise       ; clk             ;
;  result[1]  ; clk        ; 4.043 ; 4.088 ; Rise       ; clk             ;
;  result[2]  ; clk        ; 4.216 ; 4.309 ; Rise       ; clk             ;
;  result[3]  ; clk        ; 4.012 ; 4.142 ; Rise       ; clk             ;
;  result[4]  ; clk        ; 3.551 ; 3.602 ; Rise       ; clk             ;
;  result[5]  ; clk        ; 4.010 ; 4.088 ; Rise       ; clk             ;
;  result[6]  ; clk        ; 3.394 ; 3.424 ; Rise       ; clk             ;
;  result[7]  ; clk        ; 4.451 ; 4.630 ; Rise       ; clk             ;
;  result[8]  ; clk        ; 3.447 ; 3.475 ; Rise       ; clk             ;
;  result[9]  ; clk        ; 3.425 ; 3.451 ; Rise       ; clk             ;
;  result[10] ; clk        ; 3.577 ; 3.607 ; Rise       ; clk             ;
;  result[11] ; clk        ; 3.593 ; 3.626 ; Rise       ; clk             ;
;  result[12] ; clk        ; 4.145 ; 4.255 ; Rise       ; clk             ;
;  result[13] ; clk        ; 4.078 ; 4.184 ; Rise       ; clk             ;
;  result[14] ; clk        ; 3.557 ; 3.590 ; Rise       ; clk             ;
;  result[15] ; clk        ; 4.509 ; 4.673 ; Rise       ; clk             ;
+-------------+------------+-------+-------+------------+-----------------+


---------------------------------------------
; Fast 1200mV 0C Model Metastability Report ;
---------------------------------------------
No synchronizer chains to report.


+-------------------------------------------------------------------------------+
; Multicorner Timing Analysis Summary                                           ;
+------------------+---------+-------+----------+---------+---------------------+
; Clock            ; Setup   ; Hold  ; Recovery ; Removal ; Minimum Pulse Width ;
+------------------+---------+-------+----------+---------+---------------------+
; Worst-case Slack ; -2.745  ; 0.178 ; N/A      ; N/A     ; -3.000              ;
;  clk             ; -2.745  ; 0.178 ; N/A      ; N/A     ; -3.000              ;
; Design-wide TNS  ; -46.185 ; 0.0   ; 0.0      ; 0.0     ; -39.215             ;
;  clk             ; -46.185 ; 0.000 ; N/A      ; N/A     ; -39.215             ;
+------------------+---------+-------+----------+---------+---------------------+


+-------------------------------------------------------------------------+
; Setup Times                                                             ;
+-----------+------------+--------+--------+------------+-----------------+
; Data Port ; Clock Port ; Rise   ; Fall   ; Clock Edge ; Clock Reference ;
+-----------+------------+--------+--------+------------+-----------------+
; M_in[*]   ; clk        ; 2.632  ; 3.121  ; Rise       ; clk             ;
;  M_in[0]  ; clk        ; 2.269  ; 2.678  ; Rise       ; clk             ;
;  M_in[1]  ; clk        ; 2.197  ; 2.668  ; Rise       ; clk             ;
;  M_in[2]  ; clk        ; 2.632  ; 3.121  ; Rise       ; clk             ;
;  M_in[3]  ; clk        ; 1.661  ; 2.094  ; Rise       ; clk             ;
;  M_in[4]  ; clk        ; 2.360  ; 2.841  ; Rise       ; clk             ;
;  M_in[5]  ; clk        ; 2.583  ; 3.036  ; Rise       ; clk             ;
;  M_in[6]  ; clk        ; 2.386  ; 2.852  ; Rise       ; clk             ;
;  M_in[7]  ; clk        ; 2.557  ; 3.039  ; Rise       ; clk             ;
; Q_in[*]   ; clk        ; 2.367  ; 2.846  ; Rise       ; clk             ;
;  Q_in[0]  ; clk        ; -0.393 ; -0.017 ; Rise       ; clk             ;
;  Q_in[1]  ; clk        ; 2.087  ; 2.532  ; Rise       ; clk             ;
;  Q_in[2]  ; clk        ; 2.367  ; 2.846  ; Rise       ; clk             ;
;  Q_in[3]  ; clk        ; 2.201  ; 2.703  ; Rise       ; clk             ;
;  Q_in[4]  ; clk        ; 2.339  ; 2.796  ; Rise       ; clk             ;
;  Q_in[5]  ; clk        ; 2.137  ; 2.606  ; Rise       ; clk             ;
;  Q_in[6]  ; clk        ; 1.760  ; 2.187  ; Rise       ; clk             ;
;  Q_in[7]  ; clk        ; 2.136  ; 2.626  ; Rise       ; clk             ;
; start     ; clk        ; 0.572  ; 0.770  ; Rise       ; clk             ;
+-----------+------------+--------+--------+------------+-----------------+


+-------------------------------------------------------------------------+
; Hold Times                                                              ;
+-----------+------------+--------+--------+------------+-----------------+
; Data Port ; Clock Port ; Rise   ; Fall   ; Clock Edge ; Clock Reference ;
+-----------+------------+--------+--------+------------+-----------------+
; M_in[*]   ; clk        ; -0.712 ; -1.259 ; Rise       ; clk             ;
;  M_in[0]  ; clk        ; -1.031 ; -1.603 ; Rise       ; clk             ;
;  M_in[1]  ; clk        ; -0.999 ; -1.606 ; Rise       ; clk             ;
;  M_in[2]  ; clk        ; -1.241 ; -1.868 ; Rise       ; clk             ;
;  M_in[3]  ; clk        ; -0.712 ; -1.259 ; Rise       ; clk             ;
;  M_in[4]  ; clk        ; -1.083 ; -1.695 ; Rise       ; clk             ;
;  M_in[5]  ; clk        ; -1.224 ; -1.839 ; Rise       ; clk             ;
;  M_in[6]  ; clk        ; -1.103 ; -1.706 ; Rise       ; clk             ;
;  M_in[7]  ; clk        ; -1.194 ; -1.820 ; Rise       ; clk             ;
; Q_in[*]   ; clk        ; 0.928  ; 0.721  ; Rise       ; clk             ;
;  Q_in[0]  ; clk        ; 0.928  ; 0.721  ; Rise       ; clk             ;
;  Q_in[1]  ; clk        ; -0.919 ; -1.508 ; Rise       ; clk             ;
;  Q_in[2]  ; clk        ; -1.073 ; -1.698 ; Rise       ; clk             ;
;  Q_in[3]  ; clk        ; -0.998 ; -1.624 ; Rise       ; clk             ;
;  Q_in[4]  ; clk        ; -1.083 ; -1.686 ; Rise       ; clk             ;
;  Q_in[5]  ; clk        ; -0.956 ; -1.542 ; Rise       ; clk             ;
;  Q_in[6]  ; clk        ; -0.756 ; -1.320 ; Rise       ; clk             ;
;  Q_in[7]  ; clk        ; -0.960 ; -1.579 ; Rise       ; clk             ;
; start     ; clk        ; 0.857  ; 0.649  ; Rise       ; clk             ;
+-----------+------------+--------+--------+------------+-----------------+


+-------------------------------------------------------------------------+
; Clock to Output Times                                                   ;
+-------------+------------+-------+-------+------------+-----------------+
; Data Port   ; Clock Port ; Rise  ; Fall  ; Clock Edge ; Clock Reference ;
+-------------+------------+-------+-------+------------+-----------------+
; ready       ; clk        ; 5.995 ; 5.922 ; Rise       ; clk             ;
; result[*]   ; clk        ; 8.032 ; 8.014 ; Rise       ; clk             ;
;  result[0]  ; clk        ; 6.481 ; 6.465 ; Rise       ; clk             ;
;  result[1]  ; clk        ; 6.920 ; 6.881 ; Rise       ; clk             ;
;  result[2]  ; clk        ; 7.390 ; 7.353 ; Rise       ; clk             ;
;  result[3]  ; clk        ; 7.117 ; 7.108 ; Rise       ; clk             ;
;  result[4]  ; clk        ; 6.328 ; 6.221 ; Rise       ; clk             ;
;  result[5]  ; clk        ; 6.991 ; 7.016 ; Rise       ; clk             ;
;  result[6]  ; clk        ; 6.042 ; 5.951 ; Rise       ; clk             ;
;  result[7]  ; clk        ; 7.907 ; 7.868 ; Rise       ; clk             ;
;  result[8]  ; clk        ; 6.131 ; 6.051 ; Rise       ; clk             ;
;  result[9]  ; clk        ; 6.095 ; 6.017 ; Rise       ; clk             ;
;  result[10] ; clk        ; 6.410 ; 6.320 ; Rise       ; clk             ;
;  result[11] ; clk        ; 6.436 ; 6.344 ; Rise       ; clk             ;
;  result[12] ; clk        ; 7.400 ; 7.355 ; Rise       ; clk             ;
;  result[13] ; clk        ; 7.297 ; 7.278 ; Rise       ; clk             ;
;  result[14] ; clk        ; 6.332 ; 6.242 ; Rise       ; clk             ;
;  result[15] ; clk        ; 8.032 ; 8.014 ; Rise       ; clk             ;
+-------------+------------+-------+-------+------------+-----------------+


+-------------------------------------------------------------------------+
; Minimum Clock to Output Times                                           ;
+-------------+------------+-------+-------+------------+-----------------+
; Data Port   ; Clock Port ; Rise  ; Fall  ; Clock Edge ; Clock Reference ;
+-------------+------------+-------+-------+------------+-----------------+
; ready       ; clk        ; 3.383 ; 3.428 ; Rise       ; clk             ;
; result[*]   ; clk        ; 3.394 ; 3.424 ; Rise       ; clk             ;
;  result[0]  ; clk        ; 3.813 ; 3.843 ; Rise       ; clk             ;
;  result[1]  ; clk        ; 4.043 ; 4.088 ; Rise       ; clk             ;
;  result[2]  ; clk        ; 4.216 ; 4.309 ; Rise       ; clk             ;
;  result[3]  ; clk        ; 4.012 ; 4.142 ; Rise       ; clk             ;
;  result[4]  ; clk        ; 3.551 ; 3.602 ; Rise       ; clk             ;
;  result[5]  ; clk        ; 4.010 ; 4.088 ; Rise       ; clk             ;
;  result[6]  ; clk        ; 3.394 ; 3.424 ; Rise       ; clk             ;
;  result[7]  ; clk        ; 4.451 ; 4.630 ; Rise       ; clk             ;
;  result[8]  ; clk        ; 3.447 ; 3.475 ; Rise       ; clk             ;
;  result[9]  ; clk        ; 3.425 ; 3.451 ; Rise       ; clk             ;
;  result[10] ; clk        ; 3.577 ; 3.607 ; Rise       ; clk             ;
;  result[11] ; clk        ; 3.593 ; 3.626 ; Rise       ; clk             ;
;  result[12] ; clk        ; 4.145 ; 4.255 ; Rise       ; clk             ;
;  result[13] ; clk        ; 4.078 ; 4.184 ; Rise       ; clk             ;
;  result[14] ; clk        ; 3.557 ; 3.590 ; Rise       ; clk             ;
;  result[15] ; clk        ; 4.509 ; 4.673 ; Rise       ; clk             ;
+-------------+------------+-------+-------+------------+-----------------+


+------------------------------------------------------------------------------------------------------------------------------------------------------------------------------------------------------------------------------------------------------------------------------------------------------------------------------------------------------------------------------------------------------------------+
; Board Trace Model Assignments                                                                                                                                                                                                                                                                                                                                                                                    ;
+---------------+--------------+-------------------+-------------------------+-------------------------+---------------+---------------------+----------------+------------------+--------+------------------+------------------------+------------------------+--------------+---------------+-----------------+-------+---------------------+--------------------+---------------+-----------------+-------------+
; Pin           ; I/O Standard ; Near Tline Length ; Near Tline L per Length ; Near Tline C per Length ; Near Series R ; Near Differential R ; Near Pull-up R ; Near Pull-down R ; Near C ; Far Tline Length ; Far Tline L per Length ; Far Tline C per Length ; Far Series R ; Far Pull-up R ; Far Pull-down R ; Far C ; Termination Voltage ; Far Differential R ; EBD File Name ; EBD Signal Name ; EBD Far-end ;
+---------------+--------------+-------------------+-------------------------+-------------------------+---------------+---------------------+----------------+------------------+--------+------------------+------------------------+------------------------+--------------+---------------+-----------------+-------+---------------------+--------------------+---------------+-----------------+-------------+
; result[0]     ; 2.5 V        ; 0 in              ; 0 H/in                  ; 0 F/in                  ; short         ; -                   ; open           ; open             ; open   ; 0 in             ; 0 H/in                 ; 0 F/in                 ; short        ; open          ; open            ; open  ; 0 V                 ; -                  ; n/a           ; n/a             ; n/a         ;
; result[1]     ; 2.5 V        ; 0 in              ; 0 H/in                  ; 0 F/in                  ; short         ; -                   ; open           ; open             ; open   ; 0 in             ; 0 H/in                 ; 0 F/in                 ; short        ; open          ; open            ; open  ; 0 V                 ; -                  ; n/a           ; n/a             ; n/a         ;
; result[2]     ; 2.5 V        ; 0 in              ; 0 H/in                  ; 0 F/in                  ; short         ; -                   ; open           ; open             ; open   ; 0 in             ; 0 H/in                 ; 0 F/in                 ; short        ; open          ; open            ; open  ; 0 V                 ; -                  ; n/a           ; n/a             ; n/a         ;
; result[3]     ; 2.5 V        ; 0 in              ; 0 H/in                  ; 0 F/in                  ; short         ; -                   ; open           ; open             ; open   ; 0 in             ; 0 H/in                 ; 0 F/in                 ; short        ; open          ; open            ; open  ; 0 V                 ; -                  ; n/a           ; n/a             ; n/a         ;
; result[4]     ; 2.5 V        ; 0 in              ; 0 H/in                  ; 0 F/in                  ; short         ; -                   ; open           ; open             ; open   ; 0 in             ; 0 H/in                 ; 0 F/in                 ; short        ; open          ; open            ; open  ; 0 V                 ; -                  ; n/a           ; n/a             ; n/a         ;
; result[5]     ; 2.5 V        ; 0 in              ; 0 H/in                  ; 0 F/in                  ; short         ; -                   ; open           ; open             ; open   ; 0 in             ; 0 H/in                 ; 0 F/in                 ; short        ; open          ; open            ; open  ; 0 V                 ; -                  ; n/a           ; n/a             ; n/a         ;
; result[6]     ; 2.5 V        ; 0 in              ; 0 H/in                  ; 0 F/in                  ; short         ; -                   ; open           ; open             ; open   ; 0 in             ; 0 H/in                 ; 0 F/in                 ; short        ; open          ; open            ; open  ; 0 V                 ; -                  ; n/a           ; n/a             ; n/a         ;
; result[7]     ; 2.5 V        ; 0 in              ; 0 H/in                  ; 0 F/in                  ; short         ; -                   ; open           ; open             ; open   ; 0 in             ; 0 H/in                 ; 0 F/in                 ; short        ; open          ; open            ; open  ; 0 V                 ; -                  ; n/a           ; n/a             ; n/a         ;
; result[8]     ; 2.5 V        ; 0 in              ; 0 H/in                  ; 0 F/in                  ; short         ; -                   ; open           ; open             ; open   ; 0 in             ; 0 H/in                 ; 0 F/in                 ; short        ; open          ; open            ; open  ; 0 V                 ; -                  ; n/a           ; n/a             ; n/a         ;
; result[9]     ; 2.5 V        ; 0 in              ; 0 H/in                  ; 0 F/in                  ; short         ; -                   ; open           ; open             ; open   ; 0 in             ; 0 H/in                 ; 0 F/in                 ; short        ; open          ; open            ; open  ; 0 V                 ; -                  ; n/a           ; n/a             ; n/a         ;
; result[10]    ; 2.5 V        ; 0 in              ; 0 H/in                  ; 0 F/in                  ; short         ; -                   ; open           ; open             ; open   ; 0 in             ; 0 H/in                 ; 0 F/in                 ; short        ; open          ; open            ; open  ; 0 V                 ; -                  ; n/a           ; n/a             ; n/a         ;
; result[11]    ; 2.5 V        ; 0 in              ; 0 H/in                  ; 0 F/in                  ; short         ; -                   ; open           ; open             ; open   ; 0 in             ; 0 H/in                 ; 0 F/in                 ; short        ; open          ; open            ; open  ; 0 V                 ; -                  ; n/a           ; n/a             ; n/a         ;
; result[12]    ; 2.5 V        ; 0 in              ; 0 H/in                  ; 0 F/in                  ; short         ; -                   ; open           ; open             ; open   ; 0 in             ; 0 H/in                 ; 0 F/in                 ; short        ; open          ; open            ; open  ; 0 V                 ; -                  ; n/a           ; n/a             ; n/a         ;
; result[13]    ; 2.5 V        ; 0 in              ; 0 H/in                  ; 0 F/in                  ; short         ; -                   ; open           ; open             ; open   ; 0 in             ; 0 H/in                 ; 0 F/in                 ; short        ; open          ; open            ; open  ; 0 V                 ; -                  ; n/a           ; n/a             ; n/a         ;
; result[14]    ; 2.5 V        ; 0 in              ; 0 H/in                  ; 0 F/in                  ; short         ; -                   ; open           ; open             ; open   ; 0 in             ; 0 H/in                 ; 0 F/in                 ; short        ; open          ; open            ; open  ; 0 V                 ; -                  ; n/a           ; n/a             ; n/a         ;
; result[15]    ; 2.5 V        ; 0 in              ; 0 H/in                  ; 0 F/in                  ; short         ; -                   ; open           ; open             ; open   ; 0 in             ; 0 H/in                 ; 0 F/in                 ; short        ; open          ; open            ; open  ; 0 V                 ; -                  ; n/a           ; n/a             ; n/a         ;
; ready         ; 2.5 V        ; 0 in              ; 0 H/in                  ; 0 F/in                  ; short         ; -                   ; open           ; open             ; open   ; 0 in             ; 0 H/in                 ; 0 F/in                 ; short        ; open          ; open            ; open  ; 0 V                 ; -                  ; n/a           ; n/a             ; n/a         ;
; ~ALTERA_NCEO~ ; 2.5 V        ; 0 in              ; 0 H/in                  ; 0 F/in                  ; short         ; -                   ; open           ; open             ; open   ; 0 in             ; 0 H/in                 ; 0 F/in                 ; short        ; open          ; open            ; open  ; 0 V                 ; -                  ; n/a           ; n/a             ; n/a         ;
; ~ALTERA_DCLK~ ; 2.5 V        ; 0 in              ; 0 H/in                  ; 0 F/in                  ; short         ; -                   ; open           ; open             ; open   ; 0 in             ; 0 H/in                 ; 0 F/in                 ; short        ; open          ; open            ; open  ; 0 V                 ; -                  ; n/a           ; n/a             ; n/a         ;
+---------------+--------------+-------------------+-------------------------+-------------------------+---------------+---------------------+----------------+------------------+--------+------------------+------------------------+------------------------+--------------+---------------+-----------------+-------+---------------------+--------------------+---------------+-----------------+-------------+


+-------------------------------------------------------------------+
; Input Transition Times                                            ;
+----------------+--------------+-----------------+-----------------+
; Pin            ; I/O Standard ; 10-90 Rise Time ; 90-10 Fall Time ;
+----------------+--------------+-----------------+-----------------+
; Q_in[0]        ; 2.5 V        ; 2000 ps         ; 2000 ps         ;
; start          ; 2.5 V        ; 2000 ps         ; 2000 ps         ;
; clk            ; 2.5 V        ; 2000 ps         ; 2000 ps         ;
; rst            ; 2.5 V        ; 2000 ps         ; 2000 ps         ;
; Q_in[1]        ; 2.5 V        ; 2000 ps         ; 2000 ps         ;
; Q_in[2]        ; 2.5 V        ; 2000 ps         ; 2000 ps         ;
; Q_in[3]        ; 2.5 V        ; 2000 ps         ; 2000 ps         ;
; Q_in[4]        ; 2.5 V        ; 2000 ps         ; 2000 ps         ;
; Q_in[5]        ; 2.5 V        ; 2000 ps         ; 2000 ps         ;
; Q_in[6]        ; 2.5 V        ; 2000 ps         ; 2000 ps         ;
; Q_in[7]        ; 2.5 V        ; 2000 ps         ; 2000 ps         ;
; M_in[0]        ; 2.5 V        ; 2000 ps         ; 2000 ps         ;
; M_in[1]        ; 2.5 V        ; 2000 ps         ; 2000 ps         ;
; M_in[2]        ; 2.5 V        ; 2000 ps         ; 2000 ps         ;
; M_in[3]        ; 2.5 V        ; 2000 ps         ; 2000 ps         ;
; M_in[4]        ; 2.5 V        ; 2000 ps         ; 2000 ps         ;
; M_in[5]        ; 2.5 V        ; 2000 ps         ; 2000 ps         ;
; M_in[6]        ; 2.5 V        ; 2000 ps         ; 2000 ps         ;
; M_in[7]        ; 2.5 V        ; 2000 ps         ; 2000 ps         ;
; ~ALTERA_DATA0~ ; 2.5 V        ; 2000 ps         ; 2000 ps         ;
; ~ALTERA_ASDO~  ; 2.5 V        ; 2000 ps         ; 2000 ps         ;
; ~ALTERA_NCSO~  ; 2.5 V        ; 2000 ps         ; 2000 ps         ;
+----------------+--------------+-----------------+-----------------+


+--------------------------------------------------------------------------------------------------------------------------------------------------------------------------------------------------------------------------------------------------------------------------------------------------------------------------------------------------------------------------------------------------------------------------------------------------------------------------------------------------------------------------------------------------------------------------------------------------------------------------------------------------------------------------------------------+
; Signal Integrity Metrics (Slow 1200mv 0c Model)                                                                                                                                                                                                                                                                                                                                                                                                                                                                                                                                                                                                                                            ;
+---------------+--------------+---------------------+---------------------+------------------------------+------------------------------+---------------------+---------------------+--------------------------------------+--------------------------------------+-----------------------------+-----------------------------+----------------------------+----------------------------+-----------------------------+-----------------------------+--------------------+--------------------+-------------------------------------+-------------------------------------+----------------------------+----------------------------+---------------------------+---------------------------+
; Pin           ; I/O Standard ; Board Delay on Rise ; Board Delay on Fall ; Steady State Voh at FPGA Pin ; Steady State Vol at FPGA Pin ; Voh Max at FPGA Pin ; Vol Min at FPGA Pin ; Ringback Voltage on Rise at FPGA Pin ; Ringback Voltage on Fall at FPGA Pin ; 10-90 Rise Time at FPGA Pin ; 90-10 Fall Time at FPGA Pin ; Monotonic Rise at FPGA Pin ; Monotonic Fall at FPGA Pin ; Steady State Voh at Far-end ; Steady State Vol at Far-end ; Voh Max at Far-end ; Vol Min at Far-end ; Ringback Voltage on Rise at Far-end ; Ringback Voltage on Fall at Far-end ; 10-90 Rise Time at Far-end ; 90-10 Fall Time at Far-end ; Monotonic Rise at Far-end ; Monotonic Fall at Far-end ;
+---------------+--------------+---------------------+---------------------+------------------------------+------------------------------+---------------------+---------------------+--------------------------------------+--------------------------------------+-----------------------------+-----------------------------+----------------------------+----------------------------+-----------------------------+-----------------------------+--------------------+--------------------+-------------------------------------+-------------------------------------+----------------------------+----------------------------+---------------------------+---------------------------+
; result[0]     ; 2.5 V        ; 0 s                 ; 0 s                 ; 2.32 V                       ; 7.29e-09 V                   ; 2.34 V              ; -0.00668 V          ; 0.218 V                              ; 0.076 V                              ; 1.92e-09 s                  ; 1.81e-09 s                  ; No                         ; Yes                        ; 2.32 V                      ; 7.29e-09 V                  ; 2.34 V             ; -0.00668 V         ; 0.218 V                             ; 0.076 V                             ; 1.92e-09 s                 ; 1.81e-09 s                 ; No                        ; Yes                       ;
; result[1]     ; 2.5 V        ; 0 s                 ; 0 s                 ; 2.32 V                       ; 7.29e-09 V                   ; 2.34 V              ; -0.00668 V          ; 0.218 V                              ; 0.076 V                              ; 1.92e-09 s                  ; 1.81e-09 s                  ; No                         ; Yes                        ; 2.32 V                      ; 7.29e-09 V                  ; 2.34 V             ; -0.00668 V         ; 0.218 V                             ; 0.076 V                             ; 1.92e-09 s                 ; 1.81e-09 s                 ; No                        ; Yes                       ;
; result[2]     ; 2.5 V        ; 0 s                 ; 0 s                 ; 2.32 V                       ; 5.16e-09 V                   ; 2.37 V              ; -0.00861 V          ; 0.168 V                              ; 0.038 V                              ; 6.79e-10 s                  ; 6.49e-10 s                  ; No                         ; Yes                        ; 2.32 V                      ; 5.16e-09 V                  ; 2.37 V             ; -0.00861 V         ; 0.168 V                             ; 0.038 V                             ; 6.79e-10 s                 ; 6.49e-10 s                 ; No                        ; Yes                       ;
; result[3]     ; 2.5 V        ; 0 s                 ; 0 s                 ; 2.32 V                       ; 7.29e-09 V                   ; 2.39 V              ; -0.00339 V          ; 0.206 V                              ; 0.007 V                              ; 2.77e-10 s                  ; 3.24e-10 s                  ; Yes                        ; Yes                        ; 2.32 V                      ; 7.29e-09 V                  ; 2.39 V             ; -0.00339 V         ; 0.206 V                             ; 0.007 V                             ; 2.77e-10 s                 ; 3.24e-10 s                 ; Yes                       ; Yes                       ;
; result[4]     ; 2.5 V        ; 0 s                 ; 0 s                 ; 2.32 V                       ; 7.29e-09 V                   ; 2.39 V              ; -0.00317 V          ; 0.179 V                              ; 0.007 V                              ; 4.7e-10 s                   ; 4.72e-10 s                  ; No                         ; Yes                        ; 2.32 V                      ; 7.29e-09 V                  ; 2.39 V             ; -0.00317 V         ; 0.179 V                             ; 0.007 V                             ; 4.7e-10 s                  ; 4.72e-10 s                 ; No                        ; Yes                       ;
; result[5]     ; 2.5 V        ; 0 s                 ; 0 s                 ; 2.32 V                       ; 5.16e-09 V                   ; 2.37 V              ; -0.00861 V          ; 0.168 V                              ; 0.038 V                              ; 6.79e-10 s                  ; 6.49e-10 s                  ; No                         ; Yes                        ; 2.32 V                      ; 5.16e-09 V                  ; 2.37 V             ; -0.00861 V         ; 0.168 V                             ; 0.038 V                             ; 6.79e-10 s                 ; 6.49e-10 s                 ; No                        ; Yes                       ;
; result[6]     ; 2.5 V        ; 0 s                 ; 0 s                 ; 2.32 V                       ; 7.29e-09 V                   ; 2.39 V              ; -0.00339 V          ; 0.206 V                              ; 0.007 V                              ; 2.77e-10 s                  ; 3.24e-10 s                  ; Yes                        ; Yes                        ; 2.32 V                      ; 7.29e-09 V                  ; 2.39 V             ; -0.00339 V         ; 0.206 V                             ; 0.007 V                             ; 2.77e-10 s                 ; 3.24e-10 s                 ; Yes                       ; Yes                       ;
; result[7]     ; 2.5 V        ; 0 s                 ; 0 s                 ; 2.32 V                       ; 7.29e-09 V                   ; 2.39 V              ; -0.00317 V          ; 0.179 V                              ; 0.007 V                              ; 4.7e-10 s                   ; 4.72e-10 s                  ; No                         ; Yes                        ; 2.32 V                      ; 7.29e-09 V                  ; 2.39 V             ; -0.00317 V         ; 0.179 V                             ; 0.007 V                             ; 4.7e-10 s                  ; 4.72e-10 s                 ; No                        ; Yes                       ;
; result[8]     ; 2.5 V        ; 0 s                 ; 0 s                 ; 2.32 V                       ; 7.29e-09 V                   ; 2.39 V              ; -0.00317 V          ; 0.179 V                              ; 0.007 V                              ; 4.7e-10 s                   ; 4.72e-10 s                  ; No                         ; Yes                        ; 2.32 V                      ; 7.29e-09 V                  ; 2.39 V             ; -0.00317 V         ; 0.179 V                             ; 0.007 V                             ; 4.7e-10 s                  ; 4.72e-10 s                 ; No                        ; Yes                       ;
; result[9]     ; 2.5 V        ; 0 s                 ; 0 s                 ; 2.32 V                       ; 7.29e-09 V                   ; 2.39 V              ; -0.00317 V          ; 0.179 V                              ; 0.007 V                              ; 4.7e-10 s                   ; 4.72e-10 s                  ; No                         ; Yes                        ; 2.32 V                      ; 7.29e-09 V                  ; 2.39 V             ; -0.00317 V         ; 0.179 V                             ; 0.007 V                             ; 4.7e-10 s                  ; 4.72e-10 s                 ; No                        ; Yes                       ;
; result[10]    ; 2.5 V        ; 0 s                 ; 0 s                 ; 2.32 V                       ; 7.29e-09 V                   ; 2.39 V              ; -0.00339 V          ; 0.206 V                              ; 0.007 V                              ; 2.77e-10 s                  ; 3.24e-10 s                  ; Yes                        ; Yes                        ; 2.32 V                      ; 7.29e-09 V                  ; 2.39 V             ; -0.00339 V         ; 0.206 V                             ; 0.007 V                             ; 2.77e-10 s                 ; 3.24e-10 s                 ; Yes                       ; Yes                       ;
; result[11]    ; 2.5 V        ; 0 s                 ; 0 s                 ; 2.32 V                       ; 7.29e-09 V                   ; 2.39 V              ; -0.00339 V          ; 0.206 V                              ; 0.007 V                              ; 2.77e-10 s                  ; 3.24e-10 s                  ; Yes                        ; Yes                        ; 2.32 V                      ; 7.29e-09 V                  ; 2.39 V             ; -0.00339 V         ; 0.206 V                             ; 0.007 V                             ; 2.77e-10 s                 ; 3.24e-10 s                 ; Yes                       ; Yes                       ;
; result[12]    ; 2.5 V        ; 0 s                 ; 0 s                 ; 2.32 V                       ; 5.16e-09 V                   ; 2.4 V               ; -0.00557 V          ; 0.238 V                              ; 0.014 V                              ; 2.9e-10 s                   ; 3.48e-10 s                  ; No                         ; Yes                        ; 2.32 V                      ; 5.16e-09 V                  ; 2.4 V              ; -0.00557 V         ; 0.238 V                             ; 0.014 V                             ; 2.9e-10 s                  ; 3.48e-10 s                 ; No                        ; Yes                       ;
; result[13]    ; 2.5 V        ; 0 s                 ; 0 s                 ; 2.32 V                       ; 7.29e-09 V                   ; 2.39 V              ; -0.00339 V          ; 0.206 V                              ; 0.007 V                              ; 2.77e-10 s                  ; 3.24e-10 s                  ; Yes                        ; Yes                        ; 2.32 V                      ; 7.29e-09 V                  ; 2.39 V             ; -0.00339 V         ; 0.206 V                             ; 0.007 V                             ; 2.77e-10 s                 ; 3.24e-10 s                 ; Yes                       ; Yes                       ;
; result[14]    ; 2.5 V        ; 0 s                 ; 0 s                 ; 2.32 V                       ; 7.29e-09 V                   ; 2.39 V              ; -0.00317 V          ; 0.179 V                              ; 0.007 V                              ; 4.7e-10 s                   ; 4.72e-10 s                  ; No                         ; Yes                        ; 2.32 V                      ; 7.29e-09 V                  ; 2.39 V             ; -0.00317 V         ; 0.179 V                             ; 0.007 V                             ; 4.7e-10 s                  ; 4.72e-10 s                 ; No                        ; Yes                       ;
; result[15]    ; 2.5 V        ; 0 s                 ; 0 s                 ; 2.32 V                       ; 7.29e-09 V                   ; 2.39 V              ; -0.00339 V          ; 0.206 V                              ; 0.007 V                              ; 2.77e-10 s                  ; 3.24e-10 s                  ; Yes                        ; Yes                        ; 2.32 V                      ; 7.29e-09 V                  ; 2.39 V             ; -0.00339 V         ; 0.206 V                             ; 0.007 V                             ; 2.77e-10 s                 ; 3.24e-10 s                 ; Yes                       ; Yes                       ;
; ready         ; 2.5 V        ; 0 s                 ; 0 s                 ; 2.32 V                       ; 7.29e-09 V                   ; 2.39 V              ; -0.00317 V          ; 0.179 V                              ; 0.007 V                              ; 4.7e-10 s                   ; 4.72e-10 s                  ; No                         ; Yes                        ; 2.32 V                      ; 7.29e-09 V                  ; 2.39 V             ; -0.00317 V         ; 0.179 V                             ; 0.007 V                             ; 4.7e-10 s                  ; 4.72e-10 s                 ; No                        ; Yes                       ;
; ~ALTERA_NCEO~ ; 2.5 V        ; 0 s                 ; 0 s                 ; 2.32 V                       ; 4.76e-09 V                   ; 2.4 V               ; -0.034 V            ; 0.102 V                              ; 0.065 V                              ; 2.49e-10 s                  ; 3.49e-10 s                  ; Yes                        ; Yes                        ; 2.32 V                      ; 4.76e-09 V                  ; 2.4 V              ; -0.034 V           ; 0.102 V                             ; 0.065 V                             ; 2.49e-10 s                 ; 3.49e-10 s                 ; Yes                       ; Yes                       ;
; ~ALTERA_DCLK~ ; 2.5 V        ; 0 s                 ; 0 s                 ; 2.32 V                       ; 5.94e-09 V                   ; 2.39 V              ; -0.0344 V           ; 0.156 V                              ; 0.089 V                              ; 2.68e-10 s                  ; 2.6e-10 s                   ; Yes                        ; Yes                        ; 2.32 V                      ; 5.94e-09 V                  ; 2.39 V             ; -0.0344 V          ; 0.156 V                             ; 0.089 V                             ; 2.68e-10 s                 ; 2.6e-10 s                  ; Yes                       ; Yes                       ;
+---------------+--------------+---------------------+---------------------+------------------------------+------------------------------+---------------------+---------------------+--------------------------------------+--------------------------------------+-----------------------------+-----------------------------+----------------------------+----------------------------+-----------------------------+-----------------------------+--------------------+--------------------+-------------------------------------+-------------------------------------+----------------------------+----------------------------+---------------------------+---------------------------+


+--------------------------------------------------------------------------------------------------------------------------------------------------------------------------------------------------------------------------------------------------------------------------------------------------------------------------------------------------------------------------------------------------------------------------------------------------------------------------------------------------------------------------------------------------------------------------------------------------------------------------------------------------------------------------------------------+
; Signal Integrity Metrics (Slow 1200mv 85c Model)                                                                                                                                                                                                                                                                                                                                                                                                                                                                                                                                                                                                                                           ;
+---------------+--------------+---------------------+---------------------+------------------------------+------------------------------+---------------------+---------------------+--------------------------------------+--------------------------------------+-----------------------------+-----------------------------+----------------------------+----------------------------+-----------------------------+-----------------------------+--------------------+--------------------+-------------------------------------+-------------------------------------+----------------------------+----------------------------+---------------------------+---------------------------+
; Pin           ; I/O Standard ; Board Delay on Rise ; Board Delay on Fall ; Steady State Voh at FPGA Pin ; Steady State Vol at FPGA Pin ; Voh Max at FPGA Pin ; Vol Min at FPGA Pin ; Ringback Voltage on Rise at FPGA Pin ; Ringback Voltage on Fall at FPGA Pin ; 10-90 Rise Time at FPGA Pin ; 90-10 Fall Time at FPGA Pin ; Monotonic Rise at FPGA Pin ; Monotonic Fall at FPGA Pin ; Steady State Voh at Far-end ; Steady State Vol at Far-end ; Voh Max at Far-end ; Vol Min at Far-end ; Ringback Voltage on Rise at Far-end ; Ringback Voltage on Fall at Far-end ; 10-90 Rise Time at Far-end ; 90-10 Fall Time at Far-end ; Monotonic Rise at Far-end ; Monotonic Fall at Far-end ;
+---------------+--------------+---------------------+---------------------+------------------------------+------------------------------+---------------------+---------------------+--------------------------------------+--------------------------------------+-----------------------------+-----------------------------+----------------------------+----------------------------+-----------------------------+-----------------------------+--------------------+--------------------+-------------------------------------+-------------------------------------+----------------------------+----------------------------+---------------------------+---------------------------+
; result[0]     ; 2.5 V        ; 0 s                 ; 0 s                 ; 2.32 V                       ; 1.21e-06 V                   ; 2.33 V              ; -0.00286 V          ; 0.193 V                              ; 0.042 V                              ; 2.32e-09 s                  ; 2.21e-09 s                  ; Yes                        ; Yes                        ; 2.32 V                      ; 1.21e-06 V                  ; 2.33 V             ; -0.00286 V         ; 0.193 V                             ; 0.042 V                             ; 2.32e-09 s                 ; 2.21e-09 s                 ; Yes                       ; Yes                       ;
; result[1]     ; 2.5 V        ; 0 s                 ; 0 s                 ; 2.32 V                       ; 1.21e-06 V                   ; 2.33 V              ; -0.00286 V          ; 0.193 V                              ; 0.042 V                              ; 2.32e-09 s                  ; 2.21e-09 s                  ; Yes                        ; Yes                        ; 2.32 V                      ; 1.21e-06 V                  ; 2.33 V             ; -0.00286 V         ; 0.193 V                             ; 0.042 V                             ; 2.32e-09 s                 ; 2.21e-09 s                 ; Yes                       ; Yes                       ;
; result[2]     ; 2.5 V        ; 0 s                 ; 0 s                 ; 2.32 V                       ; 8.13e-07 V                   ; 2.35 V              ; -0.00662 V          ; 0.129 V                              ; 0.049 V                              ; 8.55e-10 s                  ; 8.01e-10 s                  ; No                         ; Yes                        ; 2.32 V                      ; 8.13e-07 V                  ; 2.35 V             ; -0.00662 V         ; 0.129 V                             ; 0.049 V                             ; 8.55e-10 s                 ; 8.01e-10 s                 ; No                        ; Yes                       ;
; result[3]     ; 2.5 V        ; 0 s                 ; 0 s                 ; 2.32 V                       ; 1.21e-06 V                   ; 2.37 V              ; -0.00606 V          ; 0.107 V                              ; 0.021 V                              ; 4.26e-10 s                  ; 4.03e-10 s                  ; Yes                        ; Yes                        ; 2.32 V                      ; 1.21e-06 V                  ; 2.37 V             ; -0.00606 V         ; 0.107 V                             ; 0.021 V                             ; 4.26e-10 s                 ; 4.03e-10 s                 ; Yes                       ; Yes                       ;
; result[4]     ; 2.5 V        ; 0 s                 ; 0 s                 ; 2.32 V                       ; 1.21e-06 V                   ; 2.36 V              ; -0.00833 V          ; 0.113 V                              ; 0.035 V                              ; 6.32e-10 s                  ; 5.89e-10 s                  ; No                         ; Yes                        ; 2.32 V                      ; 1.21e-06 V                  ; 2.36 V             ; -0.00833 V         ; 0.113 V                             ; 0.035 V                             ; 6.32e-10 s                 ; 5.89e-10 s                 ; No                        ; Yes                       ;
; result[5]     ; 2.5 V        ; 0 s                 ; 0 s                 ; 2.32 V                       ; 8.13e-07 V                   ; 2.35 V              ; -0.00662 V          ; 0.129 V                              ; 0.049 V                              ; 8.55e-10 s                  ; 8.01e-10 s                  ; No                         ; Yes                        ; 2.32 V                      ; 8.13e-07 V                  ; 2.35 V             ; -0.00662 V         ; 0.129 V                             ; 0.049 V                             ; 8.55e-10 s                 ; 8.01e-10 s                 ; No                        ; Yes                       ;
; result[6]     ; 2.5 V        ; 0 s                 ; 0 s                 ; 2.32 V                       ; 1.21e-06 V                   ; 2.37 V              ; -0.00606 V          ; 0.107 V                              ; 0.021 V                              ; 4.26e-10 s                  ; 4.03e-10 s                  ; Yes                        ; Yes                        ; 2.32 V                      ; 1.21e-06 V                  ; 2.37 V             ; -0.00606 V         ; 0.107 V                             ; 0.021 V                             ; 4.26e-10 s                 ; 4.03e-10 s                 ; Yes                       ; Yes                       ;
; result[7]     ; 2.5 V        ; 0 s                 ; 0 s                 ; 2.32 V                       ; 1.21e-06 V                   ; 2.36 V              ; -0.00833 V          ; 0.113 V                              ; 0.035 V                              ; 6.32e-10 s                  ; 5.89e-10 s                  ; No                         ; Yes                        ; 2.32 V                      ; 1.21e-06 V                  ; 2.36 V             ; -0.00833 V         ; 0.113 V                             ; 0.035 V                             ; 6.32e-10 s                 ; 5.89e-10 s                 ; No                        ; Yes                       ;
; result[8]     ; 2.5 V        ; 0 s                 ; 0 s                 ; 2.32 V                       ; 1.21e-06 V                   ; 2.36 V              ; -0.00833 V          ; 0.113 V                              ; 0.035 V                              ; 6.32e-10 s                  ; 5.89e-10 s                  ; No                         ; Yes                        ; 2.32 V                      ; 1.21e-06 V                  ; 2.36 V             ; -0.00833 V         ; 0.113 V                             ; 0.035 V                             ; 6.32e-10 s                 ; 5.89e-10 s                 ; No                        ; Yes                       ;
; result[9]     ; 2.5 V        ; 0 s                 ; 0 s                 ; 2.32 V                       ; 1.21e-06 V                   ; 2.36 V              ; -0.00833 V          ; 0.113 V                              ; 0.035 V                              ; 6.32e-10 s                  ; 5.89e-10 s                  ; No                         ; Yes                        ; 2.32 V                      ; 1.21e-06 V                  ; 2.36 V             ; -0.00833 V         ; 0.113 V                             ; 0.035 V                             ; 6.32e-10 s                 ; 5.89e-10 s                 ; No                        ; Yes                       ;
; result[10]    ; 2.5 V        ; 0 s                 ; 0 s                 ; 2.32 V                       ; 1.21e-06 V                   ; 2.37 V              ; -0.00606 V          ; 0.107 V                              ; 0.021 V                              ; 4.26e-10 s                  ; 4.03e-10 s                  ; Yes                        ; Yes                        ; 2.32 V                      ; 1.21e-06 V                  ; 2.37 V             ; -0.00606 V         ; 0.107 V                             ; 0.021 V                             ; 4.26e-10 s                 ; 4.03e-10 s                 ; Yes                       ; Yes                       ;
; result[11]    ; 2.5 V        ; 0 s                 ; 0 s                 ; 2.32 V                       ; 1.21e-06 V                   ; 2.37 V              ; -0.00606 V          ; 0.107 V                              ; 0.021 V                              ; 4.26e-10 s                  ; 4.03e-10 s                  ; Yes                        ; Yes                        ; 2.32 V                      ; 1.21e-06 V                  ; 2.37 V             ; -0.00606 V         ; 0.107 V                             ; 0.021 V                             ; 4.26e-10 s                 ; 4.03e-10 s                 ; Yes                       ; Yes                       ;
; result[12]    ; 2.5 V        ; 0 s                 ; 0 s                 ; 2.32 V                       ; 8.13e-07 V                   ; 2.36 V              ; -0.00623 V          ; 0.121 V                              ; 0.03 V                               ; 4.4e-10 s                   ; 4.28e-10 s                  ; Yes                        ; Yes                        ; 2.32 V                      ; 8.13e-07 V                  ; 2.36 V             ; -0.00623 V         ; 0.121 V                             ; 0.03 V                              ; 4.4e-10 s                  ; 4.28e-10 s                 ; Yes                       ; Yes                       ;
; result[13]    ; 2.5 V        ; 0 s                 ; 0 s                 ; 2.32 V                       ; 1.21e-06 V                   ; 2.37 V              ; -0.00606 V          ; 0.107 V                              ; 0.021 V                              ; 4.26e-10 s                  ; 4.03e-10 s                  ; Yes                        ; Yes                        ; 2.32 V                      ; 1.21e-06 V                  ; 2.37 V             ; -0.00606 V         ; 0.107 V                             ; 0.021 V                             ; 4.26e-10 s                 ; 4.03e-10 s                 ; Yes                       ; Yes                       ;
; result[14]    ; 2.5 V        ; 0 s                 ; 0 s                 ; 2.32 V                       ; 1.21e-06 V                   ; 2.36 V              ; -0.00833 V          ; 0.113 V                              ; 0.035 V                              ; 6.32e-10 s                  ; 5.89e-10 s                  ; No                         ; Yes                        ; 2.32 V                      ; 1.21e-06 V                  ; 2.36 V             ; -0.00833 V         ; 0.113 V                             ; 0.035 V                             ; 6.32e-10 s                 ; 5.89e-10 s                 ; No                        ; Yes                       ;
; result[15]    ; 2.5 V        ; 0 s                 ; 0 s                 ; 2.32 V                       ; 1.21e-06 V                   ; 2.37 V              ; -0.00606 V          ; 0.107 V                              ; 0.021 V                              ; 4.26e-10 s                  ; 4.03e-10 s                  ; Yes                        ; Yes                        ; 2.32 V                      ; 1.21e-06 V                  ; 2.37 V             ; -0.00606 V         ; 0.107 V                             ; 0.021 V                             ; 4.26e-10 s                 ; 4.03e-10 s                 ; Yes                       ; Yes                       ;
; ready         ; 2.5 V        ; 0 s                 ; 0 s                 ; 2.32 V                       ; 1.21e-06 V                   ; 2.36 V              ; -0.00833 V          ; 0.113 V                              ; 0.035 V                              ; 6.32e-10 s                  ; 5.89e-10 s                  ; No                         ; Yes                        ; 2.32 V                      ; 1.21e-06 V                  ; 2.36 V             ; -0.00833 V         ; 0.113 V                             ; 0.035 V                             ; 6.32e-10 s                 ; 5.89e-10 s                 ; No                        ; Yes                       ;
; ~ALTERA_NCEO~ ; 2.5 V        ; 0 s                 ; 0 s                 ; 2.32 V                       ; 7.93e-07 V                   ; 2.37 V              ; -0.0278 V           ; 0.106 V                              ; 0.115 V                              ; 2.69e-10 s                  ; 4.05e-10 s                  ; Yes                        ; Yes                        ; 2.32 V                      ; 7.93e-07 V                  ; 2.37 V             ; -0.0278 V          ; 0.106 V                             ; 0.115 V                             ; 2.69e-10 s                 ; 4.05e-10 s                 ; Yes                       ; Yes                       ;
; ~ALTERA_DCLK~ ; 2.5 V        ; 0 s                 ; 0 s                 ; 2.32 V                       ; 9.76e-07 V                   ; 2.36 V              ; -0.00439 V          ; 0.088 V                              ; 0.007 V                              ; 4.05e-10 s                  ; 3.35e-10 s                  ; Yes                        ; Yes                        ; 2.32 V                      ; 9.76e-07 V                  ; 2.36 V             ; -0.00439 V         ; 0.088 V                             ; 0.007 V                             ; 4.05e-10 s                 ; 3.35e-10 s                 ; Yes                       ; Yes                       ;
+---------------+--------------+---------------------+---------------------+------------------------------+------------------------------+---------------------+---------------------+--------------------------------------+--------------------------------------+-----------------------------+-----------------------------+----------------------------+----------------------------+-----------------------------+-----------------------------+--------------------+--------------------+-------------------------------------+-------------------------------------+----------------------------+----------------------------+---------------------------+---------------------------+


+--------------------------------------------------------------------------------------------------------------------------------------------------------------------------------------------------------------------------------------------------------------------------------------------------------------------------------------------------------------------------------------------------------------------------------------------------------------------------------------------------------------------------------------------------------------------------------------------------------------------------------------------------------------------------------------------+
; Signal Integrity Metrics (Fast 1200mv 0c Model)                                                                                                                                                                                                                                                                                                                                                                                                                                                                                                                                                                                                                                            ;
+---------------+--------------+---------------------+---------------------+------------------------------+------------------------------+---------------------+---------------------+--------------------------------------+--------------------------------------+-----------------------------+-----------------------------+----------------------------+----------------------------+-----------------------------+-----------------------------+--------------------+--------------------+-------------------------------------+-------------------------------------+----------------------------+----------------------------+---------------------------+---------------------------+
; Pin           ; I/O Standard ; Board Delay on Rise ; Board Delay on Fall ; Steady State Voh at FPGA Pin ; Steady State Vol at FPGA Pin ; Voh Max at FPGA Pin ; Vol Min at FPGA Pin ; Ringback Voltage on Rise at FPGA Pin ; Ringback Voltage on Fall at FPGA Pin ; 10-90 Rise Time at FPGA Pin ; 90-10 Fall Time at FPGA Pin ; Monotonic Rise at FPGA Pin ; Monotonic Fall at FPGA Pin ; Steady State Voh at Far-end ; Steady State Vol at Far-end ; Voh Max at Far-end ; Vol Min at Far-end ; Ringback Voltage on Rise at Far-end ; Ringback Voltage on Fall at Far-end ; 10-90 Rise Time at Far-end ; 90-10 Fall Time at Far-end ; Monotonic Rise at Far-end ; Monotonic Fall at Far-end ;
+---------------+--------------+---------------------+---------------------+------------------------------+------------------------------+---------------------+---------------------+--------------------------------------+--------------------------------------+-----------------------------+-----------------------------+----------------------------+----------------------------+-----------------------------+-----------------------------+--------------------+--------------------+-------------------------------------+-------------------------------------+----------------------------+----------------------------+---------------------------+---------------------------+
; result[0]     ; 2.5 V        ; 0 s                 ; 0 s                 ; 2.62 V                       ; 4.66e-08 V                   ; 2.65 V              ; -0.0115 V           ; 0.219 V                              ; 0.115 V                              ; 1.64e-09 s                  ; 1.57e-09 s                  ; No                         ; Yes                        ; 2.62 V                      ; 4.66e-08 V                  ; 2.65 V             ; -0.0115 V          ; 0.219 V                             ; 0.115 V                             ; 1.64e-09 s                 ; 1.57e-09 s                 ; No                        ; Yes                       ;
; result[1]     ; 2.5 V        ; 0 s                 ; 0 s                 ; 2.62 V                       ; 4.66e-08 V                   ; 2.65 V              ; -0.0115 V           ; 0.219 V                              ; 0.115 V                              ; 1.64e-09 s                  ; 1.57e-09 s                  ; No                         ; Yes                        ; 2.62 V                      ; 4.66e-08 V                  ; 2.65 V             ; -0.0115 V          ; 0.219 V                             ; 0.115 V                             ; 1.64e-09 s                 ; 1.57e-09 s                 ; No                        ; Yes                       ;
; result[2]     ; 2.5 V        ; 0 s                 ; 0 s                 ; 2.62 V                       ; 3.16e-08 V                   ; 2.71 V              ; -0.0171 V           ; 0.273 V                              ; 0.065 V                              ; 4.95e-10 s                  ; 5.37e-10 s                  ; No                         ; Yes                        ; 2.62 V                      ; 3.16e-08 V                  ; 2.71 V             ; -0.0171 V          ; 0.273 V                             ; 0.065 V                             ; 4.95e-10 s                 ; 5.37e-10 s                 ; No                        ; Yes                       ;
; result[3]     ; 2.5 V        ; 0 s                 ; 0 s                 ; 2.62 V                       ; 4.66e-08 V                   ; 2.73 V              ; -0.0205 V           ; 0.17 V                               ; 0.027 V                              ; 2.58e-10 s                  ; 2.57e-10 s                  ; Yes                        ; Yes                        ; 2.62 V                      ; 4.66e-08 V                  ; 2.73 V             ; -0.0205 V          ; 0.17 V                              ; 0.027 V                             ; 2.58e-10 s                 ; 2.57e-10 s                 ; Yes                       ; Yes                       ;
; result[4]     ; 2.5 V        ; 0 s                 ; 0 s                 ; 2.62 V                       ; 4.66e-08 V                   ; 2.72 V              ; -0.0215 V           ; 0.161 V                              ; 0.061 V                              ; 4.44e-10 s                  ; 4.06e-10 s                  ; No                         ; Yes                        ; 2.62 V                      ; 4.66e-08 V                  ; 2.72 V             ; -0.0215 V          ; 0.161 V                             ; 0.061 V                             ; 4.44e-10 s                 ; 4.06e-10 s                 ; No                        ; Yes                       ;
; result[5]     ; 2.5 V        ; 0 s                 ; 0 s                 ; 2.62 V                       ; 3.16e-08 V                   ; 2.71 V              ; -0.0171 V           ; 0.273 V                              ; 0.065 V                              ; 4.95e-10 s                  ; 5.37e-10 s                  ; No                         ; Yes                        ; 2.62 V                      ; 3.16e-08 V                  ; 2.71 V             ; -0.0171 V          ; 0.273 V                             ; 0.065 V                             ; 4.95e-10 s                 ; 5.37e-10 s                 ; No                        ; Yes                       ;
; result[6]     ; 2.5 V        ; 0 s                 ; 0 s                 ; 2.62 V                       ; 4.66e-08 V                   ; 2.73 V              ; -0.0205 V           ; 0.17 V                               ; 0.027 V                              ; 2.58e-10 s                  ; 2.57e-10 s                  ; Yes                        ; Yes                        ; 2.62 V                      ; 4.66e-08 V                  ; 2.73 V             ; -0.0205 V          ; 0.17 V                              ; 0.027 V                             ; 2.58e-10 s                 ; 2.57e-10 s                 ; Yes                       ; Yes                       ;
; result[7]     ; 2.5 V        ; 0 s                 ; 0 s                 ; 2.62 V                       ; 4.66e-08 V                   ; 2.72 V              ; -0.0215 V           ; 0.161 V                              ; 0.061 V                              ; 4.44e-10 s                  ; 4.06e-10 s                  ; No                         ; Yes                        ; 2.62 V                      ; 4.66e-08 V                  ; 2.72 V             ; -0.0215 V          ; 0.161 V                             ; 0.061 V                             ; 4.44e-10 s                 ; 4.06e-10 s                 ; No                        ; Yes                       ;
; result[8]     ; 2.5 V        ; 0 s                 ; 0 s                 ; 2.62 V                       ; 4.66e-08 V                   ; 2.72 V              ; -0.0215 V           ; 0.161 V                              ; 0.061 V                              ; 4.44e-10 s                  ; 4.06e-10 s                  ; No                         ; Yes                        ; 2.62 V                      ; 4.66e-08 V                  ; 2.72 V             ; -0.0215 V          ; 0.161 V                             ; 0.061 V                             ; 4.44e-10 s                 ; 4.06e-10 s                 ; No                        ; Yes                       ;
; result[9]     ; 2.5 V        ; 0 s                 ; 0 s                 ; 2.62 V                       ; 4.66e-08 V                   ; 2.72 V              ; -0.0215 V           ; 0.161 V                              ; 0.061 V                              ; 4.44e-10 s                  ; 4.06e-10 s                  ; No                         ; Yes                        ; 2.62 V                      ; 4.66e-08 V                  ; 2.72 V             ; -0.0215 V          ; 0.161 V                             ; 0.061 V                             ; 4.44e-10 s                 ; 4.06e-10 s                 ; No                        ; Yes                       ;
; result[10]    ; 2.5 V        ; 0 s                 ; 0 s                 ; 2.62 V                       ; 4.66e-08 V                   ; 2.73 V              ; -0.0205 V           ; 0.17 V                               ; 0.027 V                              ; 2.58e-10 s                  ; 2.57e-10 s                  ; Yes                        ; Yes                        ; 2.62 V                      ; 4.66e-08 V                  ; 2.73 V             ; -0.0205 V          ; 0.17 V                              ; 0.027 V                             ; 2.58e-10 s                 ; 2.57e-10 s                 ; Yes                       ; Yes                       ;
; result[11]    ; 2.5 V        ; 0 s                 ; 0 s                 ; 2.62 V                       ; 4.66e-08 V                   ; 2.73 V              ; -0.0205 V           ; 0.17 V                               ; 0.027 V                              ; 2.58e-10 s                  ; 2.57e-10 s                  ; Yes                        ; Yes                        ; 2.62 V                      ; 4.66e-08 V                  ; 2.73 V             ; -0.0205 V          ; 0.17 V                              ; 0.027 V                             ; 2.58e-10 s                 ; 2.57e-10 s                 ; Yes                       ; Yes                       ;
; result[12]    ; 2.5 V        ; 0 s                 ; 0 s                 ; 2.62 V                       ; 3.16e-08 V                   ; 2.72 V              ; -0.0199 V           ; 0.186 V                              ; 0.027 V                              ; 2.63e-10 s                  ; 2.76e-10 s                  ; Yes                        ; Yes                        ; 2.62 V                      ; 3.16e-08 V                  ; 2.72 V             ; -0.0199 V          ; 0.186 V                             ; 0.027 V                             ; 2.63e-10 s                 ; 2.76e-10 s                 ; Yes                       ; Yes                       ;
; result[13]    ; 2.5 V        ; 0 s                 ; 0 s                 ; 2.62 V                       ; 4.66e-08 V                   ; 2.73 V              ; -0.0205 V           ; 0.17 V                               ; 0.027 V                              ; 2.58e-10 s                  ; 2.57e-10 s                  ; Yes                        ; Yes                        ; 2.62 V                      ; 4.66e-08 V                  ; 2.73 V             ; -0.0205 V          ; 0.17 V                              ; 0.027 V                             ; 2.58e-10 s                 ; 2.57e-10 s                 ; Yes                       ; Yes                       ;
; result[14]    ; 2.5 V        ; 0 s                 ; 0 s                 ; 2.62 V                       ; 4.66e-08 V                   ; 2.72 V              ; -0.0215 V           ; 0.161 V                              ; 0.061 V                              ; 4.44e-10 s                  ; 4.06e-10 s                  ; No                         ; Yes                        ; 2.62 V                      ; 4.66e-08 V                  ; 2.72 V             ; -0.0215 V          ; 0.161 V                             ; 0.061 V                             ; 4.44e-10 s                 ; 4.06e-10 s                 ; No                        ; Yes                       ;
; result[15]    ; 2.5 V        ; 0 s                 ; 0 s                 ; 2.62 V                       ; 4.66e-08 V                   ; 2.73 V              ; -0.0205 V           ; 0.17 V                               ; 0.027 V                              ; 2.58e-10 s                  ; 2.57e-10 s                  ; Yes                        ; Yes                        ; 2.62 V                      ; 4.66e-08 V                  ; 2.73 V             ; -0.0205 V          ; 0.17 V                              ; 0.027 V                             ; 2.58e-10 s                 ; 2.57e-10 s                 ; Yes                       ; Yes                       ;
; ready         ; 2.5 V        ; 0 s                 ; 0 s                 ; 2.62 V                       ; 4.66e-08 V                   ; 2.72 V              ; -0.0215 V           ; 0.161 V                              ; 0.061 V                              ; 4.44e-10 s                  ; 4.06e-10 s                  ; No                         ; Yes                        ; 2.62 V                      ; 4.66e-08 V                  ; 2.72 V             ; -0.0215 V          ; 0.161 V                             ; 0.061 V                             ; 4.44e-10 s                 ; 4.06e-10 s                 ; No                        ; Yes                       ;
; ~ALTERA_NCEO~ ; 2.5 V        ; 0 s                 ; 0 s                 ; 2.62 V                       ; 3.06e-08 V                   ; 2.86 V              ; -0.0341 V           ; 0.364 V                              ; 0.046 V                              ; 1.17e-10 s                  ; 2.6e-10 s                   ; No                         ; Yes                        ; 2.62 V                      ; 3.06e-08 V                  ; 2.86 V             ; -0.0341 V          ; 0.364 V                             ; 0.046 V                             ; 1.17e-10 s                 ; 2.6e-10 s                  ; No                        ; Yes                       ;
; ~ALTERA_DCLK~ ; 2.5 V        ; 0 s                 ; 0 s                 ; 2.62 V                       ; 3.81e-08 V                   ; 2.72 V              ; -0.0542 V           ; 0.144 V                              ; 0.087 V                              ; 2.55e-10 s                  ; 2.14e-10 s                  ; Yes                        ; Yes                        ; 2.62 V                      ; 3.81e-08 V                  ; 2.72 V             ; -0.0542 V          ; 0.144 V                             ; 0.087 V                             ; 2.55e-10 s                 ; 2.14e-10 s                 ; Yes                       ; Yes                       ;
+---------------+--------------+---------------------+---------------------+------------------------------+------------------------------+---------------------+---------------------+--------------------------------------+--------------------------------------+-----------------------------+-----------------------------+----------------------------+----------------------------+-----------------------------+-----------------------------+--------------------+--------------------+-------------------------------------+-------------------------------------+----------------------------+----------------------------+---------------------------+---------------------------+


+-------------------------------------------------------------------+
; Setup Transfers                                                   ;
+------------+----------+----------+----------+----------+----------+
; From Clock ; To Clock ; RR Paths ; FR Paths ; RF Paths ; FF Paths ;
+------------+----------+----------+----------+----------+----------+
; clk        ; clk      ; 759      ; 0        ; 0        ; 0        ;
+------------+----------+----------+----------+----------+----------+
Entries labeled "false path" only account for clock-to-clock false paths and not path-based false paths. As a result, actual path counts may be lower than reported.


+-------------------------------------------------------------------+
; Hold Transfers                                                    ;
+------------+----------+----------+----------+----------+----------+
; From Clock ; To Clock ; RR Paths ; FR Paths ; RF Paths ; FF Paths ;
+------------+----------+----------+----------+----------+----------+
; clk        ; clk      ; 759      ; 0        ; 0        ; 0        ;
+------------+----------+----------+----------+----------+----------+
Entries labeled "false path" only account for clock-to-clock false paths and not path-based false paths. As a result, actual path counts may be lower than reported.


---------------
; Report TCCS ;
---------------
No dedicated SERDES Transmitter circuitry present in device or used in design


---------------
; Report RSKM ;
---------------
No dedicated SERDES Receiver circuitry present in device or used in design


+------------------------------------------------+
; Unconstrained Paths                            ;
+---------------------------------+-------+------+
; Property                        ; Setup ; Hold ;
+---------------------------------+-------+------+
; Illegal Clocks                  ; 0     ; 0    ;
; Unconstrained Clocks            ; 0     ; 0    ;
; Unconstrained Input Ports       ; 18    ; 18   ;
; Unconstrained Input Port Paths  ; 84    ; 84   ;
; Unconstrained Output Ports      ; 17    ; 17   ;
; Unconstrained Output Port Paths ; 17    ; 17   ;
+---------------------------------+-------+------+


+------------------------------------+
; TimeQuest Timing Analyzer Messages ;
+------------------------------------+
Info: *******************************************************************
Info: Running Quartus II 64-Bit TimeQuest Timing Analyzer
    Info: Version 13.0.1 Build 232 06/12/2013 Service Pack 1 SJ Web Edition
    Info: Processing started: Wed Aug 26 11:25:04 2026
Info: Command: quartus_sta booth_mult -c booth_mult
Info: qsta_default_script.tcl version: #1
Warning (20028): Parallel compilation is not licensed and has been disabled
Info (21076): High junction temperature operating condition is not set. Assuming a default value of '85'.
Info (21076): Low junction temperature operating condition is not set. Assuming a default value of '0'.
Critical Warning (332012): Synopsys Design Constraints File file not found: 'booth_mult.sdc'. A Synopsys Design Constraints File is required by the TimeQuest Timing Analyzer to get proper timing constraints. Without it, the Compiler will not properly optimize the design.
Info (332142): No user constrained base clocks found in the design. Calling "derive_clocks -period 1.0"
Info (332105): Deriving Clocks
    Info (332105): create_clock -period 1.000 -name clk clk
Info (332143): No user constrained clock uncertainty found in the design. Calling "derive_clock_uncertainty"
Info (332123): Deriving Clock Uncertainty. Please refer to report_sdc in TimeQuest to see clock uncertainties.
Info: Found TIMEQUEST_REPORT_SCRIPT_INCLUDE_DEFAULT_ANALYSIS = ON
Info: Analyzing Slow 1200mV 85C Model
Critical Warning (332148): Timing requirements not met
    Info (11105): For recommendations on closing timing, run Report Timing Closure Recommendations in the TimeQuest Timing Analyzer.
Info (332146): Worst-case setup slack is -2.745
    Info (332119):     Slack End Point TNS Clock 
    Info (332119): ========= ============= =====================
    Info (332119):    -2.745       -46.185 clk 
Info (332146): Worst-case hold slack is 0.341
    Info (332119):     Slack End Point TNS Clock 
    Info (332119): ========= ============= =====================
    Info (332119):     0.341         0.000 clk 
Info (332140): No Recovery paths to report
Info (332140): No Removal paths to report
Info (332146): Worst-case minimum pulse width slack is -3.000
    Info (332119):     Slack End Point TNS Clock 
    Info (332119): ========= ============= =====================
    Info (332119):    -3.000       -38.000 clk 
Info: Analyzing Slow 1200mV 0C Model
Info (334003): Started post-fitting delay annotation
Info (334004): Delay annotation completed successfully
Info (332123): Deriving Clock Uncertainty. Please refer to report_sdc in TimeQuest to see clock uncertainties.
Critical Warning (332148): Timing requirements not met
    Info (11105): For recommendations on closing timing, run Report Timing Closure Recommendations in the TimeQuest Timing Analyzer.
Info (332146): Worst-case setup slack is -2.317
    Info (332119):     Slack End Point TNS Clock 
    Info (332119): ========= ============= =====================
    Info (332119):    -2.317       -37.800 clk 
Info (332146): Worst-case hold slack is 0.297
    Info (332119):     Slack End Point TNS Clock 
    Info (332119): ========= ============= =====================
    Info (332119):     0.297         0.000 clk 
Info (332140): No Recovery paths to report
Info (332140): No Removal paths to report
Info (332146): Worst-case minimum pulse width slack is -3.000
    Info (332119):     Slack End Point TNS Clock 
    Info (332119): ========= ============= =====================
    Info (332119):    -3.000       -38.000 clk 
Info: Analyzing Fast 1200mV 0C Model
Info (332123): Deriving Clock Uncertainty. Please refer to report_sdc in TimeQuest to see clock uncertainties.
Critical Warning (332148): Timing requirements not met
    Info (11105): For recommendations on closing timing, run Report Timing Closure Recommendations in the TimeQuest Timing Analyzer.
Info (332146): Worst-case setup slack is -1.141
    Info (332119):     Slack End Point TNS Clock 
    Info (332119): ========= ============= =====================
    Info (332119):    -1.141       -11.746 clk 
Info (332146): Worst-case hold slack is 0.178
    Info (332119):     Slack End Point TNS Clock 
    Info (332119): ========= ============= =====================
    Info (332119):     0.178         0.000 clk 
Info (332140): No Recovery paths to report
Info (332140): No Removal paths to report
Info (332146): Worst-case minimum pulse width slack is -3.000
    Info (332119):     Slack End Point TNS Clock 
    Info (332119): ========= ============= =====================
    Info (332119):    -3.000       -39.215 clk 
Info (332102): Design is not fully constrained for setup requirements
Info (332102): Design is not fully constrained for hold requirements
Info: Quartus II 64-Bit TimeQuest Timing Analyzer was successful. 0 errors, 5 warnings
    Info: Peak virtual memory: 4608 megabytes
    Info: Processing ended: Wed Aug 26 11:25:06 2026
    Info: Elapsed time: 00:00:02
    Info: Total CPU time (on all processors): 00:00:02


