TimeQuest Timing Analyzer report for Pipeline_CPU
Wed Sep 02 11:31:54 2026
Quartus II 64-Bit Version 13.0.1 Build 232 06/12/2013 Service Pack 1 SJ Web Edition


---------------------
; Table of Contents ;
---------------------
  1. Legal Notice
  2. TimeQuest Timing Analyzer Summary
  3. Parallel Compilation
  4. Clocks
  5. Slow 1200mV 85C Model Fmax Summary
  6. Timing Closure Recommendations
  7. Slow 1200mV 85C Model Setup Summary
  8. Slow 1200mV 85C Model Hold Summary
  9. Slow 1200mV 85C Model Recovery Summary
 10. Slow 1200mV 85C Model Removal Summary
 11. Slow 1200mV 85C Model Minimum Pulse Width Summary
 12. Slow 1200mV 85C Model Setup: 'clk'
 13. Slow 1200mV 85C Model Hold: 'clk'
 14. Slow 1200mV 85C Model Minimum Pulse Width: 'clk'
 15. Setup Times
 16. Hold Times
 17. Clock to Output Times
 18. Minimum Clock to Output Times
 19. Slow 1200mV 85C Model Metastability Report
 20. Slow 1200mV 0C Model Fmax Summary
 21. Slow 1200mV 0C Model Setup Summary
 22. Slow 1200mV 0C Model Hold Summary
 23. Slow 1200mV 0C Model Recovery Summary
 24. Slow 1200mV 0C Model Removal Summary
 25. Slow 1200mV 0C Model Minimum Pulse Width Summary
 26. Slow 1200mV 0C Model Setup: 'clk'
 27. Slow 1200mV 0C Model Hold: 'clk'
 28. Slow 1200mV 0C Model Minimum Pulse Width: 'clk'
 29. Setup Times
 30. Hold Times
 31. Clock to Output Times
 32. Minimum Clock to Output Times
 33. Slow 1200mV 0C Model Metastability Report
 34. Fast 1200mV 0C Model Setup Summary
 35. Fast 1200mV 0C Model Hold Summary
 36. Fast 1200mV 0C Model Recovery Summary
 37. Fast 1200mV 0C Model Removal Summary
 38. Fast 1200mV 0C Model Minimum Pulse Width Summary
 39. Fast 1200mV 0C Model Setup: 'clk'
 40. Fast 1200mV 0C Model Hold: 'clk'
 41. Fast 1200mV 0C Model Minimum Pulse Width: 'clk'
 42. Setup Times
 43. Hold Times
 44. Clock to Output Times
 45. Minimum Clock to Output Times
 46. Fast 1200mV 0C Model Metastability Report
 47. Multicorner Timing Analysis Summary
 48. Setup Times
 49. Hold Times
 50. Clock to Output Times
 51. Minimum Clock to Output Times
 52. Board Trace Model Assignments
 53. Input Transition Times
 54. Signal Integrity Metrics (Slow 1200mv 0c Model)
 55. Signal Integrity Metrics (Slow 1200mv 85c Model)
 56. Signal Integrity Metrics (Fast 1200mv 0c Model)
 57. Setup Transfers
 58. Hold Transfers
 59. Report TCCS
 60. Report RSKM
 61. Unconstrained Paths
 62. TimeQuest Timing Analyzer Messages



----------------
; Legal Notice ;
----------------
Copyright (C) 1991-2013 Altera Corporation
Your use of Altera Corporation's design tools, logic functions 
and other software and tools, and its AMPP partner logic 
functions, and any output files from any of the foregoing 
(including device programming or simulation files), and any 
associated documentation or information are expressly subject 
to the terms and conditions of the Altera Program License 
Subscription Agreement, Altera MegaCore Function License 
Agreement, or other applicable license agreement, including, 
without limitation, that your use is for the sole purpose of 
programming logic devices manufactured by Altera and sold by 
Altera or its authorized distributors.  Please refer to the 
applicable agreement for further details.



+----------------------------------------------------------------------------------------+
; TimeQuest Timing Analyzer Summary                                                      ;
+--------------------+-------------------------------------------------------------------+
; Quartus II Version ; Version 13.0.1 Build 232 06/12/2013 Service Pack 1 SJ Web Edition ;
; Revision Name      ; Pipeline_CPU                                                      ;
; Device Family      ; Cyclone IV GX                                                     ;
; Device Name        ; EP4CGX22CF19C6                                                    ;
; Timing Models      ; Final                                                             ;
; Delay Model        ; Combined                                                          ;
; Rise/Fall Delays   ; Enabled                                                           ;
+--------------------+-------------------------------------------------------------------+


Parallel compilation was disabled, but you have multiple processors available. Enable parallel compilation to reduce compilation time.
+-------------------------------------+
; Parallel Compilation                ;
+----------------------------+--------+
; Processors                 ; Number ;
+----------------------------+--------+
; Number detected on machine ; 20     ;
; Maximum allowed            ; 1      ;
+----------------------------+--------+


+---------------------------------------------------------------------------------------------------------------------------------------------------------------------------------+
; Clocks                                                                                                                                                                          ;
+------------+------+--------+------------+-------+-------+------------+-----------+-------------+-------+--------+-----------+------------+----------+--------+--------+---------+
; Clock Name ; Type ; Period ; Frequency  ; Rise  ; Fall  ; Duty Cycle ; Divide by ; Multiply by ; Phase ; Offset ; Edge List ; Edge Shift ; Inverted ; Master ; Source ; Targets ;
+------------+------+--------+------------+-------+-------+------------+-----------+-------------+-------+--------+-----------+------------+----------+--------+--------+---------+
; clk        ; Base ; 1.000  ; 1000.0 MHz ; 0.000 ; 0.500 ;            ;           ;             ;       ;        ;           ;            ;          ;        ;        ; { clk } ;
+------------+------+--------+------------+-------+-------+------------+-----------+-------------+-------+--------+-----------+------------+----------+--------+--------+---------+


+--------------------------------------------------+
; Slow 1200mV 85C Model Fmax Summary               ;
+------------+-----------------+------------+------+
; Fmax       ; Restricted Fmax ; Clock Name ; Note ;
+------------+-----------------+------------+------+
; 131.73 MHz ; 131.73 MHz      ; clk        ;      ;
+------------+-----------------+------------+------+
This panel reports FMAX for every clock in the design, regardless of the user-specified clock periods.  FMAX is only computed for paths where the source and destination registers or ports are driven by the same clock.  Paths of different clocks, including generated clocks, are ignored.  For paths between a clock and its inversion, FMAX is computed as if the rising and falling edges are scaled along with FMAX, such that the duty cycle (in terms of a percentage) is maintained. Altera recommends that you always use clock constraints and other slack reports for sign-off analysis.


----------------------------------
; Timing Closure Recommendations ;
----------------------------------
HTML report is unavailable in plain text report export.


+-------------------------------------+
; Slow 1200mV 85C Model Setup Summary ;
+-------+--------+--------------------+
; Clock ; Slack  ; End Point TNS      ;
+-------+--------+--------------------+
; clk   ; -6.591 ; -408.590           ;
+-------+--------+--------------------+


+------------------------------------+
; Slow 1200mV 85C Model Hold Summary ;
+-------+-------+--------------------+
; Clock ; Slack ; End Point TNS      ;
+-------+-------+--------------------+
; clk   ; 0.355 ; 0.000              ;
+-------+-------+--------------------+


------------------------------------------
; Slow 1200mV 85C Model Recovery Summary ;
------------------------------------------
No paths to report.


-----------------------------------------
; Slow 1200mV 85C Model Removal Summary ;
-----------------------------------------
No paths to report.


+---------------------------------------------------+
; Slow 1200mV 85C Model Minimum Pulse Width Summary ;
+-------+--------+----------------------------------+
; Clock ; Slack  ; End Point TNS                    ;
+-------+--------+----------------------------------+
; clk   ; -3.000 ; -118.000                         ;
+-------+--------+----------------------------------+


+----------------------------------------------------------------------------------------------------------------------------------------------------+
; Slow 1200mV 85C Model Setup: 'clk'                                                                                                                 ;
+--------+---------------------------------------+-----------------------------+--------------+-------------+--------------+------------+------------+
; Slack  ; From Node                             ; To Node                     ; Launch Clock ; Latch Clock ; Relationship ; Clock Skew ; Data Delay ;
+--------+---------------------------------------+-----------------------------+--------------+-------------+--------------+------------+------------+
; -6.591 ; Complex_ALU:u_alu|state.MUL_RI_SUB_R  ; Complex_ALU:u_alu|temp2[13] ; clk          ; clk         ; 1.000        ; 0.284      ; 7.870      ;
; -6.580 ; id_ex_Bi[2]                           ; Complex_ALU:u_alu|temp2[13] ; clk          ; clk         ; 1.000        ; 0.284      ; 7.859      ;
; -6.557 ; Complex_ALU:u_alu|state.MUL_RR        ; Complex_ALU:u_alu|temp2[13] ; clk          ; clk         ; 1.000        ; 0.284      ; 7.836      ;
; -6.470 ; Complex_ALU:u_alu|state.MUL_RI_SUB_R  ; Complex_ALU:u_alu|temp1[14] ; clk          ; clk         ; 1.000        ; 0.283      ; 7.748      ;
; -6.459 ; id_ex_Bi[2]                           ; Complex_ALU:u_alu|temp1[14] ; clk          ; clk         ; 1.000        ; 0.283      ; 7.737      ;
; -6.458 ; Complex_ALU:u_alu|state.MUL_RI_SUB_R  ; Complex_ALU:u_alu|temp2[15] ; clk          ; clk         ; 1.000        ; 0.284      ; 7.737      ;
; -6.447 ; id_ex_Bi[2]                           ; Complex_ALU:u_alu|temp2[15] ; clk          ; clk         ; 1.000        ; 0.284      ; 7.726      ;
; -6.436 ; Complex_ALU:u_alu|state.MUL_RR        ; Complex_ALU:u_alu|temp1[14] ; clk          ; clk         ; 1.000        ; 0.283      ; 7.714      ;
; -6.424 ; Complex_ALU:u_alu|state.MUL_RR        ; Complex_ALU:u_alu|temp2[15] ; clk          ; clk         ; 1.000        ; 0.284      ; 7.703      ;
; -6.415 ; id_ex_Br[2]                           ; Complex_ALU:u_alu|temp2[13] ; clk          ; clk         ; 1.000        ; 0.284      ; 7.694      ;
; -6.404 ; Complex_ALU:u_alu|state.MUL_RI_SUB_R  ; Complex_ALU:u_alu|temp2[12] ; clk          ; clk         ; 1.000        ; 0.284      ; 7.683      ;
; -6.401 ; id_ex_Bi[1]                           ; Complex_ALU:u_alu|temp2[13] ; clk          ; clk         ; 1.000        ; 0.284      ; 7.680      ;
; -6.393 ; id_ex_Bi[2]                           ; Complex_ALU:u_alu|temp2[12] ; clk          ; clk         ; 1.000        ; 0.284      ; 7.672      ;
; -6.370 ; Complex_ALU:u_alu|state.MUL_RR        ; Complex_ALU:u_alu|temp2[12] ; clk          ; clk         ; 1.000        ; 0.284      ; 7.649      ;
; -6.310 ; Complex_ALU:u_alu|state.MUL_II        ; Complex_ALU:u_alu|temp2[13] ; clk          ; clk         ; 1.000        ; 0.284      ; 7.589      ;
; -6.296 ; id_ex_Br[1]                           ; Complex_ALU:u_alu|temp2[13] ; clk          ; clk         ; 1.000        ; 0.284      ; 7.575      ;
; -6.294 ; id_ex_Br[2]                           ; Complex_ALU:u_alu|temp1[14] ; clk          ; clk         ; 1.000        ; 0.283      ; 7.572      ;
; -6.287 ; Complex_ALU:u_alu|state.MUL_IR_SAVE_R ; Complex_ALU:u_alu|temp2[13] ; clk          ; clk         ; 1.000        ; 0.284      ; 7.566      ;
; -6.282 ; id_ex_Br[2]                           ; Complex_ALU:u_alu|temp2[15] ; clk          ; clk         ; 1.000        ; 0.284      ; 7.561      ;
; -6.280 ; id_ex_Bi[1]                           ; Complex_ALU:u_alu|temp1[14] ; clk          ; clk         ; 1.000        ; 0.283      ; 7.558      ;
; -6.268 ; id_ex_Bi[1]                           ; Complex_ALU:u_alu|temp2[15] ; clk          ; clk         ; 1.000        ; 0.284      ; 7.547      ;
; -6.228 ; id_ex_Br[2]                           ; Complex_ALU:u_alu|temp2[12] ; clk          ; clk         ; 1.000        ; 0.284      ; 7.507      ;
; -6.221 ; Complex_ALU:u_alu|state.MUL_RI_SUB_R  ; Complex_ALU:u_alu|temp2[11] ; clk          ; clk         ; 1.000        ; 0.284      ; 7.500      ;
; -6.214 ; id_ex_Bi[1]                           ; Complex_ALU:u_alu|temp2[12] ; clk          ; clk         ; 1.000        ; 0.284      ; 7.493      ;
; -6.210 ; id_ex_Bi[2]                           ; Complex_ALU:u_alu|temp2[11] ; clk          ; clk         ; 1.000        ; 0.284      ; 7.489      ;
; -6.189 ; Complex_ALU:u_alu|state.MUL_II        ; Complex_ALU:u_alu|temp1[14] ; clk          ; clk         ; 1.000        ; 0.283      ; 7.467      ;
; -6.187 ; Complex_ALU:u_alu|state.MUL_RR        ; Complex_ALU:u_alu|temp2[11] ; clk          ; clk         ; 1.000        ; 0.284      ; 7.466      ;
; -6.177 ; Complex_ALU:u_alu|state.MUL_II        ; Complex_ALU:u_alu|temp2[15] ; clk          ; clk         ; 1.000        ; 0.284      ; 7.456      ;
; -6.175 ; id_ex_Br[1]                           ; Complex_ALU:u_alu|temp1[14] ; clk          ; clk         ; 1.000        ; 0.283      ; 7.453      ;
; -6.166 ; Complex_ALU:u_alu|state.MUL_IR_SAVE_R ; Complex_ALU:u_alu|temp1[14] ; clk          ; clk         ; 1.000        ; 0.283      ; 7.444      ;
; -6.163 ; id_ex_Br[1]                           ; Complex_ALU:u_alu|temp2[15] ; clk          ; clk         ; 1.000        ; 0.284      ; 7.442      ;
; -6.154 ; Complex_ALU:u_alu|state.MUL_IR_SAVE_R ; Complex_ALU:u_alu|temp2[15] ; clk          ; clk         ; 1.000        ; 0.284      ; 7.433      ;
; -6.123 ; Complex_ALU:u_alu|state.MUL_II        ; Complex_ALU:u_alu|temp2[12] ; clk          ; clk         ; 1.000        ; 0.284      ; 7.402      ;
; -6.109 ; id_ex_Br[1]                           ; Complex_ALU:u_alu|temp2[12] ; clk          ; clk         ; 1.000        ; 0.284      ; 7.388      ;
; -6.100 ; Complex_ALU:u_alu|state.MUL_IR_SAVE_R ; Complex_ALU:u_alu|temp2[12] ; clk          ; clk         ; 1.000        ; 0.284      ; 7.379      ;
; -6.055 ; id_ex_Bi[4]                           ; Complex_ALU:u_alu|temp2[13] ; clk          ; clk         ; 1.000        ; 0.284      ; 7.334      ;
; -6.045 ; id_ex_Br[2]                           ; Complex_ALU:u_alu|temp2[11] ; clk          ; clk         ; 1.000        ; 0.284      ; 7.324      ;
; -6.031 ; id_ex_Bi[1]                           ; Complex_ALU:u_alu|temp2[11] ; clk          ; clk         ; 1.000        ; 0.284      ; 7.310      ;
; -5.997 ; Complex_ALU:u_alu|state.MUL_RR        ; Complex_ALU:u_alu|temp1[9]  ; clk          ; clk         ; 1.000        ; 0.290      ; 7.282      ;
; -5.940 ; Complex_ALU:u_alu|state.MUL_II        ; Complex_ALU:u_alu|temp2[11] ; clk          ; clk         ; 1.000        ; 0.284      ; 7.219      ;
; -5.934 ; id_ex_Bi[4]                           ; Complex_ALU:u_alu|temp1[14] ; clk          ; clk         ; 1.000        ; 0.283      ; 7.212      ;
; -5.926 ; id_ex_Br[1]                           ; Complex_ALU:u_alu|temp2[11] ; clk          ; clk         ; 1.000        ; 0.284      ; 7.205      ;
; -5.922 ; id_ex_Bi[4]                           ; Complex_ALU:u_alu|temp2[15] ; clk          ; clk         ; 1.000        ; 0.284      ; 7.201      ;
; -5.917 ; Complex_ALU:u_alu|state.MUL_IR_SAVE_R ; Complex_ALU:u_alu|temp2[11] ; clk          ; clk         ; 1.000        ; 0.284      ; 7.196      ;
; -5.868 ; id_ex_Bi[4]                           ; Complex_ALU:u_alu|temp2[12] ; clk          ; clk         ; 1.000        ; 0.284      ; 7.147      ;
; -5.861 ; Complex_ALU:u_alu|state.MUL_RI_SUB_R  ; Complex_ALU:u_alu|temp1[9]  ; clk          ; clk         ; 1.000        ; 0.290      ; 7.146      ;
; -5.850 ; id_ex_Bi[2]                           ; Complex_ALU:u_alu|temp1[9]  ; clk          ; clk         ; 1.000        ; 0.290      ; 7.135      ;
; -5.808 ; Complex_ALU:u_alu|state.MUL_RI_SUB_R  ; Complex_ALU:u_alu|temp2[8]  ; clk          ; clk         ; 1.000        ; 0.284      ; 7.087      ;
; -5.799 ; Complex_ALU:u_alu|state.MUL_RR        ; Complex_ALU:u_alu|temp2[10] ; clk          ; clk         ; 1.000        ; 0.284      ; 7.078      ;
; -5.797 ; id_ex_Bi[2]                           ; Complex_ALU:u_alu|temp2[8]  ; clk          ; clk         ; 1.000        ; 0.284      ; 7.076      ;
; -5.774 ; Complex_ALU:u_alu|state.MUL_RR        ; Complex_ALU:u_alu|temp2[8]  ; clk          ; clk         ; 1.000        ; 0.284      ; 7.053      ;
; -5.750 ; Complex_ALU:u_alu|state.MUL_IR_SAVE_R ; Complex_ALU:u_alu|temp1[9]  ; clk          ; clk         ; 1.000        ; 0.290      ; 7.035      ;
; -5.736 ; Complex_ALU:u_alu|state.MUL_RI_SUB_R  ; Complex_ALU:u_alu|temp2[10] ; clk          ; clk         ; 1.000        ; 0.284      ; 7.015      ;
; -5.728 ; id_ex_Ar[7]                           ; Complex_ALU:u_alu|temp2[13] ; clk          ; clk         ; 1.000        ; 0.282      ; 7.005      ;
; -5.717 ; Complex_ALU:u_alu|state.MUL_RI_SUB_R  ; Complex_ALU:u_alu|temp2[14] ; clk          ; clk         ; 1.000        ; 0.264      ; 6.976      ;
; -5.706 ; id_ex_Bi[2]                           ; Complex_ALU:u_alu|temp2[14] ; clk          ; clk         ; 1.000        ; 0.264      ; 6.965      ;
; -5.685 ; id_ex_Bi[4]                           ; Complex_ALU:u_alu|temp2[11] ; clk          ; clk         ; 1.000        ; 0.284      ; 6.964      ;
; -5.685 ; id_ex_Br[2]                           ; Complex_ALU:u_alu|temp1[9]  ; clk          ; clk         ; 1.000        ; 0.290      ; 6.970      ;
; -5.683 ; Complex_ALU:u_alu|state.MUL_RR        ; Complex_ALU:u_alu|temp2[14] ; clk          ; clk         ; 1.000        ; 0.264      ; 6.942      ;
; -5.675 ; id_ex_Bi[0]                           ; Complex_ALU:u_alu|temp2[13] ; clk          ; clk         ; 1.000        ; 0.284      ; 6.954      ;
; -5.671 ; id_ex_Bi[1]                           ; Complex_ALU:u_alu|temp1[9]  ; clk          ; clk         ; 1.000        ; 0.290      ; 6.956      ;
; -5.669 ; id_ex_Bi[2]                           ; Complex_ALU:u_alu|temp2[10] ; clk          ; clk         ; 1.000        ; 0.284      ; 6.948      ;
; -5.659 ; Complex_ALU:u_alu|state.MUL_RI_SUB_R  ; Complex_ALU:u_alu|temp1[6]  ; clk          ; clk         ; 1.000        ; 0.260      ; 6.914      ;
; -5.656 ; id_ex_Bi[3]                           ; Complex_ALU:u_alu|temp2[13] ; clk          ; clk         ; 1.000        ; 0.284      ; 6.935      ;
; -5.651 ; id_ex_Ar[5]                           ; Complex_ALU:u_alu|temp2[13] ; clk          ; clk         ; 1.000        ; 0.283      ; 6.929      ;
; -5.640 ; Complex_ALU:u_alu|state.MUL_RI_SUB_R  ; Complex_ALU:u_alu|temp1[15] ; clk          ; clk         ; 1.000        ; 0.290      ; 6.925      ;
; -5.632 ; id_ex_Br[2]                           ; Complex_ALU:u_alu|temp2[8]  ; clk          ; clk         ; 1.000        ; 0.284      ; 6.911      ;
; -5.629 ; id_ex_Bi[2]                           ; Complex_ALU:u_alu|temp1[15] ; clk          ; clk         ; 1.000        ; 0.290      ; 6.914      ;
; -5.628 ; Complex_ALU:u_alu|state.MUL_RI_SUB_R  ; Complex_ALU:u_alu|temp1[7]  ; clk          ; clk         ; 1.000        ; 0.260      ; 6.883      ;
; -5.618 ; id_ex_Bi[1]                           ; Complex_ALU:u_alu|temp2[8]  ; clk          ; clk         ; 1.000        ; 0.284      ; 6.897      ;
; -5.607 ; id_ex_Ar[7]                           ; Complex_ALU:u_alu|temp1[14] ; clk          ; clk         ; 1.000        ; 0.281      ; 6.883      ;
; -5.606 ; Complex_ALU:u_alu|state.MUL_RR        ; Complex_ALU:u_alu|temp1[15] ; clk          ; clk         ; 1.000        ; 0.290      ; 6.891      ;
; -5.602 ; Complex_ALU:u_alu|state.MUL_RR        ; Complex_ALU:u_alu|temp1[6]  ; clk          ; clk         ; 1.000        ; 0.260      ; 6.857      ;
; -5.595 ; id_ex_Ar[7]                           ; Complex_ALU:u_alu|temp2[15] ; clk          ; clk         ; 1.000        ; 0.282      ; 6.872      ;
; -5.586 ; id_ex_Ai[6]                           ; Complex_ALU:u_alu|temp2[13] ; clk          ; clk         ; 1.000        ; 0.285      ; 6.866      ;
; -5.580 ; Complex_ALU:u_alu|state.MUL_II        ; Complex_ALU:u_alu|temp1[9]  ; clk          ; clk         ; 1.000        ; 0.290      ; 6.865      ;
; -5.575 ; Complex_ALU:u_alu|state.MUL_RI_SUB_R  ; Complex_ALU:u_alu|temp1[12] ; clk          ; clk         ; 1.000        ; 0.290      ; 6.860      ;
; -5.571 ; Complex_ALU:u_alu|state.MUL_RR        ; Complex_ALU:u_alu|temp1[7]  ; clk          ; clk         ; 1.000        ; 0.260      ; 6.826      ;
; -5.569 ; Complex_ALU:u_alu|state.MUL_RI_SUB_R  ; Complex_ALU:u_alu|temp1[13] ; clk          ; clk         ; 1.000        ; 0.290      ; 6.854      ;
; -5.566 ; id_ex_Br[1]                           ; Complex_ALU:u_alu|temp1[9]  ; clk          ; clk         ; 1.000        ; 0.290      ; 6.851      ;
; -5.564 ; id_ex_Bi[2]                           ; Complex_ALU:u_alu|temp1[12] ; clk          ; clk         ; 1.000        ; 0.290      ; 6.849      ;
; -5.558 ; id_ex_Bi[2]                           ; Complex_ALU:u_alu|temp1[13] ; clk          ; clk         ; 1.000        ; 0.290      ; 6.843      ;
; -5.554 ; id_ex_Bi[0]                           ; Complex_ALU:u_alu|temp1[14] ; clk          ; clk         ; 1.000        ; 0.283      ; 6.832      ;
; -5.552 ; Complex_ALU:u_alu|state.MUL_IR_SAVE_R ; Complex_ALU:u_alu|temp2[10] ; clk          ; clk         ; 1.000        ; 0.284      ; 6.831      ;
; -5.542 ; id_ex_Bi[0]                           ; Complex_ALU:u_alu|temp2[15] ; clk          ; clk         ; 1.000        ; 0.284      ; 6.821      ;
; -5.541 ; id_ex_Ar[7]                           ; Complex_ALU:u_alu|temp2[12] ; clk          ; clk         ; 1.000        ; 0.282      ; 6.818      ;
; -5.541 ; Complex_ALU:u_alu|state.MUL_RR        ; Complex_ALU:u_alu|temp1[12] ; clk          ; clk         ; 1.000        ; 0.290      ; 6.826      ;
; -5.541 ; id_ex_Br[2]                           ; Complex_ALU:u_alu|temp2[14] ; clk          ; clk         ; 1.000        ; 0.264      ; 6.800      ;
; -5.540 ; id_ex_Ai[3]                           ; Complex_ALU:u_alu|temp2[13] ; clk          ; clk         ; 1.000        ; -0.106     ; 6.429      ;
; -5.535 ; id_ex_Bi[3]                           ; Complex_ALU:u_alu|temp1[14] ; clk          ; clk         ; 1.000        ; 0.283      ; 6.813      ;
; -5.535 ; Complex_ALU:u_alu|state.MUL_RR        ; Complex_ALU:u_alu|temp1[13] ; clk          ; clk         ; 1.000        ; 0.290      ; 6.820      ;
; -5.531 ; id_ex_Ai[7]                           ; Complex_ALU:u_alu|temp2[13] ; clk          ; clk         ; 1.000        ; 0.285      ; 6.811      ;
; -5.530 ; id_ex_Ar[5]                           ; Complex_ALU:u_alu|temp1[14] ; clk          ; clk         ; 1.000        ; 0.282      ; 6.807      ;
; -5.527 ; Complex_ALU:u_alu|state.MUL_II        ; Complex_ALU:u_alu|temp2[8]  ; clk          ; clk         ; 1.000        ; 0.284      ; 6.806      ;
; -5.527 ; id_ex_Bi[1]                           ; Complex_ALU:u_alu|temp2[14] ; clk          ; clk         ; 1.000        ; 0.264      ; 6.786      ;
; -5.523 ; id_ex_Bi[3]                           ; Complex_ALU:u_alu|temp2[15] ; clk          ; clk         ; 1.000        ; 0.284      ; 6.802      ;
; -5.518 ; id_ex_Ar[5]                           ; Complex_ALU:u_alu|temp2[15] ; clk          ; clk         ; 1.000        ; 0.283      ; 6.796      ;
; -5.515 ; id_ex_Bi[5]                           ; Complex_ALU:u_alu|temp2[13] ; clk          ; clk         ; 1.000        ; 0.284      ; 6.794      ;
; -5.513 ; id_ex_Br[1]                           ; Complex_ALU:u_alu|temp2[8]  ; clk          ; clk         ; 1.000        ; 0.284      ; 6.792      ;
; -5.504 ; id_ex_Br[2]                           ; Complex_ALU:u_alu|temp2[10] ; clk          ; clk         ; 1.000        ; 0.284      ; 6.783      ;
+--------+---------------------------------------+-----------------------------+--------------+-------------+--------------+------------+------------+


+---------------------------------------------------------------------------------------------------------------------------------------------------------+
; Slow 1200mV 85C Model Hold: 'clk'                                                                                                                       ;
+-------+---------------------------------------+-----------------------------------+--------------+-------------+--------------+------------+------------+
; Slack ; From Node                             ; To Node                           ; Launch Clock ; Latch Clock ; Relationship ; Clock Skew ; Data Delay ;
+-------+---------------------------------------+-----------------------------------+--------------+-------------+--------------+------------+------------+
; 0.355 ; pc[0]                                 ; pc[0]                             ; clk          ; clk         ; 0.000        ; 0.065      ; 0.577      ;
; 0.356 ; Complex_ALU:u_alu|ready               ; Complex_ALU:u_alu|ready           ; clk          ; clk         ; 0.000        ; 0.064      ; 0.577      ;
; 0.382 ; id_ex_start                           ; Complex_ALU:u_alu|state.ADD_SUB_R ; clk          ; clk         ; 0.000        ; 0.064      ; 0.603      ;
; 0.385 ; Memory_32:u_mem|data_out[15]          ; id_ex_op[1]                       ; clk          ; clk         ; 0.000        ; 0.064      ; 0.606      ;
; 0.497 ; id_ex_op[0]                           ; Complex_ALU:u_alu|state.ADD_SUB_R ; clk          ; clk         ; 0.000        ; 0.064      ; 0.718      ;
; 0.531 ; Memory_32:u_mem|data_out[14]          ; id_ex_op[0]                       ; clk          ; clk         ; 0.000        ; 0.064      ; 0.752      ;
; 0.557 ; Complex_ALU:u_alu|state.ADD_SUB_I     ; Complex_ALU:u_alu|state.IDLE      ; clk          ; clk         ; 0.000        ; 0.064      ; 0.778      ;
; 0.557 ; Complex_ALU:u_alu|state.ADD_SUB_I     ; Complex_ALU:u_alu|ready           ; clk          ; clk         ; 0.000        ; 0.064      ; 0.778      ;
; 0.558 ; Complex_ALU:u_alu|state.MUL_RR        ; Complex_ALU:u_alu|state.MUL_II    ; clk          ; clk         ; 0.000        ; 0.064      ; 0.779      ;
; 0.573 ; pc[4]                                 ; pc[4]                             ; clk          ; clk         ; 0.000        ; 0.065      ; 0.795      ;
; 0.589 ; id_ex_op[1]                           ; Complex_ALU:u_alu|state.ADD_SUB_R ; clk          ; clk         ; 0.000        ; 0.064      ; 0.810      ;
; 0.591 ; pc[2]                                 ; pc[2]                             ; clk          ; clk         ; 0.000        ; 0.065      ; 0.813      ;
; 0.591 ; pc[3]                                 ; pc[3]                             ; clk          ; clk         ; 0.000        ; 0.065      ; 0.813      ;
; 0.604 ; pc[1]                                 ; pc[1]                             ; clk          ; clk         ; 0.000        ; 0.065      ; 0.826      ;
; 0.613 ; pc[0]                                 ; pc[1]                             ; clk          ; clk         ; 0.000        ; 0.065      ; 0.835      ;
; 0.629 ; Complex_ALU:u_alu|state.IDLE          ; Complex_ALU:u_alu|state.ADD_SUB_R ; clk          ; clk         ; 0.000        ; 0.064      ; 0.850      ;
; 0.668 ; Complex_ALU:u_alu|state.ADD_SUB_R     ; Complex_ALU:u_alu|state.ADD_SUB_I ; clk          ; clk         ; 0.000        ; 0.064      ; 0.889      ;
; 0.673 ; Complex_ALU:u_alu|state.FINISH        ; Complex_ALU:u_alu|state.IDLE      ; clk          ; clk         ; 0.000        ; 0.064      ; 0.894      ;
; 0.684 ; pc[4]                                 ; Memory_32:u_mem|data_out[14]      ; clk          ; clk         ; 0.000        ; 0.065      ; 0.906      ;
; 0.688 ; pc[4]                                 ; Memory_32:u_mem|data_out[15]      ; clk          ; clk         ; 0.000        ; 0.065      ; 0.910      ;
; 0.709 ; Complex_ALU:u_alu|ready               ; id_ex_start                       ; clk          ; clk         ; 0.000        ; 0.064      ; 0.930      ;
; 0.782 ; Complex_ALU:u_alu|state.IDLE          ; Complex_ALU:u_alu|ready           ; clk          ; clk         ; 0.000        ; 0.064      ; 1.003      ;
; 0.803 ; Complex_ALU:u_alu|state.FINISH        ; Complex_ALU:u_alu|ready           ; clk          ; clk         ; 0.000        ; 0.064      ; 1.024      ;
; 0.832 ; pc[3]                                 ; Memory_32:u_mem|data_out[15]      ; clk          ; clk         ; 0.000        ; 0.065      ; 1.054      ;
; 0.856 ; pc[3]                                 ; Memory_32:u_mem|data_out[14]      ; clk          ; clk         ; 0.000        ; 0.065      ; 1.078      ;
; 0.866 ; pc[2]                                 ; pc[3]                             ; clk          ; clk         ; 0.000        ; 0.065      ; 1.088      ;
; 0.878 ; pc[3]                                 ; pc[4]                             ; clk          ; clk         ; 0.000        ; 0.065      ; 1.100      ;
; 0.882 ; pc[1]                                 ; pc[2]                             ; clk          ; clk         ; 0.000        ; 0.065      ; 1.104      ;
; 0.884 ; pc[1]                                 ; pc[3]                             ; clk          ; clk         ; 0.000        ; 0.065      ; 1.106      ;
; 0.887 ; pc[0]                                 ; pc[2]                             ; clk          ; clk         ; 0.000        ; 0.065      ; 1.109      ;
; 0.889 ; pc[0]                                 ; pc[3]                             ; clk          ; clk         ; 0.000        ; 0.065      ; 1.111      ;
; 0.940 ; id_ex_start                           ; Complex_ALU:u_alu|state.IDLE      ; clk          ; clk         ; 0.000        ; 0.064      ; 1.161      ;
; 0.941 ; pc[2]                                 ; Memory_32:u_mem|data_out[15]      ; clk          ; clk         ; 0.000        ; 0.065      ; 1.163      ;
; 0.960 ; Complex_ALU:u_alu|temp2[0]            ; Complex_ALU:u_alu|Ci[0]           ; clk          ; clk         ; 0.000        ; 0.064      ; 1.181      ;
; 0.968 ; pc[2]                                 ; Memory_32:u_mem|data_out[14]      ; clk          ; clk         ; 0.000        ; 0.065      ; 1.190      ;
; 0.976 ; pc[2]                                 ; pc[4]                             ; clk          ; clk         ; 0.000        ; 0.065      ; 1.198      ;
; 0.978 ; Complex_ALU:u_alu|state.MUL_IR_SAVE_R ; Complex_ALU:u_alu|state.FINISH    ; clk          ; clk         ; 0.000        ; 0.067      ; 1.202      ;
; 0.994 ; pc[1]                                 ; pc[4]                             ; clk          ; clk         ; 0.000        ; 0.065      ; 1.216      ;
; 0.999 ; pc[0]                                 ; pc[4]                             ; clk          ; clk         ; 0.000        ; 0.065      ; 1.221      ;
; 1.002 ; pc[4]                                 ; id_ex_start                       ; clk          ; clk         ; 0.000        ; 0.065      ; 1.224      ;
; 1.026 ; Complex_ALU:u_alu|ready               ; pc[0]                             ; clk          ; clk         ; 0.000        ; 0.064      ; 1.247      ;
; 1.058 ; id_ex_op[0]                           ; Complex_ALU:u_alu|state.IDLE      ; clk          ; clk         ; 0.000        ; 0.064      ; 1.279      ;
; 1.077 ; pc[0]                                 ; Memory_32:u_mem|data_out[15]      ; clk          ; clk         ; 0.000        ; 0.065      ; 1.299      ;
; 1.084 ; pc[1]                                 ; Memory_32:u_mem|data_out[15]      ; clk          ; clk         ; 0.000        ; 0.065      ; 1.306      ;
; 1.091 ; pc[1]                                 ; Memory_32:u_mem|data_out[14]      ; clk          ; clk         ; 0.000        ; 0.065      ; 1.313      ;
; 1.094 ; pc[0]                                 ; Memory_32:u_mem|data_out[14]      ; clk          ; clk         ; 0.000        ; 0.065      ; 1.316      ;
; 1.163 ; id_ex_op[1]                           ; Complex_ALU:u_alu|state.IDLE      ; clk          ; clk         ; 0.000        ; 0.064      ; 1.384      ;
; 1.173 ; Memory_32:u_mem|data_out[15]          ; id_ex_start                       ; clk          ; clk         ; 0.000        ; 0.064      ; 1.394      ;
; 1.195 ; Complex_ALU:u_alu|state.IDLE          ; Complex_ALU:u_alu|state.IDLE      ; clk          ; clk         ; 0.000        ; 0.064      ; 1.416      ;
; 1.234 ; Complex_ALU:u_alu|temp2[0]            ; Complex_ALU:u_alu|Ci[1]           ; clk          ; clk         ; 0.000        ; 0.064      ; 1.455      ;
; 1.252 ; Complex_ALU:u_alu|temp2[0]            ; Complex_ALU:u_alu|Cr[0]           ; clk          ; clk         ; 0.000        ; 0.064      ; 1.473      ;
; 1.291 ; Complex_ALU:u_alu|temp2[0]            ; Complex_ALU:u_alu|Ci[2]           ; clk          ; clk         ; 0.000        ; 0.064      ; 1.512      ;
; 1.319 ; pc[4]                                 ; pc[0]                             ; clk          ; clk         ; 0.000        ; 0.065      ; 1.541      ;
; 1.342 ; Complex_ALU:u_alu|temp1[0]            ; Complex_ALU:u_alu|Ci[0]           ; clk          ; clk         ; 0.000        ; -0.284     ; 1.215      ;
; 1.346 ; Complex_ALU:u_alu|temp2[0]            ; Complex_ALU:u_alu|Cr[3]           ; clk          ; clk         ; 0.000        ; 0.064      ; 1.567      ;
; 1.359 ; Complex_ALU:u_alu|ready               ; pc[2]                             ; clk          ; clk         ; 0.000        ; 0.064      ; 1.580      ;
; 1.359 ; Complex_ALU:u_alu|ready               ; pc[3]                             ; clk          ; clk         ; 0.000        ; 0.064      ; 1.580      ;
; 1.359 ; Complex_ALU:u_alu|ready               ; pc[4]                             ; clk          ; clk         ; 0.000        ; 0.064      ; 1.580      ;
; 1.359 ; Complex_ALU:u_alu|ready               ; pc[1]                             ; clk          ; clk         ; 0.000        ; 0.064      ; 1.580      ;
; 1.396 ; Memory_32:u_mem|data_out[14]          ; id_ex_start                       ; clk          ; clk         ; 0.000        ; 0.064      ; 1.617      ;
; 1.403 ; Complex_ALU:u_alu|temp2[0]            ; Complex_ALU:u_alu|Cr[4]           ; clk          ; clk         ; 0.000        ; 0.064      ; 1.624      ;
; 1.418 ; Complex_ALU:u_alu|ready               ; id_ex_op[0]                       ; clk          ; clk         ; 0.000        ; 0.064      ; 1.639      ;
; 1.418 ; Complex_ALU:u_alu|ready               ; id_ex_op[1]                       ; clk          ; clk         ; 0.000        ; 0.064      ; 1.639      ;
; 1.428 ; id_ex_start                           ; Complex_ALU:u_alu|state.MUL_RR    ; clk          ; clk         ; 0.000        ; 0.062      ; 1.647      ;
; 1.446 ; pc[3]                                 ; id_ex_start                       ; clk          ; clk         ; 0.000        ; 0.065      ; 1.668      ;
; 1.458 ; Complex_ALU:u_alu|temp2[0]            ; Complex_ALU:u_alu|Cr[5]           ; clk          ; clk         ; 0.000        ; 0.064      ; 1.679      ;
; 1.458 ; id_ex_Ar[7]                           ; Complex_ALU:u_alu|Cr[11]          ; clk          ; clk         ; 0.000        ; 0.065      ; 1.680      ;
; 1.460 ; id_ex_Ar[7]                           ; Complex_ALU:u_alu|Cr[9]           ; clk          ; clk         ; 0.000        ; 0.065      ; 1.682      ;
; 1.461 ; id_ex_Ar[7]                           ; Complex_ALU:u_alu|Cr[10]          ; clk          ; clk         ; 0.000        ; 0.065      ; 1.683      ;
; 1.462 ; id_ex_Ar[7]                           ; Complex_ALU:u_alu|Cr[13]          ; clk          ; clk         ; 0.000        ; 0.065      ; 1.684      ;
; 1.485 ; id_ex_Ar[7]                           ; Complex_ALU:u_alu|Cr[14]          ; clk          ; clk         ; 0.000        ; 0.065      ; 1.707      ;
; 1.488 ; id_ex_Ar[7]                           ; Complex_ALU:u_alu|Cr[12]          ; clk          ; clk         ; 0.000        ; 0.065      ; 1.710      ;
; 1.490 ; Memory_32:u_mem|data_out[15]          ; pc[0]                             ; clk          ; clk         ; 0.000        ; 0.064      ; 1.711      ;
; 1.513 ; Complex_ALU:u_alu|temp1[6]            ; Complex_ALU:u_alu|Ci[6]           ; clk          ; clk         ; 0.000        ; -0.257     ; 1.413      ;
; 1.515 ; Complex_ALU:u_alu|temp2[0]            ; Complex_ALU:u_alu|Ci[6]           ; clk          ; clk         ; 0.000        ; 0.064      ; 1.736      ;
; 1.525 ; Complex_ALU:u_alu|temp2[0]            ; Complex_ALU:u_alu|Cr[1]           ; clk          ; clk         ; 0.000        ; 0.064      ; 1.746      ;
; 1.529 ; Complex_ALU:u_alu|state.FINISH        ; Complex_ALU:u_alu|Ci[0]           ; clk          ; clk         ; 0.000        ; 0.065      ; 1.751      ;
; 1.529 ; Complex_ALU:u_alu|state.FINISH        ; Complex_ALU:u_alu|Ci[1]           ; clk          ; clk         ; 0.000        ; 0.065      ; 1.751      ;
; 1.529 ; Complex_ALU:u_alu|state.FINISH        ; Complex_ALU:u_alu|Ci[2]           ; clk          ; clk         ; 0.000        ; 0.065      ; 1.751      ;
; 1.529 ; Complex_ALU:u_alu|state.FINISH        ; Complex_ALU:u_alu|Ci[3]           ; clk          ; clk         ; 0.000        ; 0.065      ; 1.751      ;
; 1.529 ; Complex_ALU:u_alu|state.FINISH        ; Complex_ALU:u_alu|Ci[4]           ; clk          ; clk         ; 0.000        ; 0.065      ; 1.751      ;
; 1.529 ; Complex_ALU:u_alu|state.FINISH        ; Complex_ALU:u_alu|Ci[5]           ; clk          ; clk         ; 0.000        ; 0.065      ; 1.751      ;
; 1.529 ; Complex_ALU:u_alu|state.FINISH        ; Complex_ALU:u_alu|Ci[6]           ; clk          ; clk         ; 0.000        ; 0.065      ; 1.751      ;
; 1.545 ; id_ex_op[0]                           ; Complex_ALU:u_alu|state.MUL_RR    ; clk          ; clk         ; 0.000        ; 0.062      ; 1.764      ;
; 1.546 ; Complex_ALU:u_alu|temp1[7]            ; Complex_ALU:u_alu|Cr[7]           ; clk          ; clk         ; 0.000        ; -0.258     ; 1.445      ;
; 1.555 ; pc[2]                                 ; id_ex_start                       ; clk          ; clk         ; 0.000        ; 0.065      ; 1.777      ;
; 1.558 ; id_ex_Ar[7]                           ; Complex_ALU:u_alu|Ci[15]          ; clk          ; clk         ; 0.000        ; 0.065      ; 1.780      ;
; 1.558 ; Complex_ALU:u_alu|temp1[2]            ; Complex_ALU:u_alu|Ci[2]           ; clk          ; clk         ; 0.000        ; -0.257     ; 1.458      ;
; 1.564 ; Complex_ALU:u_alu|temp2[8]            ; Complex_ALU:u_alu|Ci[8]           ; clk          ; clk         ; 0.000        ; -0.282     ; 1.439      ;
; 1.569 ; id_ex_Br[7]                           ; Complex_ALU:u_alu|Ci[8]           ; clk          ; clk         ; 0.000        ; 0.069      ; 1.795      ;
; 1.571 ; Complex_ALU:u_alu|temp2[0]            ; Complex_ALU:u_alu|Cr[7]           ; clk          ; clk         ; 0.000        ; 0.063      ; 1.791      ;
; 1.578 ; Complex_ALU:u_alu|temp2[12]           ; Complex_ALU:u_alu|Cr[12]          ; clk          ; clk         ; 0.000        ; -0.282     ; 1.453      ;
; 1.586 ; id_ex_Br[7]                           ; Complex_ALU:u_alu|Cr[14]          ; clk          ; clk         ; 0.000        ; 0.069      ; 1.812      ;
; 1.591 ; id_ex_Br[7]                           ; Complex_ALU:u_alu|Cr[12]          ; clk          ; clk         ; 0.000        ; 0.069      ; 1.817      ;
; 1.592 ; Complex_ALU:u_alu|temp2[10]           ; Complex_ALU:u_alu|Cr[10]          ; clk          ; clk         ; 0.000        ; -0.282     ; 1.467      ;
; 1.594 ; id_ex_Br[7]                           ; Complex_ALU:u_alu|Cr[9]           ; clk          ; clk         ; 0.000        ; 0.069      ; 1.820      ;
; 1.595 ; Complex_ALU:u_alu|temp2[11]           ; Complex_ALU:u_alu|Cr[11]          ; clk          ; clk         ; 0.000        ; -0.282     ; 1.470      ;
; 1.595 ; Complex_ALU:u_alu|temp2[13]           ; Complex_ALU:u_alu|Cr[13]          ; clk          ; clk         ; 0.000        ; -0.282     ; 1.470      ;
; 1.597 ; id_ex_Br[7]                           ; Complex_ALU:u_alu|Cr[13]          ; clk          ; clk         ; 0.000        ; 0.069      ; 1.823      ;
; 1.601 ; id_ex_Br[7]                           ; Complex_ALU:u_alu|Cr[10]          ; clk          ; clk         ; 0.000        ; 0.069      ; 1.827      ;
+-------+---------------------------------------+-----------------------------------+--------------+-------------+--------------+------------+------------+


+------------------------------------------------------------------------------------------------------------------+
; Slow 1200mV 85C Model Minimum Pulse Width: 'clk'                                                                 ;
+--------+--------------+----------------+------------+-------+------------+---------------------------------------+
; Slack  ; Actual Width ; Required Width ; Type       ; Clock ; Clock Edge ; Target                                ;
+--------+--------------+----------------+------------+-------+------------+---------------------------------------+
; -3.000 ; 1.000        ; 4.000          ; Port Rate  ; clk   ; Rise       ; clk                                   ;
; -1.000 ; 1.000        ; 2.000          ; Min Period ; clk   ; Rise       ; Complex_ALU:u_alu|Ci[0]               ;
; -1.000 ; 1.000        ; 2.000          ; Min Period ; clk   ; Rise       ; Complex_ALU:u_alu|Ci[10]              ;
; -1.000 ; 1.000        ; 2.000          ; Min Period ; clk   ; Rise       ; Complex_ALU:u_alu|Ci[11]              ;
; -1.000 ; 1.000        ; 2.000          ; Min Period ; clk   ; Rise       ; Complex_ALU:u_alu|Ci[12]              ;
; -1.000 ; 1.000        ; 2.000          ; Min Period ; clk   ; Rise       ; Complex_ALU:u_alu|Ci[13]              ;
; -1.000 ; 1.000        ; 2.000          ; Min Period ; clk   ; Rise       ; Complex_ALU:u_alu|Ci[14]              ;
; -1.000 ; 1.000        ; 2.000          ; Min Period ; clk   ; Rise       ; Complex_ALU:u_alu|Ci[15]              ;
; -1.000 ; 1.000        ; 2.000          ; Min Period ; clk   ; Rise       ; Complex_ALU:u_alu|Ci[1]               ;
; -1.000 ; 1.000        ; 2.000          ; Min Period ; clk   ; Rise       ; Complex_ALU:u_alu|Ci[2]               ;
; -1.000 ; 1.000        ; 2.000          ; Min Period ; clk   ; Rise       ; Complex_ALU:u_alu|Ci[3]               ;
; -1.000 ; 1.000        ; 2.000          ; Min Period ; clk   ; Rise       ; Complex_ALU:u_alu|Ci[4]               ;
; -1.000 ; 1.000        ; 2.000          ; Min Period ; clk   ; Rise       ; Complex_ALU:u_alu|Ci[5]               ;
; -1.000 ; 1.000        ; 2.000          ; Min Period ; clk   ; Rise       ; Complex_ALU:u_alu|Ci[6]               ;
; -1.000 ; 1.000        ; 2.000          ; Min Period ; clk   ; Rise       ; Complex_ALU:u_alu|Ci[7]               ;
; -1.000 ; 1.000        ; 2.000          ; Min Period ; clk   ; Rise       ; Complex_ALU:u_alu|Ci[8]               ;
; -1.000 ; 1.000        ; 2.000          ; Min Period ; clk   ; Rise       ; Complex_ALU:u_alu|Ci[9]               ;
; -1.000 ; 1.000        ; 2.000          ; Min Period ; clk   ; Rise       ; Complex_ALU:u_alu|Cr[0]               ;
; -1.000 ; 1.000        ; 2.000          ; Min Period ; clk   ; Rise       ; Complex_ALU:u_alu|Cr[10]              ;
; -1.000 ; 1.000        ; 2.000          ; Min Period ; clk   ; Rise       ; Complex_ALU:u_alu|Cr[11]              ;
; -1.000 ; 1.000        ; 2.000          ; Min Period ; clk   ; Rise       ; Complex_ALU:u_alu|Cr[12]              ;
; -1.000 ; 1.000        ; 2.000          ; Min Period ; clk   ; Rise       ; Complex_ALU:u_alu|Cr[13]              ;
; -1.000 ; 1.000        ; 2.000          ; Min Period ; clk   ; Rise       ; Complex_ALU:u_alu|Cr[14]              ;
; -1.000 ; 1.000        ; 2.000          ; Min Period ; clk   ; Rise       ; Complex_ALU:u_alu|Cr[15]              ;
; -1.000 ; 1.000        ; 2.000          ; Min Period ; clk   ; Rise       ; Complex_ALU:u_alu|Cr[1]               ;
; -1.000 ; 1.000        ; 2.000          ; Min Period ; clk   ; Rise       ; Complex_ALU:u_alu|Cr[2]               ;
; -1.000 ; 1.000        ; 2.000          ; Min Period ; clk   ; Rise       ; Complex_ALU:u_alu|Cr[3]               ;
; -1.000 ; 1.000        ; 2.000          ; Min Period ; clk   ; Rise       ; Complex_ALU:u_alu|Cr[4]               ;
; -1.000 ; 1.000        ; 2.000          ; Min Period ; clk   ; Rise       ; Complex_ALU:u_alu|Cr[5]               ;
; -1.000 ; 1.000        ; 2.000          ; Min Period ; clk   ; Rise       ; Complex_ALU:u_alu|Cr[6]               ;
; -1.000 ; 1.000        ; 2.000          ; Min Period ; clk   ; Rise       ; Complex_ALU:u_alu|Cr[7]               ;
; -1.000 ; 1.000        ; 2.000          ; Min Period ; clk   ; Rise       ; Complex_ALU:u_alu|Cr[8]               ;
; -1.000 ; 1.000        ; 2.000          ; Min Period ; clk   ; Rise       ; Complex_ALU:u_alu|Cr[9]               ;
; -1.000 ; 1.000        ; 2.000          ; Min Period ; clk   ; Rise       ; Complex_ALU:u_alu|ready               ;
; -1.000 ; 1.000        ; 2.000          ; Min Period ; clk   ; Rise       ; Complex_ALU:u_alu|state.ADD_SUB_I     ;
; -1.000 ; 1.000        ; 2.000          ; Min Period ; clk   ; Rise       ; Complex_ALU:u_alu|state.ADD_SUB_R     ;
; -1.000 ; 1.000        ; 2.000          ; Min Period ; clk   ; Rise       ; Complex_ALU:u_alu|state.FINISH        ;
; -1.000 ; 1.000        ; 2.000          ; Min Period ; clk   ; Rise       ; Complex_ALU:u_alu|state.IDLE          ;
; -1.000 ; 1.000        ; 2.000          ; Min Period ; clk   ; Rise       ; Complex_ALU:u_alu|state.MUL_II        ;
; -1.000 ; 1.000        ; 2.000          ; Min Period ; clk   ; Rise       ; Complex_ALU:u_alu|state.MUL_IR_SAVE_R ;
; -1.000 ; 1.000        ; 2.000          ; Min Period ; clk   ; Rise       ; Complex_ALU:u_alu|state.MUL_RI_SUB_R  ;
; -1.000 ; 1.000        ; 2.000          ; Min Period ; clk   ; Rise       ; Complex_ALU:u_alu|state.MUL_RR        ;
; -1.000 ; 1.000        ; 2.000          ; Min Period ; clk   ; Rise       ; Complex_ALU:u_alu|temp1[0]            ;
; -1.000 ; 1.000        ; 2.000          ; Min Period ; clk   ; Rise       ; Complex_ALU:u_alu|temp1[10]           ;
; -1.000 ; 1.000        ; 2.000          ; Min Period ; clk   ; Rise       ; Complex_ALU:u_alu|temp1[11]           ;
; -1.000 ; 1.000        ; 2.000          ; Min Period ; clk   ; Rise       ; Complex_ALU:u_alu|temp1[12]           ;
; -1.000 ; 1.000        ; 2.000          ; Min Period ; clk   ; Rise       ; Complex_ALU:u_alu|temp1[13]           ;
; -1.000 ; 1.000        ; 2.000          ; Min Period ; clk   ; Rise       ; Complex_ALU:u_alu|temp1[14]           ;
; -1.000 ; 1.000        ; 2.000          ; Min Period ; clk   ; Rise       ; Complex_ALU:u_alu|temp1[15]           ;
; -1.000 ; 1.000        ; 2.000          ; Min Period ; clk   ; Rise       ; Complex_ALU:u_alu|temp1[1]            ;
; -1.000 ; 1.000        ; 2.000          ; Min Period ; clk   ; Rise       ; Complex_ALU:u_alu|temp1[2]            ;
; -1.000 ; 1.000        ; 2.000          ; Min Period ; clk   ; Rise       ; Complex_ALU:u_alu|temp1[3]            ;
; -1.000 ; 1.000        ; 2.000          ; Min Period ; clk   ; Rise       ; Complex_ALU:u_alu|temp1[4]            ;
; -1.000 ; 1.000        ; 2.000          ; Min Period ; clk   ; Rise       ; Complex_ALU:u_alu|temp1[5]            ;
; -1.000 ; 1.000        ; 2.000          ; Min Period ; clk   ; Rise       ; Complex_ALU:u_alu|temp1[6]            ;
; -1.000 ; 1.000        ; 2.000          ; Min Period ; clk   ; Rise       ; Complex_ALU:u_alu|temp1[7]            ;
; -1.000 ; 1.000        ; 2.000          ; Min Period ; clk   ; Rise       ; Complex_ALU:u_alu|temp1[8]            ;
; -1.000 ; 1.000        ; 2.000          ; Min Period ; clk   ; Rise       ; Complex_ALU:u_alu|temp1[9]            ;
; -1.000 ; 1.000        ; 2.000          ; Min Period ; clk   ; Rise       ; Complex_ALU:u_alu|temp2[0]            ;
; -1.000 ; 1.000        ; 2.000          ; Min Period ; clk   ; Rise       ; Complex_ALU:u_alu|temp2[10]           ;
; -1.000 ; 1.000        ; 2.000          ; Min Period ; clk   ; Rise       ; Complex_ALU:u_alu|temp2[11]           ;
; -1.000 ; 1.000        ; 2.000          ; Min Period ; clk   ; Rise       ; Complex_ALU:u_alu|temp2[12]           ;
; -1.000 ; 1.000        ; 2.000          ; Min Period ; clk   ; Rise       ; Complex_ALU:u_alu|temp2[13]           ;
; -1.000 ; 1.000        ; 2.000          ; Min Period ; clk   ; Rise       ; Complex_ALU:u_alu|temp2[14]           ;
; -1.000 ; 1.000        ; 2.000          ; Min Period ; clk   ; Rise       ; Complex_ALU:u_alu|temp2[15]           ;
; -1.000 ; 1.000        ; 2.000          ; Min Period ; clk   ; Rise       ; Complex_ALU:u_alu|temp2[1]            ;
; -1.000 ; 1.000        ; 2.000          ; Min Period ; clk   ; Rise       ; Complex_ALU:u_alu|temp2[2]            ;
; -1.000 ; 1.000        ; 2.000          ; Min Period ; clk   ; Rise       ; Complex_ALU:u_alu|temp2[3]            ;
; -1.000 ; 1.000        ; 2.000          ; Min Period ; clk   ; Rise       ; Complex_ALU:u_alu|temp2[4]            ;
; -1.000 ; 1.000        ; 2.000          ; Min Period ; clk   ; Rise       ; Complex_ALU:u_alu|temp2[5]            ;
; -1.000 ; 1.000        ; 2.000          ; Min Period ; clk   ; Rise       ; Complex_ALU:u_alu|temp2[6]            ;
; -1.000 ; 1.000        ; 2.000          ; Min Period ; clk   ; Rise       ; Complex_ALU:u_alu|temp2[7]            ;
; -1.000 ; 1.000        ; 2.000          ; Min Period ; clk   ; Rise       ; Complex_ALU:u_alu|temp2[8]            ;
; -1.000 ; 1.000        ; 2.000          ; Min Period ; clk   ; Rise       ; Complex_ALU:u_alu|temp2[9]            ;
; -1.000 ; 1.000        ; 2.000          ; Min Period ; clk   ; Rise       ; Memory_32:u_mem|data_out[14]          ;
; -1.000 ; 1.000        ; 2.000          ; Min Period ; clk   ; Rise       ; Memory_32:u_mem|data_out[15]          ;
; -1.000 ; 1.000        ; 2.000          ; Min Period ; clk   ; Rise       ; id_ex_Ai[0]                           ;
; -1.000 ; 1.000        ; 2.000          ; Min Period ; clk   ; Rise       ; id_ex_Ai[1]                           ;
; -1.000 ; 1.000        ; 2.000          ; Min Period ; clk   ; Rise       ; id_ex_Ai[2]                           ;
; -1.000 ; 1.000        ; 2.000          ; Min Period ; clk   ; Rise       ; id_ex_Ai[3]                           ;
; -1.000 ; 1.000        ; 2.000          ; Min Period ; clk   ; Rise       ; id_ex_Ai[4]                           ;
; -1.000 ; 1.000        ; 2.000          ; Min Period ; clk   ; Rise       ; id_ex_Ai[5]                           ;
; -1.000 ; 1.000        ; 2.000          ; Min Period ; clk   ; Rise       ; id_ex_Ai[6]                           ;
; -1.000 ; 1.000        ; 2.000          ; Min Period ; clk   ; Rise       ; id_ex_Ai[7]                           ;
; -1.000 ; 1.000        ; 2.000          ; Min Period ; clk   ; Rise       ; id_ex_Ar[0]                           ;
; -1.000 ; 1.000        ; 2.000          ; Min Period ; clk   ; Rise       ; id_ex_Ar[1]                           ;
; -1.000 ; 1.000        ; 2.000          ; Min Period ; clk   ; Rise       ; id_ex_Ar[2]                           ;
; -1.000 ; 1.000        ; 2.000          ; Min Period ; clk   ; Rise       ; id_ex_Ar[3]                           ;
; -1.000 ; 1.000        ; 2.000          ; Min Period ; clk   ; Rise       ; id_ex_Ar[4]                           ;
; -1.000 ; 1.000        ; 2.000          ; Min Period ; clk   ; Rise       ; id_ex_Ar[5]                           ;
; -1.000 ; 1.000        ; 2.000          ; Min Period ; clk   ; Rise       ; id_ex_Ar[6]                           ;
; -1.000 ; 1.000        ; 2.000          ; Min Period ; clk   ; Rise       ; id_ex_Ar[7]                           ;
; -1.000 ; 1.000        ; 2.000          ; Min Period ; clk   ; Rise       ; id_ex_Bi[0]                           ;
; -1.000 ; 1.000        ; 2.000          ; Min Period ; clk   ; Rise       ; id_ex_Bi[1]                           ;
; -1.000 ; 1.000        ; 2.000          ; Min Period ; clk   ; Rise       ; id_ex_Bi[2]                           ;
; -1.000 ; 1.000        ; 2.000          ; Min Period ; clk   ; Rise       ; id_ex_Bi[3]                           ;
; -1.000 ; 1.000        ; 2.000          ; Min Period ; clk   ; Rise       ; id_ex_Bi[4]                           ;
; -1.000 ; 1.000        ; 2.000          ; Min Period ; clk   ; Rise       ; id_ex_Bi[5]                           ;
; -1.000 ; 1.000        ; 2.000          ; Min Period ; clk   ; Rise       ; id_ex_Bi[6]                           ;
; -1.000 ; 1.000        ; 2.000          ; Min Period ; clk   ; Rise       ; id_ex_Bi[7]                           ;
+--------+--------------+----------------+------------+-------+------------+---------------------------------------+


+-------------------------------------------------------------------------+
; Setup Times                                                             ;
+-------------+------------+-------+-------+------------+-----------------+
; Data Port   ; Clock Port ; Rise  ; Fall  ; Clock Edge ; Clock Reference ;
+-------------+------------+-------+-------+------------+-----------------+
; data_Ai[*]  ; clk        ; 2.439 ; 2.977 ; Rise       ; clk             ;
;  data_Ai[0] ; clk        ; 1.863 ; 2.336 ; Rise       ; clk             ;
;  data_Ai[1] ; clk        ; 2.439 ; 2.925 ; Rise       ; clk             ;
;  data_Ai[2] ; clk        ; 2.069 ; 2.552 ; Rise       ; clk             ;
;  data_Ai[3] ; clk        ; 1.742 ; 2.188 ; Rise       ; clk             ;
;  data_Ai[4] ; clk        ; 2.111 ; 2.600 ; Rise       ; clk             ;
;  data_Ai[5] ; clk        ; 2.435 ; 2.977 ; Rise       ; clk             ;
;  data_Ai[6] ; clk        ; 2.137 ; 2.597 ; Rise       ; clk             ;
;  data_Ai[7] ; clk        ; 2.322 ; 2.778 ; Rise       ; clk             ;
; data_Ar[*]  ; clk        ; 2.697 ; 3.205 ; Rise       ; clk             ;
;  data_Ar[0] ; clk        ; 2.373 ; 2.881 ; Rise       ; clk             ;
;  data_Ar[1] ; clk        ; 2.073 ; 2.616 ; Rise       ; clk             ;
;  data_Ar[2] ; clk        ; 2.177 ; 2.646 ; Rise       ; clk             ;
;  data_Ar[3] ; clk        ; 2.391 ; 2.856 ; Rise       ; clk             ;
;  data_Ar[4] ; clk        ; 1.854 ; 2.314 ; Rise       ; clk             ;
;  data_Ar[5] ; clk        ; 1.603 ; 2.046 ; Rise       ; clk             ;
;  data_Ar[6] ; clk        ; 2.486 ; 2.996 ; Rise       ; clk             ;
;  data_Ar[7] ; clk        ; 2.697 ; 3.205 ; Rise       ; clk             ;
; data_Bi[*]  ; clk        ; 2.453 ; 2.987 ; Rise       ; clk             ;
;  data_Bi[0] ; clk        ; 0.552 ; 0.626 ; Rise       ; clk             ;
;  data_Bi[1] ; clk        ; 2.453 ; 2.954 ; Rise       ; clk             ;
;  data_Bi[2] ; clk        ; 1.883 ; 2.344 ; Rise       ; clk             ;
;  data_Bi[3] ; clk        ; 2.432 ; 2.987 ; Rise       ; clk             ;
;  data_Bi[4] ; clk        ; 2.188 ; 2.726 ; Rise       ; clk             ;
;  data_Bi[5] ; clk        ; 2.053 ; 2.487 ; Rise       ; clk             ;
;  data_Bi[6] ; clk        ; 2.237 ; 2.759 ; Rise       ; clk             ;
;  data_Bi[7] ; clk        ; 2.216 ; 2.713 ; Rise       ; clk             ;
; data_Br[*]  ; clk        ; 2.386 ; 2.922 ; Rise       ; clk             ;
;  data_Br[0] ; clk        ; 0.637 ; 0.680 ; Rise       ; clk             ;
;  data_Br[1] ; clk        ; 2.305 ; 2.813 ; Rise       ; clk             ;
;  data_Br[2] ; clk        ; 2.177 ; 2.660 ; Rise       ; clk             ;
;  data_Br[3] ; clk        ; 2.052 ; 2.533 ; Rise       ; clk             ;
;  data_Br[4] ; clk        ; 2.386 ; 2.871 ; Rise       ; clk             ;
;  data_Br[5] ; clk        ; 2.139 ; 2.602 ; Rise       ; clk             ;
;  data_Br[6] ; clk        ; 2.072 ; 2.571 ; Rise       ; clk             ;
;  data_Br[7] ; clk        ; 2.385 ; 2.922 ; Rise       ; clk             ;
; rst         ; clk        ; 2.577 ; 2.611 ; Rise       ; clk             ;
+-------------+------------+-------+-------+------------+-----------------+


+---------------------------------------------------------------------------+
; Hold Times                                                                ;
+-------------+------------+--------+--------+------------+-----------------+
; Data Port   ; Clock Port ; Rise   ; Fall   ; Clock Edge ; Clock Reference ;
+-------------+------------+--------+--------+------------+-----------------+
; data_Ai[*]  ; clk        ; -1.321 ; -1.753 ; Rise       ; clk             ;
;  data_Ai[0] ; clk        ; -1.456 ; -1.904 ; Rise       ; clk             ;
;  data_Ai[1] ; clk        ; -2.021 ; -2.492 ; Rise       ; clk             ;
;  data_Ai[2] ; clk        ; -1.660 ; -2.130 ; Rise       ; clk             ;
;  data_Ai[3] ; clk        ; -1.321 ; -1.753 ; Rise       ; clk             ;
;  data_Ai[4] ; clk        ; -1.676 ; -2.150 ; Rise       ; clk             ;
;  data_Ai[5] ; clk        ; -2.012 ; -2.538 ; Rise       ; clk             ;
;  data_Ai[6] ; clk        ; -1.730 ; -2.175 ; Rise       ; clk             ;
;  data_Ai[7] ; clk        ; -1.907 ; -2.349 ; Rise       ; clk             ;
; data_Ar[*]  ; clk        ; -1.203 ; -1.624 ; Rise       ; clk             ;
;  data_Ar[0] ; clk        ; -1.946 ; -2.428 ; Rise       ; clk             ;
;  data_Ar[1] ; clk        ; -1.635 ; -2.163 ; Rise       ; clk             ;
;  data_Ar[2] ; clk        ; -1.763 ; -2.220 ; Rise       ; clk             ;
;  data_Ar[3] ; clk        ; -1.975 ; -2.426 ; Rise       ; clk             ;
;  data_Ar[4] ; clk        ; -1.459 ; -1.905 ; Rise       ; clk             ;
;  data_Ar[5] ; clk        ; -1.203 ; -1.624 ; Rise       ; clk             ;
;  data_Ar[6] ; clk        ; -2.064 ; -2.558 ; Rise       ; clk             ;
;  data_Ar[7] ; clk        ; -2.268 ; -2.760 ; Rise       ; clk             ;
; data_Bi[*]  ; clk        ; -0.213 ; -0.291 ; Rise       ; clk             ;
;  data_Bi[0] ; clk        ; -0.213 ; -0.291 ; Rise       ; clk             ;
;  data_Bi[1] ; clk        ; -2.034 ; -2.519 ; Rise       ; clk             ;
;  data_Bi[2] ; clk        ; -1.488 ; -1.934 ; Rise       ; clk             ;
;  data_Bi[3] ; clk        ; -2.009 ; -2.548 ; Rise       ; clk             ;
;  data_Bi[4] ; clk        ; -1.775 ; -2.298 ; Rise       ; clk             ;
;  data_Bi[5] ; clk        ; -1.648 ; -2.069 ; Rise       ; clk             ;
;  data_Bi[6] ; clk        ; -1.810 ; -2.308 ; Rise       ; clk             ;
;  data_Bi[7] ; clk        ; -1.807 ; -2.288 ; Rise       ; clk             ;
; data_Br[*]  ; clk        ; -0.294 ; -0.343 ; Rise       ; clk             ;
;  data_Br[0] ; clk        ; -0.294 ; -0.343 ; Rise       ; clk             ;
;  data_Br[1] ; clk        ; -1.891 ; -2.383 ; Rise       ; clk             ;
;  data_Br[2] ; clk        ; -1.770 ; -2.237 ; Rise       ; clk             ;
;  data_Br[3] ; clk        ; -1.644 ; -2.113 ; Rise       ; clk             ;
;  data_Br[4] ; clk        ; -1.969 ; -2.439 ; Rise       ; clk             ;
;  data_Br[5] ; clk        ; -1.732 ; -2.181 ; Rise       ; clk             ;
;  data_Br[6] ; clk        ; -1.656 ; -2.129 ; Rise       ; clk             ;
;  data_Br[7] ; clk        ; -1.963 ; -2.486 ; Rise       ; clk             ;
; rst         ; clk        ; -1.095 ; -1.130 ; Rise       ; clk             ;
+-------------+------------+--------+--------+------------+-----------------+


+----------------------------------------------------------------------------+
; Clock to Output Times                                                      ;
+----------------+------------+-------+-------+------------+-----------------+
; Data Port      ; Clock Port ; Rise  ; Fall  ; Clock Edge ; Clock Reference ;
+----------------+------------+-------+-------+------------+-----------------+
; current_pc[*]  ; clk        ; 6.960 ; 6.945 ; Rise       ; clk             ;
;  current_pc[0] ; clk        ; 6.696 ; 6.622 ; Rise       ; clk             ;
;  current_pc[1] ; clk        ; 6.690 ; 6.611 ; Rise       ; clk             ;
;  current_pc[2] ; clk        ; 6.564 ; 6.499 ; Rise       ; clk             ;
;  current_pc[3] ; clk        ; 6.960 ; 6.945 ; Rise       ; clk             ;
;  current_pc[4] ; clk        ; 6.016 ; 5.963 ; Rise       ; clk             ;
; done           ; clk        ; 6.616 ; 6.543 ; Rise       ; clk             ;
; result_i[*]    ; clk        ; 8.285 ; 8.274 ; Rise       ; clk             ;
;  result_i[0]   ; clk        ; 6.360 ; 6.298 ; Rise       ; clk             ;
;  result_i[1]   ; clk        ; 7.359 ; 7.411 ; Rise       ; clk             ;
;  result_i[2]   ; clk        ; 6.503 ; 6.438 ; Rise       ; clk             ;
;  result_i[3]   ; clk        ; 6.237 ; 6.186 ; Rise       ; clk             ;
;  result_i[4]   ; clk        ; 6.523 ; 6.456 ; Rise       ; clk             ;
;  result_i[5]   ; clk        ; 6.809 ; 6.734 ; Rise       ; clk             ;
;  result_i[6]   ; clk        ; 6.267 ; 6.222 ; Rise       ; clk             ;
;  result_i[7]   ; clk        ; 6.633 ; 6.572 ; Rise       ; clk             ;
;  result_i[8]   ; clk        ; 8.077 ; 8.064 ; Rise       ; clk             ;
;  result_i[9]   ; clk        ; 6.620 ; 6.559 ; Rise       ; clk             ;
;  result_i[10]  ; clk        ; 6.839 ; 6.836 ; Rise       ; clk             ;
;  result_i[11]  ; clk        ; 8.285 ; 8.274 ; Rise       ; clk             ;
;  result_i[12]  ; clk        ; 6.803 ; 6.786 ; Rise       ; clk             ;
;  result_i[13]  ; clk        ; 6.719 ; 6.741 ; Rise       ; clk             ;
;  result_i[14]  ; clk        ; 7.032 ; 7.014 ; Rise       ; clk             ;
;  result_i[15]  ; clk        ; 6.786 ; 6.774 ; Rise       ; clk             ;
; result_r[*]    ; clk        ; 7.228 ; 7.247 ; Rise       ; clk             ;
;  result_r[0]   ; clk        ; 7.185 ; 7.166 ; Rise       ; clk             ;
;  result_r[1]   ; clk        ; 5.993 ; 5.933 ; Rise       ; clk             ;
;  result_r[2]   ; clk        ; 6.204 ; 6.134 ; Rise       ; clk             ;
;  result_r[3]   ; clk        ; 6.241 ; 6.190 ; Rise       ; clk             ;
;  result_r[4]   ; clk        ; 6.165 ; 6.094 ; Rise       ; clk             ;
;  result_r[5]   ; clk        ; 6.248 ; 6.198 ; Rise       ; clk             ;
;  result_r[6]   ; clk        ; 7.228 ; 7.247 ; Rise       ; clk             ;
;  result_r[7]   ; clk        ; 7.129 ; 7.149 ; Rise       ; clk             ;
;  result_r[8]   ; clk        ; 6.438 ; 6.366 ; Rise       ; clk             ;
;  result_r[9]   ; clk        ; 6.364 ; 6.280 ; Rise       ; clk             ;
;  result_r[10]  ; clk        ; 6.770 ; 6.740 ; Rise       ; clk             ;
;  result_r[11]  ; clk        ; 6.841 ; 6.832 ; Rise       ; clk             ;
;  result_r[12]  ; clk        ; 6.191 ; 6.116 ; Rise       ; clk             ;
;  result_r[13]  ; clk        ; 6.650 ; 6.585 ; Rise       ; clk             ;
;  result_r[14]  ; clk        ; 6.866 ; 6.843 ; Rise       ; clk             ;
;  result_r[15]  ; clk        ; 6.446 ; 6.419 ; Rise       ; clk             ;
+----------------+------------+-------+-------+------------+-----------------+


+----------------------------------------------------------------------------+
; Minimum Clock to Output Times                                              ;
+----------------+------------+-------+-------+------------+-----------------+
; Data Port      ; Clock Port ; Rise  ; Fall  ; Clock Edge ; Clock Reference ;
+----------------+------------+-------+-------+------------+-----------------+
; current_pc[*]  ; clk        ; 5.823 ; 5.767 ; Rise       ; clk             ;
;  current_pc[0] ; clk        ; 6.476 ; 6.400 ; Rise       ; clk             ;
;  current_pc[1] ; clk        ; 6.470 ; 6.390 ; Rise       ; clk             ;
;  current_pc[2] ; clk        ; 6.350 ; 6.284 ; Rise       ; clk             ;
;  current_pc[3] ; clk        ; 6.727 ; 6.710 ; Rise       ; clk             ;
;  current_pc[4] ; clk        ; 5.823 ; 5.767 ; Rise       ; clk             ;
; done           ; clk        ; 6.397 ; 6.323 ; Rise       ; clk             ;
; result_i[*]    ; clk        ; 6.036 ; 5.983 ; Rise       ; clk             ;
;  result_i[0]   ; clk        ; 6.150 ; 6.086 ; Rise       ; clk             ;
;  result_i[1]   ; clk        ; 7.143 ; 7.191 ; Rise       ; clk             ;
;  result_i[2]   ; clk        ; 6.292 ; 6.225 ; Rise       ; clk             ;
;  result_i[3]   ; clk        ; 6.036 ; 5.983 ; Rise       ; clk             ;
;  result_i[4]   ; clk        ; 6.311 ; 6.243 ; Rise       ; clk             ;
;  result_i[5]   ; clk        ; 6.583 ; 6.507 ; Rise       ; clk             ;
;  result_i[6]   ; clk        ; 6.065 ; 6.018 ; Rise       ; clk             ;
;  result_i[7]   ; clk        ; 6.415 ; 6.352 ; Rise       ; clk             ;
;  result_i[8]   ; clk        ; 7.799 ; 7.783 ; Rise       ; clk             ;
;  result_i[9]   ; clk        ; 6.403 ; 6.340 ; Rise       ; clk             ;
;  result_i[10]  ; clk        ; 6.614 ; 6.606 ; Rise       ; clk             ;
;  result_i[11]  ; clk        ; 7.998 ; 7.983 ; Rise       ; clk             ;
;  result_i[12]  ; clk        ; 6.581 ; 6.560 ; Rise       ; clk             ;
;  result_i[13]  ; clk        ; 6.499 ; 6.517 ; Rise       ; clk             ;
;  result_i[14]  ; clk        ; 6.798 ; 6.777 ; Rise       ; clk             ;
;  result_i[15]  ; clk        ; 6.563 ; 6.548 ; Rise       ; clk             ;
; result_r[*]    ; clk        ; 5.803 ; 5.741 ; Rise       ; clk             ;
;  result_r[0]   ; clk        ; 6.976 ; 6.956 ; Rise       ; clk             ;
;  result_r[1]   ; clk        ; 5.803 ; 5.741 ; Rise       ; clk             ;
;  result_r[2]   ; clk        ; 6.006 ; 5.934 ; Rise       ; clk             ;
;  result_r[3]   ; clk        ; 6.040 ; 5.986 ; Rise       ; clk             ;
;  result_r[4]   ; clk        ; 5.967 ; 5.895 ; Rise       ; clk             ;
;  result_r[5]   ; clk        ; 6.046 ; 5.995 ; Rise       ; clk             ;
;  result_r[6]   ; clk        ; 6.989 ; 7.002 ; Rise       ; clk             ;
;  result_r[7]   ; clk        ; 6.893 ; 6.908 ; Rise       ; clk             ;
;  result_r[8]   ; clk        ; 6.229 ; 6.156 ; Rise       ; clk             ;
;  result_r[9]   ; clk        ; 6.159 ; 6.075 ; Rise       ; clk             ;
;  result_r[10]  ; clk        ; 6.548 ; 6.515 ; Rise       ; clk             ;
;  result_r[11]  ; clk        ; 6.616 ; 6.604 ; Rise       ; clk             ;
;  result_r[12]  ; clk        ; 5.993 ; 5.917 ; Rise       ; clk             ;
;  result_r[13]  ; clk        ; 6.435 ; 6.368 ; Rise       ; clk             ;
;  result_r[14]  ; clk        ; 6.636 ; 6.612 ; Rise       ; clk             ;
;  result_r[15]  ; clk        ; 6.234 ; 6.204 ; Rise       ; clk             ;
+----------------+------------+-------+-------+------------+-----------------+


----------------------------------------------
; Slow 1200mV 85C Model Metastability Report ;
----------------------------------------------
No synchronizer chains to report.


+--------------------------------------------------+
; Slow 1200mV 0C Model Fmax Summary                ;
+------------+-----------------+------------+------+
; Fmax       ; Restricted Fmax ; Clock Name ; Note ;
+------------+-----------------+------------+------+
; 147.97 MHz ; 147.97 MHz      ; clk        ;      ;
+------------+-----------------+------------+------+
This panel reports FMAX for every clock in the design, regardless of the user-specified clock periods.  FMAX is only computed for paths where the source and destination registers or ports are driven by the same clock.  Paths of different clocks, including generated clocks, are ignored.  For paths between a clock and its inversion, FMAX is computed as if the rising and falling edges are scaled along with FMAX, such that the duty cycle (in terms of a percentage) is maintained. Altera recommends that you always use clock constraints and other slack reports for sign-off analysis.


+------------------------------------+
; Slow 1200mV 0C Model Setup Summary ;
+-------+--------+-------------------+
; Clock ; Slack  ; End Point TNS     ;
+-------+--------+-------------------+
; clk   ; -5.758 ; -355.372          ;
+-------+--------+-------------------+


+-----------------------------------+
; Slow 1200mV 0C Model Hold Summary ;
+-------+-------+-------------------+
; Clock ; Slack ; End Point TNS     ;
+-------+-------+-------------------+
; clk   ; 0.310 ; 0.000             ;
+-------+-------+-------------------+


-----------------------------------------
; Slow 1200mV 0C Model Recovery Summary ;
-----------------------------------------
No paths to report.


----------------------------------------
; Slow 1200mV 0C Model Removal Summary ;
----------------------------------------
No paths to report.


+--------------------------------------------------+
; Slow 1200mV 0C Model Minimum Pulse Width Summary ;
+-------+--------+---------------------------------+
; Clock ; Slack  ; End Point TNS                   ;
+-------+--------+---------------------------------+
; clk   ; -3.000 ; -118.000                        ;
+-------+--------+---------------------------------+


+----------------------------------------------------------------------------------------------------------------------------------------------------+
; Slow 1200mV 0C Model Setup: 'clk'                                                                                                                  ;
+--------+---------------------------------------+-----------------------------+--------------+-------------+--------------+------------+------------+
; Slack  ; From Node                             ; To Node                     ; Launch Clock ; Latch Clock ; Relationship ; Clock Skew ; Data Delay ;
+--------+---------------------------------------+-----------------------------+--------------+-------------+--------------+------------+------------+
; -5.758 ; Complex_ALU:u_alu|state.MUL_RI_SUB_R  ; Complex_ALU:u_alu|temp2[13] ; clk          ; clk         ; 1.000        ; 0.258      ; 7.011      ;
; -5.748 ; id_ex_Bi[2]                           ; Complex_ALU:u_alu|temp2[13] ; clk          ; clk         ; 1.000        ; 0.258      ; 7.001      ;
; -5.728 ; Complex_ALU:u_alu|state.MUL_RR        ; Complex_ALU:u_alu|temp2[13] ; clk          ; clk         ; 1.000        ; 0.258      ; 6.981      ;
; -5.633 ; Complex_ALU:u_alu|state.MUL_RI_SUB_R  ; Complex_ALU:u_alu|temp1[14] ; clk          ; clk         ; 1.000        ; 0.256      ; 6.884      ;
; -5.623 ; Complex_ALU:u_alu|state.MUL_RI_SUB_R  ; Complex_ALU:u_alu|temp2[15] ; clk          ; clk         ; 1.000        ; 0.258      ; 6.876      ;
; -5.623 ; id_ex_Bi[2]                           ; Complex_ALU:u_alu|temp1[14] ; clk          ; clk         ; 1.000        ; 0.256      ; 6.874      ;
; -5.613 ; id_ex_Bi[2]                           ; Complex_ALU:u_alu|temp2[15] ; clk          ; clk         ; 1.000        ; 0.258      ; 6.866      ;
; -5.599 ; id_ex_Br[2]                           ; Complex_ALU:u_alu|temp2[13] ; clk          ; clk         ; 1.000        ; 0.258      ; 6.852      ;
; -5.598 ; Complex_ALU:u_alu|state.MUL_RR        ; Complex_ALU:u_alu|temp1[14] ; clk          ; clk         ; 1.000        ; 0.256      ; 6.849      ;
; -5.590 ; id_ex_Bi[1]                           ; Complex_ALU:u_alu|temp2[13] ; clk          ; clk         ; 1.000        ; 0.258      ; 6.843      ;
; -5.588 ; Complex_ALU:u_alu|state.MUL_RR        ; Complex_ALU:u_alu|temp2[15] ; clk          ; clk         ; 1.000        ; 0.258      ; 6.841      ;
; -5.584 ; Complex_ALU:u_alu|state.MUL_RI_SUB_R  ; Complex_ALU:u_alu|temp2[12] ; clk          ; clk         ; 1.000        ; 0.258      ; 6.837      ;
; -5.574 ; id_ex_Bi[2]                           ; Complex_ALU:u_alu|temp2[12] ; clk          ; clk         ; 1.000        ; 0.258      ; 6.827      ;
; -5.549 ; Complex_ALU:u_alu|state.MUL_RR        ; Complex_ALU:u_alu|temp2[12] ; clk          ; clk         ; 1.000        ; 0.258      ; 6.802      ;
; -5.510 ; Complex_ALU:u_alu|state.MUL_II        ; Complex_ALU:u_alu|temp2[13] ; clk          ; clk         ; 1.000        ; 0.258      ; 6.763      ;
; -5.500 ; Complex_ALU:u_alu|state.MUL_IR_SAVE_R ; Complex_ALU:u_alu|temp2[13] ; clk          ; clk         ; 1.000        ; 0.258      ; 6.753      ;
; -5.494 ; id_ex_Br[1]                           ; Complex_ALU:u_alu|temp2[13] ; clk          ; clk         ; 1.000        ; 0.258      ; 6.747      ;
; -5.474 ; id_ex_Br[2]                           ; Complex_ALU:u_alu|temp1[14] ; clk          ; clk         ; 1.000        ; 0.256      ; 6.725      ;
; -5.465 ; id_ex_Bi[1]                           ; Complex_ALU:u_alu|temp1[14] ; clk          ; clk         ; 1.000        ; 0.256      ; 6.716      ;
; -5.464 ; id_ex_Br[2]                           ; Complex_ALU:u_alu|temp2[15] ; clk          ; clk         ; 1.000        ; 0.258      ; 6.717      ;
; -5.455 ; id_ex_Bi[1]                           ; Complex_ALU:u_alu|temp2[15] ; clk          ; clk         ; 1.000        ; 0.258      ; 6.708      ;
; -5.445 ; Complex_ALU:u_alu|state.MUL_RI_SUB_R  ; Complex_ALU:u_alu|temp2[11] ; clk          ; clk         ; 1.000        ; 0.258      ; 6.698      ;
; -5.435 ; id_ex_Bi[2]                           ; Complex_ALU:u_alu|temp2[11] ; clk          ; clk         ; 1.000        ; 0.258      ; 6.688      ;
; -5.425 ; id_ex_Br[2]                           ; Complex_ALU:u_alu|temp2[12] ; clk          ; clk         ; 1.000        ; 0.258      ; 6.678      ;
; -5.416 ; id_ex_Bi[1]                           ; Complex_ALU:u_alu|temp2[12] ; clk          ; clk         ; 1.000        ; 0.258      ; 6.669      ;
; -5.410 ; Complex_ALU:u_alu|state.MUL_RR        ; Complex_ALU:u_alu|temp2[11] ; clk          ; clk         ; 1.000        ; 0.258      ; 6.663      ;
; -5.385 ; Complex_ALU:u_alu|state.MUL_II        ; Complex_ALU:u_alu|temp1[14] ; clk          ; clk         ; 1.000        ; 0.256      ; 6.636      ;
; -5.375 ; Complex_ALU:u_alu|state.MUL_II        ; Complex_ALU:u_alu|temp2[15] ; clk          ; clk         ; 1.000        ; 0.258      ; 6.628      ;
; -5.375 ; Complex_ALU:u_alu|state.MUL_IR_SAVE_R ; Complex_ALU:u_alu|temp1[14] ; clk          ; clk         ; 1.000        ; 0.256      ; 6.626      ;
; -5.369 ; id_ex_Br[1]                           ; Complex_ALU:u_alu|temp1[14] ; clk          ; clk         ; 1.000        ; 0.256      ; 6.620      ;
; -5.365 ; Complex_ALU:u_alu|state.MUL_IR_SAVE_R ; Complex_ALU:u_alu|temp2[15] ; clk          ; clk         ; 1.000        ; 0.258      ; 6.618      ;
; -5.359 ; id_ex_Br[1]                           ; Complex_ALU:u_alu|temp2[15] ; clk          ; clk         ; 1.000        ; 0.258      ; 6.612      ;
; -5.336 ; Complex_ALU:u_alu|state.MUL_II        ; Complex_ALU:u_alu|temp2[12] ; clk          ; clk         ; 1.000        ; 0.258      ; 6.589      ;
; -5.326 ; Complex_ALU:u_alu|state.MUL_IR_SAVE_R ; Complex_ALU:u_alu|temp2[12] ; clk          ; clk         ; 1.000        ; 0.258      ; 6.579      ;
; -5.320 ; id_ex_Br[1]                           ; Complex_ALU:u_alu|temp2[12] ; clk          ; clk         ; 1.000        ; 0.258      ; 6.573      ;
; -5.286 ; id_ex_Br[2]                           ; Complex_ALU:u_alu|temp2[11] ; clk          ; clk         ; 1.000        ; 0.258      ; 6.539      ;
; -5.279 ; id_ex_Bi[4]                           ; Complex_ALU:u_alu|temp2[13] ; clk          ; clk         ; 1.000        ; 0.258      ; 6.532      ;
; -5.277 ; id_ex_Bi[1]                           ; Complex_ALU:u_alu|temp2[11] ; clk          ; clk         ; 1.000        ; 0.258      ; 6.530      ;
; -5.242 ; Complex_ALU:u_alu|state.MUL_RR        ; Complex_ALU:u_alu|temp1[9]  ; clk          ; clk         ; 1.000        ; 0.263      ; 6.500      ;
; -5.197 ; Complex_ALU:u_alu|state.MUL_II        ; Complex_ALU:u_alu|temp2[11] ; clk          ; clk         ; 1.000        ; 0.258      ; 6.450      ;
; -5.187 ; Complex_ALU:u_alu|state.MUL_IR_SAVE_R ; Complex_ALU:u_alu|temp2[11] ; clk          ; clk         ; 1.000        ; 0.258      ; 6.440      ;
; -5.181 ; id_ex_Br[1]                           ; Complex_ALU:u_alu|temp2[11] ; clk          ; clk         ; 1.000        ; 0.258      ; 6.434      ;
; -5.154 ; id_ex_Bi[4]                           ; Complex_ALU:u_alu|temp1[14] ; clk          ; clk         ; 1.000        ; 0.256      ; 6.405      ;
; -5.144 ; id_ex_Bi[4]                           ; Complex_ALU:u_alu|temp2[15] ; clk          ; clk         ; 1.000        ; 0.258      ; 6.397      ;
; -5.125 ; Complex_ALU:u_alu|state.MUL_RI_SUB_R  ; Complex_ALU:u_alu|temp1[9]  ; clk          ; clk         ; 1.000        ; 0.263      ; 6.383      ;
; -5.115 ; id_ex_Bi[2]                           ; Complex_ALU:u_alu|temp1[9]  ; clk          ; clk         ; 1.000        ; 0.263      ; 6.373      ;
; -5.105 ; id_ex_Bi[4]                           ; Complex_ALU:u_alu|temp2[12] ; clk          ; clk         ; 1.000        ; 0.258      ; 6.358      ;
; -5.092 ; Complex_ALU:u_alu|state.MUL_RI_SUB_R  ; Complex_ALU:u_alu|temp2[8]  ; clk          ; clk         ; 1.000        ; 0.258      ; 6.345      ;
; -5.082 ; id_ex_Bi[2]                           ; Complex_ALU:u_alu|temp2[8]  ; clk          ; clk         ; 1.000        ; 0.258      ; 6.335      ;
; -5.075 ; Complex_ALU:u_alu|state.MUL_RR        ; Complex_ALU:u_alu|temp2[10] ; clk          ; clk         ; 1.000        ; 0.258      ; 6.328      ;
; -5.057 ; Complex_ALU:u_alu|state.MUL_RR        ; Complex_ALU:u_alu|temp2[8]  ; clk          ; clk         ; 1.000        ; 0.258      ; 6.310      ;
; -5.039 ; Complex_ALU:u_alu|state.MUL_IR_SAVE_R ; Complex_ALU:u_alu|temp1[9]  ; clk          ; clk         ; 1.000        ; 0.263      ; 6.297      ;
; -5.019 ; id_ex_Ar[7]                           ; Complex_ALU:u_alu|temp2[13] ; clk          ; clk         ; 1.000        ; 0.256      ; 6.270      ;
; -5.003 ; id_ex_Bi[3]                           ; Complex_ALU:u_alu|temp2[13] ; clk          ; clk         ; 1.000        ; 0.258      ; 6.256      ;
; -4.999 ; Complex_ALU:u_alu|state.MUL_RI_SUB_R  ; Complex_ALU:u_alu|temp2[10] ; clk          ; clk         ; 1.000        ; 0.258      ; 6.252      ;
; -4.967 ; id_ex_Bi[0]                           ; Complex_ALU:u_alu|temp2[13] ; clk          ; clk         ; 1.000        ; 0.258      ; 6.220      ;
; -4.966 ; id_ex_Bi[4]                           ; Complex_ALU:u_alu|temp2[11] ; clk          ; clk         ; 1.000        ; 0.258      ; 6.219      ;
; -4.966 ; id_ex_Br[2]                           ; Complex_ALU:u_alu|temp1[9]  ; clk          ; clk         ; 1.000        ; 0.263      ; 6.224      ;
; -4.960 ; Complex_ALU:u_alu|state.MUL_RI_SUB_R  ; Complex_ALU:u_alu|temp1[6]  ; clk          ; clk         ; 1.000        ; 0.234      ; 6.189      ;
; -4.958 ; id_ex_Bi[2]                           ; Complex_ALU:u_alu|temp2[10] ; clk          ; clk         ; 1.000        ; 0.258      ; 6.211      ;
; -4.957 ; id_ex_Bi[1]                           ; Complex_ALU:u_alu|temp1[9]  ; clk          ; clk         ; 1.000        ; 0.263      ; 6.215      ;
; -4.946 ; Complex_ALU:u_alu|state.MUL_RI_SUB_R  ; Complex_ALU:u_alu|temp2[14] ; clk          ; clk         ; 1.000        ; 0.237      ; 6.178      ;
; -4.936 ; id_ex_Bi[2]                           ; Complex_ALU:u_alu|temp2[14] ; clk          ; clk         ; 1.000        ; 0.237      ; 6.168      ;
; -4.933 ; id_ex_Br[2]                           ; Complex_ALU:u_alu|temp2[8]  ; clk          ; clk         ; 1.000        ; 0.258      ; 6.186      ;
; -4.924 ; id_ex_Bi[1]                           ; Complex_ALU:u_alu|temp2[8]  ; clk          ; clk         ; 1.000        ; 0.258      ; 6.177      ;
; -4.924 ; Complex_ALU:u_alu|state.MUL_RR        ; Complex_ALU:u_alu|temp1[6]  ; clk          ; clk         ; 1.000        ; 0.234      ; 6.153      ;
; -4.918 ; id_ex_Ar[5]                           ; Complex_ALU:u_alu|temp2[13] ; clk          ; clk         ; 1.000        ; 0.257      ; 6.170      ;
; -4.912 ; Complex_ALU:u_alu|state.MUL_RI_SUB_R  ; Complex_ALU:u_alu|temp1[7]  ; clk          ; clk         ; 1.000        ; 0.234      ; 6.141      ;
; -4.911 ; Complex_ALU:u_alu|state.MUL_RR        ; Complex_ALU:u_alu|temp2[14] ; clk          ; clk         ; 1.000        ; 0.237      ; 6.143      ;
; -4.897 ; id_ex_Ai[3]                           ; Complex_ALU:u_alu|temp2[13] ; clk          ; clk         ; 1.000        ; -0.095     ; 5.797      ;
; -4.887 ; Complex_ALU:u_alu|state.MUL_II        ; Complex_ALU:u_alu|temp1[9]  ; clk          ; clk         ; 1.000        ; 0.263      ; 6.145      ;
; -4.886 ; id_ex_Ar[7]                           ; Complex_ALU:u_alu|temp1[14] ; clk          ; clk         ; 1.000        ; 0.254      ; 6.135      ;
; -4.884 ; Complex_ALU:u_alu|state.MUL_RI_SUB_R  ; Complex_ALU:u_alu|temp1[15] ; clk          ; clk         ; 1.000        ; 0.263      ; 6.142      ;
; -4.876 ; id_ex_Ar[7]                           ; Complex_ALU:u_alu|temp2[15] ; clk          ; clk         ; 1.000        ; 0.256      ; 6.127      ;
; -4.876 ; Complex_ALU:u_alu|state.MUL_RR        ; Complex_ALU:u_alu|temp1[7]  ; clk          ; clk         ; 1.000        ; 0.234      ; 6.105      ;
; -4.874 ; id_ex_Bi[2]                           ; Complex_ALU:u_alu|temp1[15] ; clk          ; clk         ; 1.000        ; 0.263      ; 6.132      ;
; -4.870 ; id_ex_Bi[3]                           ; Complex_ALU:u_alu|temp1[14] ; clk          ; clk         ; 1.000        ; 0.256      ; 6.121      ;
; -4.861 ; id_ex_Br[1]                           ; Complex_ALU:u_alu|temp1[9]  ; clk          ; clk         ; 1.000        ; 0.263      ; 6.119      ;
; -4.860 ; id_ex_Bi[3]                           ; Complex_ALU:u_alu|temp2[15] ; clk          ; clk         ; 1.000        ; 0.258      ; 6.113      ;
; -4.859 ; id_ex_Ai[6]                           ; Complex_ALU:u_alu|temp2[13] ; clk          ; clk         ; 1.000        ; 0.259      ; 6.113      ;
; -4.854 ; Complex_ALU:u_alu|state.MUL_RR        ; Complex_ALU:u_alu|temp1[15] ; clk          ; clk         ; 1.000        ; 0.263      ; 6.112      ;
; -4.844 ; Complex_ALU:u_alu|state.MUL_II        ; Complex_ALU:u_alu|temp2[8]  ; clk          ; clk         ; 1.000        ; 0.258      ; 6.097      ;
; -4.843 ; Complex_ALU:u_alu|state.MUL_IR_SAVE_R ; Complex_ALU:u_alu|temp2[10] ; clk          ; clk         ; 1.000        ; 0.258      ; 6.096      ;
; -4.842 ; id_ex_Bi[6]                           ; Complex_ALU:u_alu|temp2[13] ; clk          ; clk         ; 1.000        ; 0.257      ; 6.094      ;
; -4.837 ; id_ex_Ar[7]                           ; Complex_ALU:u_alu|temp2[12] ; clk          ; clk         ; 1.000        ; 0.256      ; 6.088      ;
; -4.836 ; id_ex_Ai[7]                           ; Complex_ALU:u_alu|temp2[13] ; clk          ; clk         ; 1.000        ; 0.259      ; 6.090      ;
; -4.834 ; id_ex_Bi[0]                           ; Complex_ALU:u_alu|temp1[14] ; clk          ; clk         ; 1.000        ; 0.256      ; 6.085      ;
; -4.830 ; id_ex_Br[6]                           ; Complex_ALU:u_alu|temp2[13] ; clk          ; clk         ; 1.000        ; 0.259      ; 6.084      ;
; -4.828 ; id_ex_Br[1]                           ; Complex_ALU:u_alu|temp2[8]  ; clk          ; clk         ; 1.000        ; 0.258      ; 6.081      ;
; -4.824 ; id_ex_Bi[0]                           ; Complex_ALU:u_alu|temp2[15] ; clk          ; clk         ; 1.000        ; 0.258      ; 6.077      ;
; -4.821 ; id_ex_Bi[3]                           ; Complex_ALU:u_alu|temp2[12] ; clk          ; clk         ; 1.000        ; 0.258      ; 6.074      ;
; -4.820 ; Complex_ALU:u_alu|state.MUL_RI_SUB_R  ; Complex_ALU:u_alu|temp1[12] ; clk          ; clk         ; 1.000        ; 0.263      ; 6.078      ;
; -4.810 ; id_ex_Bi[2]                           ; Complex_ALU:u_alu|temp1[12] ; clk          ; clk         ; 1.000        ; 0.263      ; 6.068      ;
; -4.809 ; id_ex_Br[2]                           ; Complex_ALU:u_alu|temp2[10] ; clk          ; clk         ; 1.000        ; 0.258      ; 6.062      ;
; -4.808 ; id_ex_Bi[5]                           ; Complex_ALU:u_alu|temp2[13] ; clk          ; clk         ; 1.000        ; 0.258      ; 6.061      ;
; -4.802 ; Complex_ALU:u_alu|state.MUL_RI_SUB_R  ; Complex_ALU:u_alu|temp1[13] ; clk          ; clk         ; 1.000        ; 0.263      ; 6.060      ;
; -4.800 ; id_ex_Bi[1]                           ; Complex_ALU:u_alu|temp2[10] ; clk          ; clk         ; 1.000        ; 0.258      ; 6.053      ;
; -4.798 ; Complex_ALU:u_alu|state.MUL_IR_SAVE_R ; Complex_ALU:u_alu|temp2[8]  ; clk          ; clk         ; 1.000        ; 0.258      ; 6.051      ;
; -4.793 ; id_ex_Ar[5]                           ; Complex_ALU:u_alu|temp1[14] ; clk          ; clk         ; 1.000        ; 0.255      ; 6.043      ;
; -4.792 ; id_ex_Bi[2]                           ; Complex_ALU:u_alu|temp1[13] ; clk          ; clk         ; 1.000        ; 0.263      ; 6.050      ;
+--------+---------------------------------------+-----------------------------+--------------+-------------+--------------+------------+------------+


+---------------------------------------------------------------------------------------------------------------------------------------------------------+
; Slow 1200mV 0C Model Hold: 'clk'                                                                                                                        ;
+-------+---------------------------------------+-----------------------------------+--------------+-------------+--------------+------------+------------+
; Slack ; From Node                             ; To Node                           ; Launch Clock ; Latch Clock ; Relationship ; Clock Skew ; Data Delay ;
+-------+---------------------------------------+-----------------------------------+--------------+-------------+--------------+------------+------------+
; 0.310 ; pc[0]                                 ; pc[0]                             ; clk          ; clk         ; 0.000        ; 0.057      ; 0.511      ;
; 0.310 ; Complex_ALU:u_alu|ready               ; Complex_ALU:u_alu|ready           ; clk          ; clk         ; 0.000        ; 0.057      ; 0.511      ;
; 0.346 ; id_ex_start                           ; Complex_ALU:u_alu|state.ADD_SUB_R ; clk          ; clk         ; 0.000        ; 0.057      ; 0.547      ;
; 0.349 ; Memory_32:u_mem|data_out[15]          ; id_ex_op[1]                       ; clk          ; clk         ; 0.000        ; 0.057      ; 0.550      ;
; 0.443 ; id_ex_op[0]                           ; Complex_ALU:u_alu|state.ADD_SUB_R ; clk          ; clk         ; 0.000        ; 0.057      ; 0.644      ;
; 0.481 ; Memory_32:u_mem|data_out[14]          ; id_ex_op[0]                       ; clk          ; clk         ; 0.000        ; 0.057      ; 0.682      ;
; 0.504 ; Complex_ALU:u_alu|state.ADD_SUB_I     ; Complex_ALU:u_alu|state.IDLE      ; clk          ; clk         ; 0.000        ; 0.057      ; 0.705      ;
; 0.507 ; Complex_ALU:u_alu|state.MUL_RR        ; Complex_ALU:u_alu|state.MUL_II    ; clk          ; clk         ; 0.000        ; 0.056      ; 0.707      ;
; 0.510 ; Complex_ALU:u_alu|state.ADD_SUB_I     ; Complex_ALU:u_alu|ready           ; clk          ; clk         ; 0.000        ; 0.057      ; 0.711      ;
; 0.517 ; pc[4]                                 ; pc[4]                             ; clk          ; clk         ; 0.000        ; 0.057      ; 0.718      ;
; 0.534 ; pc[2]                                 ; pc[2]                             ; clk          ; clk         ; 0.000        ; 0.057      ; 0.735      ;
; 0.534 ; id_ex_op[1]                           ; Complex_ALU:u_alu|state.ADD_SUB_R ; clk          ; clk         ; 0.000        ; 0.057      ; 0.735      ;
; 0.535 ; pc[3]                                 ; pc[3]                             ; clk          ; clk         ; 0.000        ; 0.057      ; 0.736      ;
; 0.549 ; pc[1]                                 ; pc[1]                             ; clk          ; clk         ; 0.000        ; 0.057      ; 0.750      ;
; 0.557 ; pc[0]                                 ; pc[1]                             ; clk          ; clk         ; 0.000        ; 0.057      ; 0.758      ;
; 0.567 ; Complex_ALU:u_alu|state.IDLE          ; Complex_ALU:u_alu|state.ADD_SUB_R ; clk          ; clk         ; 0.000        ; 0.057      ; 0.768      ;
; 0.609 ; Complex_ALU:u_alu|state.ADD_SUB_R     ; Complex_ALU:u_alu|state.ADD_SUB_I ; clk          ; clk         ; 0.000        ; 0.057      ; 0.810      ;
; 0.610 ; Complex_ALU:u_alu|state.FINISH        ; Complex_ALU:u_alu|state.IDLE      ; clk          ; clk         ; 0.000        ; 0.056      ; 0.810      ;
; 0.621 ; pc[4]                                 ; Memory_32:u_mem|data_out[14]      ; clk          ; clk         ; 0.000        ; 0.057      ; 0.822      ;
; 0.623 ; pc[4]                                 ; Memory_32:u_mem|data_out[15]      ; clk          ; clk         ; 0.000        ; 0.057      ; 0.824      ;
; 0.643 ; Complex_ALU:u_alu|ready               ; id_ex_start                       ; clk          ; clk         ; 0.000        ; 0.057      ; 0.844      ;
; 0.713 ; Complex_ALU:u_alu|state.IDLE          ; Complex_ALU:u_alu|ready           ; clk          ; clk         ; 0.000        ; 0.057      ; 0.914      ;
; 0.731 ; Complex_ALU:u_alu|state.FINISH        ; Complex_ALU:u_alu|ready           ; clk          ; clk         ; 0.000        ; 0.056      ; 0.931      ;
; 0.743 ; pc[3]                                 ; Memory_32:u_mem|data_out[15]      ; clk          ; clk         ; 0.000        ; 0.057      ; 0.944      ;
; 0.778 ; pc[2]                                 ; pc[3]                             ; clk          ; clk         ; 0.000        ; 0.057      ; 0.979      ;
; 0.782 ; pc[3]                                 ; Memory_32:u_mem|data_out[14]      ; clk          ; clk         ; 0.000        ; 0.057      ; 0.983      ;
; 0.784 ; pc[3]                                 ; pc[4]                             ; clk          ; clk         ; 0.000        ; 0.057      ; 0.985      ;
; 0.788 ; pc[1]                                 ; pc[2]                             ; clk          ; clk         ; 0.000        ; 0.057      ; 0.989      ;
; 0.792 ; pc[0]                                 ; pc[2]                             ; clk          ; clk         ; 0.000        ; 0.057      ; 0.993      ;
; 0.795 ; pc[1]                                 ; pc[3]                             ; clk          ; clk         ; 0.000        ; 0.057      ; 0.996      ;
; 0.799 ; pc[0]                                 ; pc[3]                             ; clk          ; clk         ; 0.000        ; 0.057      ; 1.000      ;
; 0.837 ; id_ex_start                           ; Complex_ALU:u_alu|state.IDLE      ; clk          ; clk         ; 0.000        ; 0.057      ; 1.038      ;
; 0.840 ; pc[2]                                 ; Memory_32:u_mem|data_out[15]      ; clk          ; clk         ; 0.000        ; 0.057      ; 1.041      ;
; 0.856 ; Complex_ALU:u_alu|temp2[0]            ; Complex_ALU:u_alu|Ci[0]           ; clk          ; clk         ; 0.000        ; 0.056      ; 1.056      ;
; 0.867 ; pc[2]                                 ; pc[4]                             ; clk          ; clk         ; 0.000        ; 0.057      ; 1.068      ;
; 0.884 ; pc[2]                                 ; Memory_32:u_mem|data_out[14]      ; clk          ; clk         ; 0.000        ; 0.057      ; 1.085      ;
; 0.884 ; pc[1]                                 ; pc[4]                             ; clk          ; clk         ; 0.000        ; 0.057      ; 1.085      ;
; 0.888 ; pc[0]                                 ; pc[4]                             ; clk          ; clk         ; 0.000        ; 0.057      ; 1.089      ;
; 0.891 ; Complex_ALU:u_alu|state.MUL_IR_SAVE_R ; Complex_ALU:u_alu|state.FINISH    ; clk          ; clk         ; 0.000        ; 0.061      ; 1.096      ;
; 0.905 ; pc[4]                                 ; id_ex_start                       ; clk          ; clk         ; 0.000        ; 0.057      ; 1.106      ;
; 0.934 ; Complex_ALU:u_alu|ready               ; pc[0]                             ; clk          ; clk         ; 0.000        ; 0.057      ; 1.135      ;
; 0.943 ; id_ex_op[0]                           ; Complex_ALU:u_alu|state.IDLE      ; clk          ; clk         ; 0.000        ; 0.057      ; 1.144      ;
; 0.968 ; pc[0]                                 ; Memory_32:u_mem|data_out[15]      ; clk          ; clk         ; 0.000        ; 0.057      ; 1.169      ;
; 0.973 ; pc[1]                                 ; Memory_32:u_mem|data_out[15]      ; clk          ; clk         ; 0.000        ; 0.057      ; 1.174      ;
; 0.995 ; pc[1]                                 ; Memory_32:u_mem|data_out[14]      ; clk          ; clk         ; 0.000        ; 0.057      ; 1.196      ;
; 0.998 ; pc[0]                                 ; Memory_32:u_mem|data_out[14]      ; clk          ; clk         ; 0.000        ; 0.057      ; 1.199      ;
; 1.039 ; id_ex_op[1]                           ; Complex_ALU:u_alu|state.IDLE      ; clk          ; clk         ; 0.000        ; 0.057      ; 1.240      ;
; 1.063 ; Memory_32:u_mem|data_out[15]          ; id_ex_start                       ; clk          ; clk         ; 0.000        ; 0.057      ; 1.264      ;
; 1.069 ; Complex_ALU:u_alu|state.IDLE          ; Complex_ALU:u_alu|state.IDLE      ; clk          ; clk         ; 0.000        ; 0.057      ; 1.270      ;
; 1.113 ; Complex_ALU:u_alu|temp2[0]            ; Complex_ALU:u_alu|Ci[1]           ; clk          ; clk         ; 0.000        ; 0.056      ; 1.313      ;
; 1.119 ; Complex_ALU:u_alu|temp2[0]            ; Complex_ALU:u_alu|Cr[0]           ; clk          ; clk         ; 0.000        ; 0.056      ; 1.319      ;
; 1.144 ; Complex_ALU:u_alu|temp2[0]            ; Complex_ALU:u_alu|Ci[2]           ; clk          ; clk         ; 0.000        ; 0.056      ; 1.344      ;
; 1.184 ; pc[4]                                 ; pc[0]                             ; clk          ; clk         ; 0.000        ; 0.057      ; 1.385      ;
; 1.198 ; Complex_ALU:u_alu|temp1[0]            ; Complex_ALU:u_alu|Ci[0]           ; clk          ; clk         ; 0.000        ; -0.256     ; 1.086      ;
; 1.209 ; Complex_ALU:u_alu|temp2[0]            ; Complex_ALU:u_alu|Cr[3]           ; clk          ; clk         ; 0.000        ; 0.056      ; 1.409      ;
; 1.234 ; Complex_ALU:u_alu|ready               ; pc[2]                             ; clk          ; clk         ; 0.000        ; 0.057      ; 1.435      ;
; 1.234 ; Complex_ALU:u_alu|ready               ; pc[3]                             ; clk          ; clk         ; 0.000        ; 0.057      ; 1.435      ;
; 1.234 ; Complex_ALU:u_alu|ready               ; pc[4]                             ; clk          ; clk         ; 0.000        ; 0.057      ; 1.435      ;
; 1.234 ; Complex_ALU:u_alu|ready               ; pc[1]                             ; clk          ; clk         ; 0.000        ; 0.057      ; 1.435      ;
; 1.240 ; Complex_ALU:u_alu|temp2[0]            ; Complex_ALU:u_alu|Cr[4]           ; clk          ; clk         ; 0.000        ; 0.056      ; 1.440      ;
; 1.262 ; Memory_32:u_mem|data_out[14]          ; id_ex_start                       ; clk          ; clk         ; 0.000        ; 0.057      ; 1.463      ;
; 1.284 ; Complex_ALU:u_alu|ready               ; id_ex_op[0]                       ; clk          ; clk         ; 0.000        ; 0.057      ; 1.485      ;
; 1.284 ; Complex_ALU:u_alu|ready               ; id_ex_op[1]                       ; clk          ; clk         ; 0.000        ; 0.057      ; 1.485      ;
; 1.287 ; pc[3]                                 ; id_ex_start                       ; clk          ; clk         ; 0.000        ; 0.057      ; 1.488      ;
; 1.305 ; Complex_ALU:u_alu|temp2[0]            ; Complex_ALU:u_alu|Cr[5]           ; clk          ; clk         ; 0.000        ; 0.056      ; 1.505      ;
; 1.318 ; id_ex_start                           ; Complex_ALU:u_alu|state.MUL_RR    ; clk          ; clk         ; 0.000        ; 0.053      ; 1.515      ;
; 1.331 ; id_ex_Ar[7]                           ; Complex_ALU:u_alu|Cr[11]          ; clk          ; clk         ; 0.000        ; 0.057      ; 1.532      ;
; 1.333 ; id_ex_Ar[7]                           ; Complex_ALU:u_alu|Cr[9]           ; clk          ; clk         ; 0.000        ; 0.057      ; 1.534      ;
; 1.333 ; id_ex_Ar[7]                           ; Complex_ALU:u_alu|Cr[10]          ; clk          ; clk         ; 0.000        ; 0.057      ; 1.534      ;
; 1.335 ; id_ex_Ar[7]                           ; Complex_ALU:u_alu|Cr[13]          ; clk          ; clk         ; 0.000        ; 0.057      ; 1.536      ;
; 1.336 ; Complex_ALU:u_alu|temp2[0]            ; Complex_ALU:u_alu|Ci[6]           ; clk          ; clk         ; 0.000        ; 0.056      ; 1.536      ;
; 1.343 ; Complex_ALU:u_alu|temp1[6]            ; Complex_ALU:u_alu|Ci[6]           ; clk          ; clk         ; 0.000        ; -0.229     ; 1.258      ;
; 1.354 ; Memory_32:u_mem|data_out[15]          ; pc[0]                             ; clk          ; clk         ; 0.000        ; 0.057      ; 1.555      ;
; 1.358 ; id_ex_Ar[7]                           ; Complex_ALU:u_alu|Cr[14]          ; clk          ; clk         ; 0.000        ; 0.057      ; 1.559      ;
; 1.360 ; id_ex_Ar[7]                           ; Complex_ALU:u_alu|Cr[12]          ; clk          ; clk         ; 0.000        ; 0.057      ; 1.561      ;
; 1.378 ; Complex_ALU:u_alu|temp2[0]            ; Complex_ALU:u_alu|Cr[1]           ; clk          ; clk         ; 0.000        ; 0.056      ; 1.578      ;
; 1.379 ; Complex_ALU:u_alu|temp1[7]            ; Complex_ALU:u_alu|Cr[7]           ; clk          ; clk         ; 0.000        ; -0.232     ; 1.291      ;
; 1.384 ; pc[2]                                 ; id_ex_start                       ; clk          ; clk         ; 0.000        ; 0.057      ; 1.585      ;
; 1.394 ; Complex_ALU:u_alu|state.FINISH        ; Complex_ALU:u_alu|Ci[0]           ; clk          ; clk         ; 0.000        ; 0.057      ; 1.595      ;
; 1.394 ; Complex_ALU:u_alu|state.FINISH        ; Complex_ALU:u_alu|Ci[1]           ; clk          ; clk         ; 0.000        ; 0.057      ; 1.595      ;
; 1.394 ; Complex_ALU:u_alu|state.FINISH        ; Complex_ALU:u_alu|Ci[2]           ; clk          ; clk         ; 0.000        ; 0.057      ; 1.595      ;
; 1.394 ; Complex_ALU:u_alu|state.FINISH        ; Complex_ALU:u_alu|Ci[3]           ; clk          ; clk         ; 0.000        ; 0.057      ; 1.595      ;
; 1.394 ; Complex_ALU:u_alu|state.FINISH        ; Complex_ALU:u_alu|Ci[4]           ; clk          ; clk         ; 0.000        ; 0.057      ; 1.595      ;
; 1.394 ; Complex_ALU:u_alu|state.FINISH        ; Complex_ALU:u_alu|Ci[5]           ; clk          ; clk         ; 0.000        ; 0.057      ; 1.595      ;
; 1.394 ; Complex_ALU:u_alu|state.FINISH        ; Complex_ALU:u_alu|Ci[6]           ; clk          ; clk         ; 0.000        ; 0.057      ; 1.595      ;
; 1.398 ; Complex_ALU:u_alu|temp1[2]            ; Complex_ALU:u_alu|Ci[2]           ; clk          ; clk         ; 0.000        ; -0.229     ; 1.313      ;
; 1.404 ; Complex_ALU:u_alu|temp2[0]            ; Complex_ALU:u_alu|Cr[7]           ; clk          ; clk         ; 0.000        ; 0.053      ; 1.601      ;
; 1.412 ; Complex_ALU:u_alu|temp2[8]            ; Complex_ALU:u_alu|Ci[8]           ; clk          ; clk         ; 0.000        ; -0.256     ; 1.300      ;
; 1.416 ; Complex_ALU:u_alu|temp2[12]           ; Complex_ALU:u_alu|Cr[12]          ; clk          ; clk         ; 0.000        ; -0.256     ; 1.304      ;
; 1.417 ; Complex_ALU:u_alu|temp2[10]           ; Complex_ALU:u_alu|Cr[10]          ; clk          ; clk         ; 0.000        ; -0.256     ; 1.305      ;
; 1.424 ; id_ex_op[0]                           ; Complex_ALU:u_alu|state.MUL_RR    ; clk          ; clk         ; 0.000        ; 0.053      ; 1.621      ;
; 1.425 ; Complex_ALU:u_alu|temp2[13]           ; Complex_ALU:u_alu|Cr[13]          ; clk          ; clk         ; 0.000        ; -0.256     ; 1.313      ;
; 1.427 ; id_ex_Br[7]                           ; Complex_ALU:u_alu|Ci[8]           ; clk          ; clk         ; 0.000        ; 0.060      ; 1.631      ;
; 1.430 ; id_ex_Br[7]                           ; Complex_ALU:u_alu|Cr[9]           ; clk          ; clk         ; 0.000        ; 0.060      ; 1.634      ;
; 1.433 ; id_ex_Ar[7]                           ; Complex_ALU:u_alu|Ci[15]          ; clk          ; clk         ; 0.000        ; 0.057      ; 1.634      ;
; 1.435 ; Complex_ALU:u_alu|temp2[0]            ; Complex_ALU:u_alu|Ci[8]           ; clk          ; clk         ; 0.000        ; 0.053      ; 1.632      ;
; 1.436 ; id_ex_Br[7]                           ; Complex_ALU:u_alu|Cr[10]          ; clk          ; clk         ; 0.000        ; 0.060      ; 1.640      ;
; 1.437 ; id_ex_Br[7]                           ; Complex_ALU:u_alu|Cr[13]          ; clk          ; clk         ; 0.000        ; 0.060      ; 1.641      ;
; 1.439 ; id_ex_Br[7]                           ; Complex_ALU:u_alu|Cr[12]          ; clk          ; clk         ; 0.000        ; 0.060      ; 1.643      ;
; 1.441 ; Complex_ALU:u_alu|temp2[11]           ; Complex_ALU:u_alu|Cr[11]          ; clk          ; clk         ; 0.000        ; -0.256     ; 1.329      ;
+-------+---------------------------------------+-----------------------------------+--------------+-------------+--------------+------------+------------+


+------------------------------------------------------------------------------------------------------------------+
; Slow 1200mV 0C Model Minimum Pulse Width: 'clk'                                                                  ;
+--------+--------------+----------------+------------+-------+------------+---------------------------------------+
; Slack  ; Actual Width ; Required Width ; Type       ; Clock ; Clock Edge ; Target                                ;
+--------+--------------+----------------+------------+-------+------------+---------------------------------------+
; -3.000 ; 1.000        ; 4.000          ; Port Rate  ; clk   ; Rise       ; clk                                   ;
; -1.000 ; 1.000        ; 2.000          ; Min Period ; clk   ; Rise       ; Complex_ALU:u_alu|Ci[0]               ;
; -1.000 ; 1.000        ; 2.000          ; Min Period ; clk   ; Rise       ; Complex_ALU:u_alu|Ci[10]              ;
; -1.000 ; 1.000        ; 2.000          ; Min Period ; clk   ; Rise       ; Complex_ALU:u_alu|Ci[11]              ;
; -1.000 ; 1.000        ; 2.000          ; Min Period ; clk   ; Rise       ; Complex_ALU:u_alu|Ci[12]              ;
; -1.000 ; 1.000        ; 2.000          ; Min Period ; clk   ; Rise       ; Complex_ALU:u_alu|Ci[13]              ;
; -1.000 ; 1.000        ; 2.000          ; Min Period ; clk   ; Rise       ; Complex_ALU:u_alu|Ci[14]              ;
; -1.000 ; 1.000        ; 2.000          ; Min Period ; clk   ; Rise       ; Complex_ALU:u_alu|Ci[15]              ;
; -1.000 ; 1.000        ; 2.000          ; Min Period ; clk   ; Rise       ; Complex_ALU:u_alu|Ci[1]               ;
; -1.000 ; 1.000        ; 2.000          ; Min Period ; clk   ; Rise       ; Complex_ALU:u_alu|Ci[2]               ;
; -1.000 ; 1.000        ; 2.000          ; Min Period ; clk   ; Rise       ; Complex_ALU:u_alu|Ci[3]               ;
; -1.000 ; 1.000        ; 2.000          ; Min Period ; clk   ; Rise       ; Complex_ALU:u_alu|Ci[4]               ;
; -1.000 ; 1.000        ; 2.000          ; Min Period ; clk   ; Rise       ; Complex_ALU:u_alu|Ci[5]               ;
; -1.000 ; 1.000        ; 2.000          ; Min Period ; clk   ; Rise       ; Complex_ALU:u_alu|Ci[6]               ;
; -1.000 ; 1.000        ; 2.000          ; Min Period ; clk   ; Rise       ; Complex_ALU:u_alu|Ci[7]               ;
; -1.000 ; 1.000        ; 2.000          ; Min Period ; clk   ; Rise       ; Complex_ALU:u_alu|Ci[8]               ;
; -1.000 ; 1.000        ; 2.000          ; Min Period ; clk   ; Rise       ; Complex_ALU:u_alu|Ci[9]               ;
; -1.000 ; 1.000        ; 2.000          ; Min Period ; clk   ; Rise       ; Complex_ALU:u_alu|Cr[0]               ;
; -1.000 ; 1.000        ; 2.000          ; Min Period ; clk   ; Rise       ; Complex_ALU:u_alu|Cr[10]              ;
; -1.000 ; 1.000        ; 2.000          ; Min Period ; clk   ; Rise       ; Complex_ALU:u_alu|Cr[11]              ;
; -1.000 ; 1.000        ; 2.000          ; Min Period ; clk   ; Rise       ; Complex_ALU:u_alu|Cr[12]              ;
; -1.000 ; 1.000        ; 2.000          ; Min Period ; clk   ; Rise       ; Complex_ALU:u_alu|Cr[13]              ;
; -1.000 ; 1.000        ; 2.000          ; Min Period ; clk   ; Rise       ; Complex_ALU:u_alu|Cr[14]              ;
; -1.000 ; 1.000        ; 2.000          ; Min Period ; clk   ; Rise       ; Complex_ALU:u_alu|Cr[15]              ;
; -1.000 ; 1.000        ; 2.000          ; Min Period ; clk   ; Rise       ; Complex_ALU:u_alu|Cr[1]               ;
; -1.000 ; 1.000        ; 2.000          ; Min Period ; clk   ; Rise       ; Complex_ALU:u_alu|Cr[2]               ;
; -1.000 ; 1.000        ; 2.000          ; Min Period ; clk   ; Rise       ; Complex_ALU:u_alu|Cr[3]               ;
; -1.000 ; 1.000        ; 2.000          ; Min Period ; clk   ; Rise       ; Complex_ALU:u_alu|Cr[4]               ;
; -1.000 ; 1.000        ; 2.000          ; Min Period ; clk   ; Rise       ; Complex_ALU:u_alu|Cr[5]               ;
; -1.000 ; 1.000        ; 2.000          ; Min Period ; clk   ; Rise       ; Complex_ALU:u_alu|Cr[6]               ;
; -1.000 ; 1.000        ; 2.000          ; Min Period ; clk   ; Rise       ; Complex_ALU:u_alu|Cr[7]               ;
; -1.000 ; 1.000        ; 2.000          ; Min Period ; clk   ; Rise       ; Complex_ALU:u_alu|Cr[8]               ;
; -1.000 ; 1.000        ; 2.000          ; Min Period ; clk   ; Rise       ; Complex_ALU:u_alu|Cr[9]               ;
; -1.000 ; 1.000        ; 2.000          ; Min Period ; clk   ; Rise       ; Complex_ALU:u_alu|ready               ;
; -1.000 ; 1.000        ; 2.000          ; Min Period ; clk   ; Rise       ; Complex_ALU:u_alu|state.ADD_SUB_I     ;
; -1.000 ; 1.000        ; 2.000          ; Min Period ; clk   ; Rise       ; Complex_ALU:u_alu|state.ADD_SUB_R     ;
; -1.000 ; 1.000        ; 2.000          ; Min Period ; clk   ; Rise       ; Complex_ALU:u_alu|state.FINISH        ;
; -1.000 ; 1.000        ; 2.000          ; Min Period ; clk   ; Rise       ; Complex_ALU:u_alu|state.IDLE          ;
; -1.000 ; 1.000        ; 2.000          ; Min Period ; clk   ; Rise       ; Complex_ALU:u_alu|state.MUL_II        ;
; -1.000 ; 1.000        ; 2.000          ; Min Period ; clk   ; Rise       ; Complex_ALU:u_alu|state.MUL_IR_SAVE_R ;
; -1.000 ; 1.000        ; 2.000          ; Min Period ; clk   ; Rise       ; Complex_ALU:u_alu|state.MUL_RI_SUB_R  ;
; -1.000 ; 1.000        ; 2.000          ; Min Period ; clk   ; Rise       ; Complex_ALU:u_alu|state.MUL_RR        ;
; -1.000 ; 1.000        ; 2.000          ; Min Period ; clk   ; Rise       ; Complex_ALU:u_alu|temp1[0]            ;
; -1.000 ; 1.000        ; 2.000          ; Min Period ; clk   ; Rise       ; Complex_ALU:u_alu|temp1[10]           ;
; -1.000 ; 1.000        ; 2.000          ; Min Period ; clk   ; Rise       ; Complex_ALU:u_alu|temp1[11]           ;
; -1.000 ; 1.000        ; 2.000          ; Min Period ; clk   ; Rise       ; Complex_ALU:u_alu|temp1[12]           ;
; -1.000 ; 1.000        ; 2.000          ; Min Period ; clk   ; Rise       ; Complex_ALU:u_alu|temp1[13]           ;
; -1.000 ; 1.000        ; 2.000          ; Min Period ; clk   ; Rise       ; Complex_ALU:u_alu|temp1[14]           ;
; -1.000 ; 1.000        ; 2.000          ; Min Period ; clk   ; Rise       ; Complex_ALU:u_alu|temp1[15]           ;
; -1.000 ; 1.000        ; 2.000          ; Min Period ; clk   ; Rise       ; Complex_ALU:u_alu|temp1[1]            ;
; -1.000 ; 1.000        ; 2.000          ; Min Period ; clk   ; Rise       ; Complex_ALU:u_alu|temp1[2]            ;
; -1.000 ; 1.000        ; 2.000          ; Min Period ; clk   ; Rise       ; Complex_ALU:u_alu|temp1[3]            ;
; -1.000 ; 1.000        ; 2.000          ; Min Period ; clk   ; Rise       ; Complex_ALU:u_alu|temp1[4]            ;
; -1.000 ; 1.000        ; 2.000          ; Min Period ; clk   ; Rise       ; Complex_ALU:u_alu|temp1[5]            ;
; -1.000 ; 1.000        ; 2.000          ; Min Period ; clk   ; Rise       ; Complex_ALU:u_alu|temp1[6]            ;
; -1.000 ; 1.000        ; 2.000          ; Min Period ; clk   ; Rise       ; Complex_ALU:u_alu|temp1[7]            ;
; -1.000 ; 1.000        ; 2.000          ; Min Period ; clk   ; Rise       ; Complex_ALU:u_alu|temp1[8]            ;
; -1.000 ; 1.000        ; 2.000          ; Min Period ; clk   ; Rise       ; Complex_ALU:u_alu|temp1[9]            ;
; -1.000 ; 1.000        ; 2.000          ; Min Period ; clk   ; Rise       ; Complex_ALU:u_alu|temp2[0]            ;
; -1.000 ; 1.000        ; 2.000          ; Min Period ; clk   ; Rise       ; Complex_ALU:u_alu|temp2[10]           ;
; -1.000 ; 1.000        ; 2.000          ; Min Period ; clk   ; Rise       ; Complex_ALU:u_alu|temp2[11]           ;
; -1.000 ; 1.000        ; 2.000          ; Min Period ; clk   ; Rise       ; Complex_ALU:u_alu|temp2[12]           ;
; -1.000 ; 1.000        ; 2.000          ; Min Period ; clk   ; Rise       ; Complex_ALU:u_alu|temp2[13]           ;
; -1.000 ; 1.000        ; 2.000          ; Min Period ; clk   ; Rise       ; Complex_ALU:u_alu|temp2[14]           ;
; -1.000 ; 1.000        ; 2.000          ; Min Period ; clk   ; Rise       ; Complex_ALU:u_alu|temp2[15]           ;
; -1.000 ; 1.000        ; 2.000          ; Min Period ; clk   ; Rise       ; Complex_ALU:u_alu|temp2[1]            ;
; -1.000 ; 1.000        ; 2.000          ; Min Period ; clk   ; Rise       ; Complex_ALU:u_alu|temp2[2]            ;
; -1.000 ; 1.000        ; 2.000          ; Min Period ; clk   ; Rise       ; Complex_ALU:u_alu|temp2[3]            ;
; -1.000 ; 1.000        ; 2.000          ; Min Period ; clk   ; Rise       ; Complex_ALU:u_alu|temp2[4]            ;
; -1.000 ; 1.000        ; 2.000          ; Min Period ; clk   ; Rise       ; Complex_ALU:u_alu|temp2[5]            ;
; -1.000 ; 1.000        ; 2.000          ; Min Period ; clk   ; Rise       ; Complex_ALU:u_alu|temp2[6]            ;
; -1.000 ; 1.000        ; 2.000          ; Min Period ; clk   ; Rise       ; Complex_ALU:u_alu|temp2[7]            ;
; -1.000 ; 1.000        ; 2.000          ; Min Period ; clk   ; Rise       ; Complex_ALU:u_alu|temp2[8]            ;
; -1.000 ; 1.000        ; 2.000          ; Min Period ; clk   ; Rise       ; Complex_ALU:u_alu|temp2[9]            ;
; -1.000 ; 1.000        ; 2.000          ; Min Period ; clk   ; Rise       ; Memory_32:u_mem|data_out[14]          ;
; -1.000 ; 1.000        ; 2.000          ; Min Period ; clk   ; Rise       ; Memory_32:u_mem|data_out[15]          ;
; -1.000 ; 1.000        ; 2.000          ; Min Period ; clk   ; Rise       ; id_ex_Ai[0]                           ;
; -1.000 ; 1.000        ; 2.000          ; Min Period ; clk   ; Rise       ; id_ex_Ai[1]                           ;
; -1.000 ; 1.000        ; 2.000          ; Min Period ; clk   ; Rise       ; id_ex_Ai[2]                           ;
; -1.000 ; 1.000        ; 2.000          ; Min Period ; clk   ; Rise       ; id_ex_Ai[3]                           ;
; -1.000 ; 1.000        ; 2.000          ; Min Period ; clk   ; Rise       ; id_ex_Ai[4]                           ;
; -1.000 ; 1.000        ; 2.000          ; Min Period ; clk   ; Rise       ; id_ex_Ai[5]                           ;
; -1.000 ; 1.000        ; 2.000          ; Min Period ; clk   ; Rise       ; id_ex_Ai[6]                           ;
; -1.000 ; 1.000        ; 2.000          ; Min Period ; clk   ; Rise       ; id_ex_Ai[7]                           ;
; -1.000 ; 1.000        ; 2.000          ; Min Period ; clk   ; Rise       ; id_ex_Ar[0]                           ;
; -1.000 ; 1.000        ; 2.000          ; Min Period ; clk   ; Rise       ; id_ex_Ar[1]                           ;
; -1.000 ; 1.000        ; 2.000          ; Min Period ; clk   ; Rise       ; id_ex_Ar[2]                           ;
; -1.000 ; 1.000        ; 2.000          ; Min Period ; clk   ; Rise       ; id_ex_Ar[3]                           ;
; -1.000 ; 1.000        ; 2.000          ; Min Period ; clk   ; Rise       ; id_ex_Ar[4]                           ;
; -1.000 ; 1.000        ; 2.000          ; Min Period ; clk   ; Rise       ; id_ex_Ar[5]                           ;
; -1.000 ; 1.000        ; 2.000          ; Min Period ; clk   ; Rise       ; id_ex_Ar[6]                           ;
; -1.000 ; 1.000        ; 2.000          ; Min Period ; clk   ; Rise       ; id_ex_Ar[7]                           ;
; -1.000 ; 1.000        ; 2.000          ; Min Period ; clk   ; Rise       ; id_ex_Bi[0]                           ;
; -1.000 ; 1.000        ; 2.000          ; Min Period ; clk   ; Rise       ; id_ex_Bi[1]                           ;
; -1.000 ; 1.000        ; 2.000          ; Min Period ; clk   ; Rise       ; id_ex_Bi[2]                           ;
; -1.000 ; 1.000        ; 2.000          ; Min Period ; clk   ; Rise       ; id_ex_Bi[3]                           ;
; -1.000 ; 1.000        ; 2.000          ; Min Period ; clk   ; Rise       ; id_ex_Bi[4]                           ;
; -1.000 ; 1.000        ; 2.000          ; Min Period ; clk   ; Rise       ; id_ex_Bi[5]                           ;
; -1.000 ; 1.000        ; 2.000          ; Min Period ; clk   ; Rise       ; id_ex_Bi[6]                           ;
; -1.000 ; 1.000        ; 2.000          ; Min Period ; clk   ; Rise       ; id_ex_Bi[7]                           ;
+--------+--------------+----------------+------------+-------+------------+---------------------------------------+


+-------------------------------------------------------------------------+
; Setup Times                                                             ;
+-------------+------------+-------+-------+------------+-----------------+
; Data Port   ; Clock Port ; Rise  ; Fall  ; Clock Edge ; Clock Reference ;
+-------------+------------+-------+-------+------------+-----------------+
; data_Ai[*]  ; clk        ; 2.144 ; 2.552 ; Rise       ; clk             ;
;  data_Ai[0] ; clk        ; 1.606 ; 1.974 ; Rise       ; clk             ;
;  data_Ai[1] ; clk        ; 2.144 ; 2.507 ; Rise       ; clk             ;
;  data_Ai[2] ; clk        ; 1.787 ; 2.172 ; Rise       ; clk             ;
;  data_Ai[3] ; clk        ; 1.492 ; 1.848 ; Rise       ; clk             ;
;  data_Ai[4] ; clk        ; 1.839 ; 2.211 ; Rise       ; clk             ;
;  data_Ai[5] ; clk        ; 2.124 ; 2.552 ; Rise       ; clk             ;
;  data_Ai[6] ; clk        ; 1.853 ; 2.214 ; Rise       ; clk             ;
;  data_Ai[7] ; clk        ; 2.021 ; 2.374 ; Rise       ; clk             ;
; data_Ar[*]  ; clk        ; 2.383 ; 2.757 ; Rise       ; clk             ;
;  data_Ar[0] ; clk        ; 2.083 ; 2.464 ; Rise       ; clk             ;
;  data_Ar[1] ; clk        ; 1.805 ; 2.226 ; Rise       ; clk             ;
;  data_Ar[2] ; clk        ; 1.893 ; 2.253 ; Rise       ; clk             ;
;  data_Ar[3] ; clk        ; 2.089 ; 2.449 ; Rise       ; clk             ;
;  data_Ar[4] ; clk        ; 1.599 ; 1.959 ; Rise       ; clk             ;
;  data_Ar[5] ; clk        ; 1.358 ; 1.715 ; Rise       ; clk             ;
;  data_Ar[6] ; clk        ; 2.177 ; 2.570 ; Rise       ; clk             ;
;  data_Ar[7] ; clk        ; 2.383 ; 2.757 ; Rise       ; clk             ;
; data_Bi[*]  ; clk        ; 2.150 ; 2.558 ; Rise       ; clk             ;
;  data_Bi[0] ; clk        ; 0.526 ; 0.627 ; Rise       ; clk             ;
;  data_Bi[1] ; clk        ; 2.150 ; 2.527 ; Rise       ; clk             ;
;  data_Bi[2] ; clk        ; 1.627 ; 1.987 ; Rise       ; clk             ;
;  data_Bi[3] ; clk        ; 2.129 ; 2.558 ; Rise       ; clk             ;
;  data_Bi[4] ; clk        ; 1.904 ; 2.332 ; Rise       ; clk             ;
;  data_Bi[5] ; clk        ; 1.777 ; 2.111 ; Rise       ; clk             ;
;  data_Bi[6] ; clk        ; 1.953 ; 2.348 ; Rise       ; clk             ;
;  data_Bi[7] ; clk        ; 1.936 ; 2.315 ; Rise       ; clk             ;
; data_Br[*]  ; clk        ; 2.090 ; 2.502 ; Rise       ; clk             ;
;  data_Br[0] ; clk        ; 0.596 ; 0.678 ; Rise       ; clk             ;
;  data_Br[1] ; clk        ; 2.009 ; 2.407 ; Rise       ; clk             ;
;  data_Br[2] ; clk        ; 1.895 ; 2.270 ; Rise       ; clk             ;
;  data_Br[3] ; clk        ; 1.777 ; 2.156 ; Rise       ; clk             ;
;  data_Br[4] ; clk        ; 2.090 ; 2.453 ; Rise       ; clk             ;
;  data_Br[5] ; clk        ; 1.856 ; 2.218 ; Rise       ; clk             ;
;  data_Br[6] ; clk        ; 1.805 ; 2.179 ; Rise       ; clk             ;
;  data_Br[7] ; clk        ; 2.079 ; 2.502 ; Rise       ; clk             ;
; rst         ; clk        ; 2.326 ; 2.436 ; Rise       ; clk             ;
+-------------+------------+-------+-------+------------+-----------------+


+---------------------------------------------------------------------------+
; Hold Times                                                                ;
+-------------+------------+--------+--------+------------+-----------------+
; Data Port   ; Clock Port ; Rise   ; Fall   ; Clock Edge ; Clock Reference ;
+-------------+------------+--------+--------+------------+-----------------+
; data_Ai[*]  ; clk        ; -1.115 ; -1.462 ; Rise       ; clk             ;
;  data_Ai[0] ; clk        ; -1.242 ; -1.595 ; Rise       ; clk             ;
;  data_Ai[1] ; clk        ; -1.770 ; -2.124 ; Rise       ; clk             ;
;  data_Ai[2] ; clk        ; -1.425 ; -1.800 ; Rise       ; clk             ;
;  data_Ai[3] ; clk        ; -1.115 ; -1.462 ; Rise       ; clk             ;
;  data_Ai[4] ; clk        ; -1.449 ; -1.812 ; Rise       ; clk             ;
;  data_Ai[5] ; clk        ; -1.749 ; -2.165 ; Rise       ; clk             ;
;  data_Ai[6] ; clk        ; -1.490 ; -1.841 ; Rise       ; clk             ;
;  data_Ai[7] ; clk        ; -1.651 ; -1.995 ; Rise       ; clk             ;
; data_Ar[*]  ; clk        ; -1.002 ; -1.345 ; Rise       ; clk             ;
;  data_Ar[0] ; clk        ; -1.701 ; -2.067 ; Rise       ; clk             ;
;  data_Ar[1] ; clk        ; -1.414 ; -1.824 ; Rise       ; clk             ;
;  data_Ar[2] ; clk        ; -1.526 ; -1.877 ; Rise       ; clk             ;
;  data_Ar[3] ; clk        ; -1.717 ; -2.069 ; Rise       ; clk             ;
;  data_Ar[4] ; clk        ; -1.247 ; -1.598 ; Rise       ; clk             ;
;  data_Ar[5] ; clk        ; -1.002 ; -1.345 ; Rise       ; clk             ;
;  data_Ar[6] ; clk        ; -1.800 ; -2.183 ; Rise       ; clk             ;
;  data_Ar[7] ; clk        ; -1.999 ; -2.363 ; Rise       ; clk             ;
; data_Bi[*]  ; clk        ; -0.221 ; -0.324 ; Rise       ; clk             ;
;  data_Bi[0] ; clk        ; -0.221 ; -0.324 ; Rise       ; clk             ;
;  data_Bi[1] ; clk        ; -1.775 ; -2.142 ; Rise       ; clk             ;
;  data_Bi[2] ; clk        ; -1.274 ; -1.625 ; Rise       ; clk             ;
;  data_Bi[3] ; clk        ; -1.753 ; -2.171 ; Rise       ; clk             ;
;  data_Bi[4] ; clk        ; -1.538 ; -1.954 ; Rise       ; clk             ;
;  data_Bi[5] ; clk        ; -1.416 ; -1.742 ; Rise       ; clk             ;
;  data_Bi[6] ; clk        ; -1.572 ; -1.951 ; Rise       ; clk             ;
;  data_Bi[7] ; clk        ; -1.571 ; -1.940 ; Rise       ; clk             ;
; data_Br[*]  ; clk        ; -0.289 ; -0.373 ; Rise       ; clk             ;
;  data_Br[0] ; clk        ; -0.289 ; -0.373 ; Rise       ; clk             ;
;  data_Br[1] ; clk        ; -1.640 ; -2.027 ; Rise       ; clk             ;
;  data_Br[2] ; clk        ; -1.531 ; -1.897 ; Rise       ; clk             ;
;  data_Br[3] ; clk        ; -1.415 ; -1.784 ; Rise       ; clk             ;
;  data_Br[4] ; clk        ; -1.717 ; -2.070 ; Rise       ; clk             ;
;  data_Br[5] ; clk        ; -1.493 ; -1.846 ; Rise       ; clk             ;
;  data_Br[6] ; clk        ; -1.432 ; -1.792 ; Rise       ; clk             ;
;  data_Br[7] ; clk        ; -1.705 ; -2.117 ; Rise       ; clk             ;
; rst         ; clk        ; -1.004 ; -1.083 ; Rise       ; clk             ;
+-------------+------------+--------+--------+------------+-----------------+


+----------------------------------------------------------------------------+
; Clock to Output Times                                                      ;
+----------------+------------+-------+-------+------------+-----------------+
; Data Port      ; Clock Port ; Rise  ; Fall  ; Clock Edge ; Clock Reference ;
+----------------+------------+-------+-------+------------+-----------------+
; current_pc[*]  ; clk        ; 6.260 ; 6.185 ; Rise       ; clk             ;
;  current_pc[0] ; clk        ; 6.022 ; 5.906 ; Rise       ; clk             ;
;  current_pc[1] ; clk        ; 6.021 ; 5.897 ; Rise       ; clk             ;
;  current_pc[2] ; clk        ; 5.902 ; 5.802 ; Rise       ; clk             ;
;  current_pc[3] ; clk        ; 6.260 ; 6.185 ; Rise       ; clk             ;
;  current_pc[4] ; clk        ; 5.392 ; 5.313 ; Rise       ; clk             ;
; done           ; clk        ; 5.925 ; 5.845 ; Rise       ; clk             ;
; result_i[*]    ; clk        ; 7.445 ; 7.399 ; Rise       ; clk             ;
;  result_i[0]   ; clk        ; 5.685 ; 5.620 ; Rise       ; clk             ;
;  result_i[1]   ; clk        ; 6.564 ; 6.580 ; Rise       ; clk             ;
;  result_i[2]   ; clk        ; 5.841 ; 5.744 ; Rise       ; clk             ;
;  result_i[3]   ; clk        ; 5.597 ; 5.513 ; Rise       ; clk             ;
;  result_i[4]   ; clk        ; 5.859 ; 5.761 ; Rise       ; clk             ;
;  result_i[5]   ; clk        ; 6.107 ; 6.015 ; Rise       ; clk             ;
;  result_i[6]   ; clk        ; 5.630 ; 5.546 ; Rise       ; clk             ;
;  result_i[7]   ; clk        ; 5.969 ; 5.853 ; Rise       ; clk             ;
;  result_i[8]   ; clk        ; 7.291 ; 7.194 ; Rise       ; clk             ;
;  result_i[9]   ; clk        ; 5.953 ; 5.843 ; Rise       ; clk             ;
;  result_i[10]  ; clk        ; 6.151 ; 6.081 ; Rise       ; clk             ;
;  result_i[11]  ; clk        ; 7.445 ; 7.399 ; Rise       ; clk             ;
;  result_i[12]  ; clk        ; 6.118 ; 6.050 ; Rise       ; clk             ;
;  result_i[13]  ; clk        ; 6.046 ; 6.011 ; Rise       ; clk             ;
;  result_i[14]  ; clk        ; 6.333 ; 6.247 ; Rise       ; clk             ;
;  result_i[15]  ; clk        ; 6.106 ; 6.036 ; Rise       ; clk             ;
; result_r[*]    ; clk        ; 6.519 ; 6.468 ; Rise       ; clk             ;
;  result_r[0]   ; clk        ; 6.394 ; 6.362 ; Rise       ; clk             ;
;  result_r[1]   ; clk        ; 5.373 ; 5.290 ; Rise       ; clk             ;
;  result_r[2]   ; clk        ; 5.569 ; 5.468 ; Rise       ; clk             ;
;  result_r[3]   ; clk        ; 5.605 ; 5.515 ; Rise       ; clk             ;
;  result_r[4]   ; clk        ; 5.530 ; 5.430 ; Rise       ; clk             ;
;  result_r[5]   ; clk        ; 5.608 ; 5.523 ; Rise       ; clk             ;
;  result_r[6]   ; clk        ; 6.519 ; 6.468 ; Rise       ; clk             ;
;  result_r[7]   ; clk        ; 6.431 ; 6.376 ; Rise       ; clk             ;
;  result_r[8]   ; clk        ; 5.783 ; 5.673 ; Rise       ; clk             ;
;  result_r[9]   ; clk        ; 5.713 ; 5.596 ; Rise       ; clk             ;
;  result_r[10]  ; clk        ; 6.085 ; 6.001 ; Rise       ; clk             ;
;  result_r[11]  ; clk        ; 6.155 ; 6.079 ; Rise       ; clk             ;
;  result_r[12]  ; clk        ; 5.554 ; 5.450 ; Rise       ; clk             ;
;  result_r[13]  ; clk        ; 5.978 ; 5.868 ; Rise       ; clk             ;
;  result_r[14]  ; clk        ; 6.173 ; 6.085 ; Rise       ; clk             ;
;  result_r[15]  ; clk        ; 5.766 ; 5.722 ; Rise       ; clk             ;
+----------------+------------+-------+-------+------------+-----------------+


+----------------------------------------------------------------------------+
; Minimum Clock to Output Times                                              ;
+----------------+------------+-------+-------+------------+-----------------+
; Data Port      ; Clock Port ; Rise  ; Fall  ; Clock Edge ; Clock Reference ;
+----------------+------------+-------+-------+------------+-----------------+
; current_pc[*]  ; clk        ; 5.217 ; 5.138 ; Rise       ; clk             ;
;  current_pc[0] ; clk        ; 5.823 ; 5.708 ; Rise       ; clk             ;
;  current_pc[1] ; clk        ; 5.822 ; 5.699 ; Rise       ; clk             ;
;  current_pc[2] ; clk        ; 5.709 ; 5.609 ; Rise       ; clk             ;
;  current_pc[3] ; clk        ; 6.053 ; 5.977 ; Rise       ; clk             ;
;  current_pc[4] ; clk        ; 5.217 ; 5.138 ; Rise       ; clk             ;
; done           ; clk        ; 5.726 ; 5.646 ; Rise       ; clk             ;
; result_i[*]    ; clk        ; 5.414 ; 5.329 ; Rise       ; clk             ;
;  result_i[0]   ; clk        ; 5.494 ; 5.429 ; Rise       ; clk             ;
;  result_i[1]   ; clk        ; 6.367 ; 6.382 ; Rise       ; clk             ;
;  result_i[2]   ; clk        ; 5.650 ; 5.553 ; Rise       ; clk             ;
;  result_i[3]   ; clk        ; 5.414 ; 5.329 ; Rise       ; clk             ;
;  result_i[4]   ; clk        ; 5.667 ; 5.568 ; Rise       ; clk             ;
;  result_i[5]   ; clk        ; 5.901 ; 5.810 ; Rise       ; clk             ;
;  result_i[6]   ; clk        ; 5.446 ; 5.361 ; Rise       ; clk             ;
;  result_i[7]   ; clk        ; 5.771 ; 5.656 ; Rise       ; clk             ;
;  result_i[8]   ; clk        ; 7.042 ; 6.945 ; Rise       ; clk             ;
;  result_i[9]   ; clk        ; 5.757 ; 5.647 ; Rise       ; clk             ;
;  result_i[10]  ; clk        ; 5.947 ; 5.876 ; Rise       ; clk             ;
;  result_i[11]  ; clk        ; 7.185 ; 7.138 ; Rise       ; clk             ;
;  result_i[12]  ; clk        ; 5.917 ; 5.847 ; Rise       ; clk             ;
;  result_i[13]  ; clk        ; 5.848 ; 5.809 ; Rise       ; clk             ;
;  result_i[14]  ; clk        ; 6.121 ; 6.034 ; Rise       ; clk             ;
;  result_i[15]  ; clk        ; 5.905 ; 5.833 ; Rise       ; clk             ;
; result_r[*]    ; clk        ; 5.201 ; 5.117 ; Rise       ; clk             ;
;  result_r[0]   ; clk        ; 6.204 ; 6.172 ; Rise       ; clk             ;
;  result_r[1]   ; clk        ; 5.201 ; 5.117 ; Rise       ; clk             ;
;  result_r[2]   ; clk        ; 5.389 ; 5.288 ; Rise       ; clk             ;
;  result_r[3]   ; clk        ; 5.422 ; 5.331 ; Rise       ; clk             ;
;  result_r[4]   ; clk        ; 5.350 ; 5.250 ; Rise       ; clk             ;
;  result_r[5]   ; clk        ; 5.425 ; 5.339 ; Rise       ; clk             ;
;  result_r[6]   ; clk        ; 6.301 ; 6.248 ; Rise       ; clk             ;
;  result_r[7]   ; clk        ; 6.216 ; 6.160 ; Rise       ; clk             ;
;  result_r[8]   ; clk        ; 5.594 ; 5.485 ; Rise       ; clk             ;
;  result_r[9]   ; clk        ; 5.529 ; 5.411 ; Rise       ; clk             ;
;  result_r[10]  ; clk        ; 5.885 ; 5.799 ; Rise       ; clk             ;
;  result_r[11]  ; clk        ; 5.952 ; 5.874 ; Rise       ; clk             ;
;  result_r[12]  ; clk        ; 5.376 ; 5.272 ; Rise       ; clk             ;
;  result_r[13]  ; clk        ; 5.783 ; 5.673 ; Rise       ; clk             ;
;  result_r[14]  ; clk        ; 5.969 ; 5.881 ; Rise       ; clk             ;
;  result_r[15]  ; clk        ; 5.574 ; 5.529 ; Rise       ; clk             ;
+----------------+------------+-------+-------+------------+-----------------+


---------------------------------------------
; Slow 1200mV 0C Model Metastability Report ;
---------------------------------------------
No synchronizer chains to report.


+------------------------------------+
; Fast 1200mV 0C Model Setup Summary ;
+-------+--------+-------------------+
; Clock ; Slack  ; End Point TNS     ;
+-------+--------+-------------------+
; clk   ; -3.308 ; -182.616          ;
+-------+--------+-------------------+


+-----------------------------------+
; Fast 1200mV 0C Model Hold Summary ;
+-------+-------+-------------------+
; Clock ; Slack ; End Point TNS     ;
+-------+-------+-------------------+
; clk   ; 0.186 ; 0.000             ;
+-------+-------+-------------------+


-----------------------------------------
; Fast 1200mV 0C Model Recovery Summary ;
-----------------------------------------
No paths to report.


----------------------------------------
; Fast 1200mV 0C Model Removal Summary ;
----------------------------------------
No paths to report.


+--------------------------------------------------+
; Fast 1200mV 0C Model Minimum Pulse Width Summary ;
+-------+--------+---------------------------------+
; Clock ; Slack  ; End Point TNS                   ;
+-------+--------+---------------------------------+
; clk   ; -3.000 ; -122.033                        ;
+-------+--------+---------------------------------+


+----------------------------------------------------------------------------------------------------------------------------------------------------+
; Fast 1200mV 0C Model Setup: 'clk'                                                                                                                  ;
+--------+---------------------------------------+-----------------------------+--------------+-------------+--------------+------------+------------+
; Slack  ; From Node                             ; To Node                     ; Launch Clock ; Latch Clock ; Relationship ; Clock Skew ; Data Delay ;
+--------+---------------------------------------+-----------------------------+--------------+-------------+--------------+------------+------------+
; -3.308 ; Complex_ALU:u_alu|state.MUL_RI_SUB_R  ; Complex_ALU:u_alu|temp2[13] ; clk          ; clk         ; 1.000        ; 0.149      ; 4.444      ;
; -3.298 ; id_ex_Bi[2]                           ; Complex_ALU:u_alu|temp2[13] ; clk          ; clk         ; 1.000        ; 0.149      ; 4.434      ;
; -3.288 ; Complex_ALU:u_alu|state.MUL_RR        ; Complex_ALU:u_alu|temp2[13] ; clk          ; clk         ; 1.000        ; 0.149      ; 4.424      ;
; -3.220 ; Complex_ALU:u_alu|state.MUL_RI_SUB_R  ; Complex_ALU:u_alu|temp1[14] ; clk          ; clk         ; 1.000        ; 0.148      ; 4.355      ;
; -3.211 ; id_ex_Br[2]                           ; Complex_ALU:u_alu|temp2[13] ; clk          ; clk         ; 1.000        ; 0.149      ; 4.347      ;
; -3.210 ; id_ex_Bi[2]                           ; Complex_ALU:u_alu|temp1[14] ; clk          ; clk         ; 1.000        ; 0.148      ; 4.345      ;
; -3.201 ; Complex_ALU:u_alu|state.MUL_RI_SUB_R  ; Complex_ALU:u_alu|temp2[15] ; clk          ; clk         ; 1.000        ; 0.149      ; 4.337      ;
; -3.200 ; Complex_ALU:u_alu|state.MUL_RR        ; Complex_ALU:u_alu|temp1[14] ; clk          ; clk         ; 1.000        ; 0.148      ; 4.335      ;
; -3.198 ; id_ex_Bi[1]                           ; Complex_ALU:u_alu|temp2[13] ; clk          ; clk         ; 1.000        ; 0.149      ; 4.334      ;
; -3.191 ; id_ex_Bi[2]                           ; Complex_ALU:u_alu|temp2[15] ; clk          ; clk         ; 1.000        ; 0.149      ; 4.327      ;
; -3.187 ; Complex_ALU:u_alu|state.MUL_RI_SUB_R  ; Complex_ALU:u_alu|temp2[12] ; clk          ; clk         ; 1.000        ; 0.149      ; 4.323      ;
; -3.181 ; Complex_ALU:u_alu|state.MUL_RR        ; Complex_ALU:u_alu|temp2[15] ; clk          ; clk         ; 1.000        ; 0.149      ; 4.317      ;
; -3.177 ; id_ex_Bi[2]                           ; Complex_ALU:u_alu|temp2[12] ; clk          ; clk         ; 1.000        ; 0.149      ; 4.313      ;
; -3.167 ; Complex_ALU:u_alu|state.MUL_RR        ; Complex_ALU:u_alu|temp2[12] ; clk          ; clk         ; 1.000        ; 0.149      ; 4.303      ;
; -3.149 ; Complex_ALU:u_alu|state.MUL_II        ; Complex_ALU:u_alu|temp2[13] ; clk          ; clk         ; 1.000        ; 0.149      ; 4.285      ;
; -3.139 ; id_ex_Br[1]                           ; Complex_ALU:u_alu|temp2[13] ; clk          ; clk         ; 1.000        ; 0.149      ; 4.275      ;
; -3.123 ; id_ex_Br[2]                           ; Complex_ALU:u_alu|temp1[14] ; clk          ; clk         ; 1.000        ; 0.148      ; 4.258      ;
; -3.110 ; id_ex_Bi[1]                           ; Complex_ALU:u_alu|temp1[14] ; clk          ; clk         ; 1.000        ; 0.148      ; 4.245      ;
; -3.104 ; id_ex_Br[2]                           ; Complex_ALU:u_alu|temp2[15] ; clk          ; clk         ; 1.000        ; 0.149      ; 4.240      ;
; -3.099 ; Complex_ALU:u_alu|state.MUL_IR_SAVE_R ; Complex_ALU:u_alu|temp2[13] ; clk          ; clk         ; 1.000        ; 0.149      ; 4.235      ;
; -3.091 ; id_ex_Bi[1]                           ; Complex_ALU:u_alu|temp2[15] ; clk          ; clk         ; 1.000        ; 0.149      ; 4.227      ;
; -3.090 ; id_ex_Br[2]                           ; Complex_ALU:u_alu|temp2[12] ; clk          ; clk         ; 1.000        ; 0.149      ; 4.226      ;
; -3.077 ; id_ex_Bi[1]                           ; Complex_ALU:u_alu|temp2[12] ; clk          ; clk         ; 1.000        ; 0.149      ; 4.213      ;
; -3.061 ; Complex_ALU:u_alu|state.MUL_II        ; Complex_ALU:u_alu|temp1[14] ; clk          ; clk         ; 1.000        ; 0.148      ; 4.196      ;
; -3.051 ; id_ex_Br[1]                           ; Complex_ALU:u_alu|temp1[14] ; clk          ; clk         ; 1.000        ; 0.148      ; 4.186      ;
; -3.042 ; Complex_ALU:u_alu|state.MUL_II        ; Complex_ALU:u_alu|temp2[15] ; clk          ; clk         ; 1.000        ; 0.149      ; 4.178      ;
; -3.034 ; Complex_ALU:u_alu|state.MUL_RI_SUB_R  ; Complex_ALU:u_alu|temp2[11] ; clk          ; clk         ; 1.000        ; 0.149      ; 4.170      ;
; -3.032 ; id_ex_Br[1]                           ; Complex_ALU:u_alu|temp2[15] ; clk          ; clk         ; 1.000        ; 0.149      ; 4.168      ;
; -3.028 ; Complex_ALU:u_alu|state.MUL_II        ; Complex_ALU:u_alu|temp2[12] ; clk          ; clk         ; 1.000        ; 0.149      ; 4.164      ;
; -3.024 ; id_ex_Bi[2]                           ; Complex_ALU:u_alu|temp2[11] ; clk          ; clk         ; 1.000        ; 0.149      ; 4.160      ;
; -3.018 ; id_ex_Br[1]                           ; Complex_ALU:u_alu|temp2[12] ; clk          ; clk         ; 1.000        ; 0.149      ; 4.154      ;
; -3.014 ; Complex_ALU:u_alu|state.MUL_RR        ; Complex_ALU:u_alu|temp2[11] ; clk          ; clk         ; 1.000        ; 0.149      ; 4.150      ;
; -3.011 ; Complex_ALU:u_alu|state.MUL_IR_SAVE_R ; Complex_ALU:u_alu|temp1[14] ; clk          ; clk         ; 1.000        ; 0.148      ; 4.146      ;
; -3.005 ; id_ex_Bi[4]                           ; Complex_ALU:u_alu|temp2[13] ; clk          ; clk         ; 1.000        ; 0.149      ; 4.141      ;
; -2.992 ; Complex_ALU:u_alu|state.MUL_IR_SAVE_R ; Complex_ALU:u_alu|temp2[15] ; clk          ; clk         ; 1.000        ; 0.149      ; 4.128      ;
; -2.978 ; Complex_ALU:u_alu|state.MUL_IR_SAVE_R ; Complex_ALU:u_alu|temp2[12] ; clk          ; clk         ; 1.000        ; 0.149      ; 4.114      ;
; -2.937 ; id_ex_Br[2]                           ; Complex_ALU:u_alu|temp2[11] ; clk          ; clk         ; 1.000        ; 0.149      ; 4.073      ;
; -2.924 ; id_ex_Bi[1]                           ; Complex_ALU:u_alu|temp2[11] ; clk          ; clk         ; 1.000        ; 0.149      ; 4.060      ;
; -2.917 ; id_ex_Bi[4]                           ; Complex_ALU:u_alu|temp1[14] ; clk          ; clk         ; 1.000        ; 0.148      ; 4.052      ;
; -2.898 ; id_ex_Bi[4]                           ; Complex_ALU:u_alu|temp2[15] ; clk          ; clk         ; 1.000        ; 0.149      ; 4.034      ;
; -2.887 ; Complex_ALU:u_alu|state.MUL_RR        ; Complex_ALU:u_alu|temp1[9]  ; clk          ; clk         ; 1.000        ; 0.152      ; 4.026      ;
; -2.884 ; id_ex_Bi[4]                           ; Complex_ALU:u_alu|temp2[12] ; clk          ; clk         ; 1.000        ; 0.149      ; 4.020      ;
; -2.875 ; Complex_ALU:u_alu|state.MUL_II        ; Complex_ALU:u_alu|temp2[11] ; clk          ; clk         ; 1.000        ; 0.149      ; 4.011      ;
; -2.865 ; id_ex_Br[1]                           ; Complex_ALU:u_alu|temp2[11] ; clk          ; clk         ; 1.000        ; 0.149      ; 4.001      ;
; -2.828 ; Complex_ALU:u_alu|state.MUL_RR        ; Complex_ALU:u_alu|temp2[10] ; clk          ; clk         ; 1.000        ; 0.149      ; 3.964      ;
; -2.825 ; Complex_ALU:u_alu|state.MUL_IR_SAVE_R ; Complex_ALU:u_alu|temp2[11] ; clk          ; clk         ; 1.000        ; 0.149      ; 3.961      ;
; -2.816 ; Complex_ALU:u_alu|state.MUL_RI_SUB_R  ; Complex_ALU:u_alu|temp2[14] ; clk          ; clk         ; 1.000        ; 0.138      ; 3.941      ;
; -2.812 ; Complex_ALU:u_alu|state.MUL_RI_SUB_R  ; Complex_ALU:u_alu|temp1[9]  ; clk          ; clk         ; 1.000        ; 0.152      ; 3.951      ;
; -2.806 ; id_ex_Bi[2]                           ; Complex_ALU:u_alu|temp2[14] ; clk          ; clk         ; 1.000        ; 0.138      ; 3.931      ;
; -2.802 ; id_ex_Bi[2]                           ; Complex_ALU:u_alu|temp1[9]  ; clk          ; clk         ; 1.000        ; 0.152      ; 3.941      ;
; -2.796 ; Complex_ALU:u_alu|state.MUL_RR        ; Complex_ALU:u_alu|temp2[14] ; clk          ; clk         ; 1.000        ; 0.138      ; 3.921      ;
; -2.788 ; id_ex_Ar[7]                           ; Complex_ALU:u_alu|temp2[13] ; clk          ; clk         ; 1.000        ; 0.147      ; 3.922      ;
; -2.781 ; Complex_ALU:u_alu|state.MUL_RI_SUB_R  ; Complex_ALU:u_alu|temp2[8]  ; clk          ; clk         ; 1.000        ; 0.149      ; 3.917      ;
; -2.781 ; id_ex_Bi[3]                           ; Complex_ALU:u_alu|temp2[13] ; clk          ; clk         ; 1.000        ; 0.149      ; 3.917      ;
; -2.776 ; Complex_ALU:u_alu|state.MUL_RI_SUB_R  ; Complex_ALU:u_alu|temp1[15] ; clk          ; clk         ; 1.000        ; 0.152      ; 3.915      ;
; -2.771 ; id_ex_Bi[2]                           ; Complex_ALU:u_alu|temp2[8]  ; clk          ; clk         ; 1.000        ; 0.149      ; 3.907      ;
; -2.766 ; id_ex_Bi[2]                           ; Complex_ALU:u_alu|temp1[15] ; clk          ; clk         ; 1.000        ; 0.152      ; 3.905      ;
; -2.761 ; id_ex_Ar[5]                           ; Complex_ALU:u_alu|temp2[13] ; clk          ; clk         ; 1.000        ; 0.148      ; 3.896      ;
; -2.761 ; Complex_ALU:u_alu|state.MUL_RR        ; Complex_ALU:u_alu|temp2[8]  ; clk          ; clk         ; 1.000        ; 0.149      ; 3.897      ;
; -2.757 ; Complex_ALU:u_alu|state.MUL_RI_SUB_R  ; Complex_ALU:u_alu|temp2[10] ; clk          ; clk         ; 1.000        ; 0.149      ; 3.893      ;
; -2.756 ; Complex_ALU:u_alu|state.MUL_RR        ; Complex_ALU:u_alu|temp1[15] ; clk          ; clk         ; 1.000        ; 0.152      ; 3.895      ;
; -2.748 ; id_ex_Bi[0]                           ; Complex_ALU:u_alu|temp2[13] ; clk          ; clk         ; 1.000        ; 0.149      ; 3.884      ;
; -2.743 ; id_ex_Bi[2]                           ; Complex_ALU:u_alu|temp2[10] ; clk          ; clk         ; 1.000        ; 0.149      ; 3.879      ;
; -2.739 ; Complex_ALU:u_alu|state.MUL_RI_SUB_R  ; Complex_ALU:u_alu|temp1[6]  ; clk          ; clk         ; 1.000        ; 0.138      ; 3.864      ;
; -2.738 ; Complex_ALU:u_alu|state.MUL_RI_SUB_R  ; Complex_ALU:u_alu|temp1[13] ; clk          ; clk         ; 1.000        ; 0.152      ; 3.877      ;
; -2.734 ; Complex_ALU:u_alu|state.MUL_RI_SUB_R  ; Complex_ALU:u_alu|temp1[12] ; clk          ; clk         ; 1.000        ; 0.152      ; 3.873      ;
; -2.731 ; id_ex_Bi[4]                           ; Complex_ALU:u_alu|temp2[11] ; clk          ; clk         ; 1.000        ; 0.149      ; 3.867      ;
; -2.728 ; Complex_ALU:u_alu|state.MUL_RI_SUB_R  ; Complex_ALU:u_alu|temp1[7]  ; clk          ; clk         ; 1.000        ; 0.138      ; 3.853      ;
; -2.728 ; id_ex_Bi[2]                           ; Complex_ALU:u_alu|temp1[13] ; clk          ; clk         ; 1.000        ; 0.152      ; 3.867      ;
; -2.724 ; id_ex_Bi[2]                           ; Complex_ALU:u_alu|temp1[12] ; clk          ; clk         ; 1.000        ; 0.152      ; 3.863      ;
; -2.719 ; id_ex_Ai[6]                           ; Complex_ALU:u_alu|temp2[13] ; clk          ; clk         ; 1.000        ; 0.150      ; 3.856      ;
; -2.719 ; Complex_ALU:u_alu|state.MUL_IR_SAVE_R ; Complex_ALU:u_alu|temp1[9]  ; clk          ; clk         ; 1.000        ; 0.152      ; 3.858      ;
; -2.719 ; id_ex_Br[2]                           ; Complex_ALU:u_alu|temp2[14] ; clk          ; clk         ; 1.000        ; 0.138      ; 3.844      ;
; -2.718 ; Complex_ALU:u_alu|state.MUL_RR        ; Complex_ALU:u_alu|temp1[13] ; clk          ; clk         ; 1.000        ; 0.152      ; 3.857      ;
; -2.715 ; id_ex_Br[2]                           ; Complex_ALU:u_alu|temp1[9]  ; clk          ; clk         ; 1.000        ; 0.152      ; 3.854      ;
; -2.714 ; Complex_ALU:u_alu|state.MUL_RR        ; Complex_ALU:u_alu|temp1[12] ; clk          ; clk         ; 1.000        ; 0.152      ; 3.853      ;
; -2.706 ; id_ex_Bi[1]                           ; Complex_ALU:u_alu|temp2[14] ; clk          ; clk         ; 1.000        ; 0.138      ; 3.831      ;
; -2.702 ; id_ex_Bi[1]                           ; Complex_ALU:u_alu|temp1[9]  ; clk          ; clk         ; 1.000        ; 0.152      ; 3.841      ;
; -2.700 ; id_ex_Ar[7]                           ; Complex_ALU:u_alu|temp1[14] ; clk          ; clk         ; 1.000        ; 0.146      ; 3.833      ;
; -2.693 ; id_ex_Bi[3]                           ; Complex_ALU:u_alu|temp1[14] ; clk          ; clk         ; 1.000        ; 0.148      ; 3.828      ;
; -2.691 ; id_ex_Bi[5]                           ; Complex_ALU:u_alu|temp2[13] ; clk          ; clk         ; 1.000        ; 0.149      ; 3.827      ;
; -2.685 ; id_ex_Br[6]                           ; Complex_ALU:u_alu|temp2[13] ; clk          ; clk         ; 1.000        ; 0.150      ; 3.822      ;
; -2.684 ; id_ex_Br[2]                           ; Complex_ALU:u_alu|temp2[8]  ; clk          ; clk         ; 1.000        ; 0.149      ; 3.820      ;
; -2.683 ; id_ex_Bi[6]                           ; Complex_ALU:u_alu|temp2[13] ; clk          ; clk         ; 1.000        ; 0.148      ; 3.818      ;
; -2.683 ; Complex_ALU:u_alu|state.MUL_RR        ; Complex_ALU:u_alu|temp1[6]  ; clk          ; clk         ; 1.000        ; 0.138      ; 3.808      ;
; -2.681 ; id_ex_Ar[7]                           ; Complex_ALU:u_alu|temp2[15] ; clk          ; clk         ; 1.000        ; 0.147      ; 3.815      ;
; -2.679 ; id_ex_Br[2]                           ; Complex_ALU:u_alu|temp1[15] ; clk          ; clk         ; 1.000        ; 0.152      ; 3.818      ;
; -2.678 ; id_ex_Ai[3]                           ; Complex_ALU:u_alu|temp2[13] ; clk          ; clk         ; 1.000        ; -0.058     ; 3.607      ;
; -2.674 ; id_ex_Bi[3]                           ; Complex_ALU:u_alu|temp2[15] ; clk          ; clk         ; 1.000        ; 0.149      ; 3.810      ;
; -2.673 ; id_ex_Ar[5]                           ; Complex_ALU:u_alu|temp1[14] ; clk          ; clk         ; 1.000        ; 0.147      ; 3.807      ;
; -2.672 ; Complex_ALU:u_alu|state.MUL_RR        ; Complex_ALU:u_alu|temp1[7]  ; clk          ; clk         ; 1.000        ; 0.138      ; 3.797      ;
; -2.671 ; id_ex_Bi[1]                           ; Complex_ALU:u_alu|temp2[8]  ; clk          ; clk         ; 1.000        ; 0.149      ; 3.807      ;
; -2.667 ; id_ex_Ar[7]                           ; Complex_ALU:u_alu|temp2[12] ; clk          ; clk         ; 1.000        ; 0.147      ; 3.801      ;
; -2.666 ; id_ex_Bi[1]                           ; Complex_ALU:u_alu|temp1[15] ; clk          ; clk         ; 1.000        ; 0.152      ; 3.805      ;
; -2.665 ; id_ex_Bi[7]                           ; Complex_ALU:u_alu|temp2[13] ; clk          ; clk         ; 1.000        ; 0.151      ; 3.803      ;
; -2.661 ; id_ex_Ai[7]                           ; Complex_ALU:u_alu|temp2[13] ; clk          ; clk         ; 1.000        ; 0.150      ; 3.798      ;
; -2.660 ; id_ex_Bi[3]                           ; Complex_ALU:u_alu|temp2[12] ; clk          ; clk         ; 1.000        ; 0.149      ; 3.796      ;
; -2.660 ; id_ex_Bi[0]                           ; Complex_ALU:u_alu|temp1[14] ; clk          ; clk         ; 1.000        ; 0.148      ; 3.795      ;
; -2.660 ; Complex_ALU:u_alu|state.MUL_IR_SAVE_R ; Complex_ALU:u_alu|temp2[10] ; clk          ; clk         ; 1.000        ; 0.149      ; 3.796      ;
; -2.657 ; Complex_ALU:u_alu|state.MUL_II        ; Complex_ALU:u_alu|temp2[14] ; clk          ; clk         ; 1.000        ; 0.138      ; 3.782      ;
+--------+---------------------------------------+-----------------------------+--------------+-------------+--------------+------------+------------+


+---------------------------------------------------------------------------------------------------------------------------------------------------------+
; Fast 1200mV 0C Model Hold: 'clk'                                                                                                                        ;
+-------+---------------------------------------+-----------------------------------+--------------+-------------+--------------+------------+------------+
; Slack ; From Node                             ; To Node                           ; Launch Clock ; Latch Clock ; Relationship ; Clock Skew ; Data Delay ;
+-------+---------------------------------------+-----------------------------------+--------------+-------------+--------------+------------+------------+
; 0.186 ; pc[0]                                 ; pc[0]                             ; clk          ; clk         ; 0.000        ; 0.037      ; 0.307      ;
; 0.186 ; Complex_ALU:u_alu|ready               ; Complex_ALU:u_alu|ready           ; clk          ; clk         ; 0.000        ; 0.037      ; 0.307      ;
; 0.200 ; id_ex_start                           ; Complex_ALU:u_alu|state.ADD_SUB_R ; clk          ; clk         ; 0.000        ; 0.037      ; 0.321      ;
; 0.202 ; Memory_32:u_mem|data_out[15]          ; id_ex_op[1]                       ; clk          ; clk         ; 0.000        ; 0.037      ; 0.323      ;
; 0.268 ; id_ex_op[0]                           ; Complex_ALU:u_alu|state.ADD_SUB_R ; clk          ; clk         ; 0.000        ; 0.037      ; 0.389      ;
; 0.277 ; Memory_32:u_mem|data_out[14]          ; id_ex_op[0]                       ; clk          ; clk         ; 0.000        ; 0.037      ; 0.398      ;
; 0.291 ; Complex_ALU:u_alu|state.ADD_SUB_I     ; Complex_ALU:u_alu|ready           ; clk          ; clk         ; 0.000        ; 0.037      ; 0.412      ;
; 0.292 ; Complex_ALU:u_alu|state.MUL_RR        ; Complex_ALU:u_alu|state.MUL_II    ; clk          ; clk         ; 0.000        ; 0.037      ; 0.413      ;
; 0.298 ; Complex_ALU:u_alu|state.ADD_SUB_I     ; Complex_ALU:u_alu|state.IDLE      ; clk          ; clk         ; 0.000        ; 0.037      ; 0.419      ;
; 0.307 ; pc[4]                                 ; pc[4]                             ; clk          ; clk         ; 0.000        ; 0.037      ; 0.428      ;
; 0.315 ; id_ex_op[1]                           ; Complex_ALU:u_alu|state.ADD_SUB_R ; clk          ; clk         ; 0.000        ; 0.037      ; 0.436      ;
; 0.319 ; pc[3]                                 ; pc[3]                             ; clk          ; clk         ; 0.000        ; 0.037      ; 0.440      ;
; 0.320 ; pc[2]                                 ; pc[2]                             ; clk          ; clk         ; 0.000        ; 0.037      ; 0.441      ;
; 0.326 ; pc[1]                                 ; pc[1]                             ; clk          ; clk         ; 0.000        ; 0.037      ; 0.447      ;
; 0.333 ; pc[0]                                 ; pc[1]                             ; clk          ; clk         ; 0.000        ; 0.037      ; 0.454      ;
; 0.342 ; Complex_ALU:u_alu|state.IDLE          ; Complex_ALU:u_alu|state.ADD_SUB_R ; clk          ; clk         ; 0.000        ; 0.037      ; 0.463      ;
; 0.345 ; Complex_ALU:u_alu|state.ADD_SUB_R     ; Complex_ALU:u_alu|state.ADD_SUB_I ; clk          ; clk         ; 0.000        ; 0.037      ; 0.466      ;
; 0.355 ; Complex_ALU:u_alu|state.FINISH        ; Complex_ALU:u_alu|state.IDLE      ; clk          ; clk         ; 0.000        ; 0.037      ; 0.476      ;
; 0.361 ; pc[4]                                 ; Memory_32:u_mem|data_out[14]      ; clk          ; clk         ; 0.000        ; 0.038      ; 0.483      ;
; 0.363 ; pc[4]                                 ; Memory_32:u_mem|data_out[15]      ; clk          ; clk         ; 0.000        ; 0.038      ; 0.485      ;
; 0.373 ; Complex_ALU:u_alu|ready               ; id_ex_start                       ; clk          ; clk         ; 0.000        ; 0.037      ; 0.494      ;
; 0.418 ; Complex_ALU:u_alu|state.IDLE          ; Complex_ALU:u_alu|ready           ; clk          ; clk         ; 0.000        ; 0.037      ; 0.539      ;
; 0.425 ; Complex_ALU:u_alu|state.FINISH        ; Complex_ALU:u_alu|ready           ; clk          ; clk         ; 0.000        ; 0.037      ; 0.546      ;
; 0.452 ; pc[3]                                 ; Memory_32:u_mem|data_out[14]      ; clk          ; clk         ; 0.000        ; 0.038      ; 0.574      ;
; 0.463 ; pc[3]                                 ; Memory_32:u_mem|data_out[15]      ; clk          ; clk         ; 0.000        ; 0.038      ; 0.585      ;
; 0.469 ; pc[2]                                 ; pc[3]                             ; clk          ; clk         ; 0.000        ; 0.037      ; 0.590      ;
; 0.477 ; pc[3]                                 ; pc[4]                             ; clk          ; clk         ; 0.000        ; 0.037      ; 0.598      ;
; 0.479 ; pc[1]                                 ; pc[2]                             ; clk          ; clk         ; 0.000        ; 0.037      ; 0.600      ;
; 0.482 ; pc[1]                                 ; pc[3]                             ; clk          ; clk         ; 0.000        ; 0.037      ; 0.603      ;
; 0.485 ; pc[0]                                 ; pc[2]                             ; clk          ; clk         ; 0.000        ; 0.037      ; 0.606      ;
; 0.488 ; pc[0]                                 ; pc[3]                             ; clk          ; clk         ; 0.000        ; 0.037      ; 0.609      ;
; 0.502 ; pc[2]                                 ; Memory_32:u_mem|data_out[15]      ; clk          ; clk         ; 0.000        ; 0.038      ; 0.624      ;
; 0.505 ; Complex_ALU:u_alu|temp2[0]            ; Complex_ALU:u_alu|Ci[0]           ; clk          ; clk         ; 0.000        ; 0.037      ; 0.626      ;
; 0.513 ; Complex_ALU:u_alu|state.MUL_IR_SAVE_R ; Complex_ALU:u_alu|state.FINISH    ; clk          ; clk         ; 0.000        ; 0.041      ; 0.638      ;
; 0.516 ; pc[2]                                 ; Memory_32:u_mem|data_out[14]      ; clk          ; clk         ; 0.000        ; 0.038      ; 0.638      ;
; 0.519 ; id_ex_start                           ; Complex_ALU:u_alu|state.IDLE      ; clk          ; clk         ; 0.000        ; 0.037      ; 0.640      ;
; 0.532 ; pc[2]                                 ; pc[4]                             ; clk          ; clk         ; 0.000        ; 0.037      ; 0.653      ;
; 0.542 ; pc[4]                                 ; id_ex_start                       ; clk          ; clk         ; 0.000        ; 0.038      ; 0.664      ;
; 0.543 ; Complex_ALU:u_alu|ready               ; pc[0]                             ; clk          ; clk         ; 0.000        ; 0.036      ; 0.663      ;
; 0.545 ; pc[1]                                 ; pc[4]                             ; clk          ; clk         ; 0.000        ; 0.037      ; 0.666      ;
; 0.551 ; pc[0]                                 ; pc[4]                             ; clk          ; clk         ; 0.000        ; 0.037      ; 0.672      ;
; 0.579 ; pc[1]                                 ; Memory_32:u_mem|data_out[15]      ; clk          ; clk         ; 0.000        ; 0.038      ; 0.701      ;
; 0.581 ; pc[0]                                 ; Memory_32:u_mem|data_out[15]      ; clk          ; clk         ; 0.000        ; 0.038      ; 0.703      ;
; 0.583 ; id_ex_op[0]                           ; Complex_ALU:u_alu|state.IDLE      ; clk          ; clk         ; 0.000        ; 0.037      ; 0.704      ;
; 0.584 ; pc[1]                                 ; Memory_32:u_mem|data_out[14]      ; clk          ; clk         ; 0.000        ; 0.038      ; 0.706      ;
; 0.588 ; pc[0]                                 ; Memory_32:u_mem|data_out[14]      ; clk          ; clk         ; 0.000        ; 0.038      ; 0.710      ;
; 0.623 ; Memory_32:u_mem|data_out[15]          ; id_ex_start                       ; clk          ; clk         ; 0.000        ; 0.037      ; 0.744      ;
; 0.636 ; id_ex_op[1]                           ; Complex_ALU:u_alu|state.IDLE      ; clk          ; clk         ; 0.000        ; 0.037      ; 0.757      ;
; 0.653 ; Complex_ALU:u_alu|temp2[0]            ; Complex_ALU:u_alu|Ci[1]           ; clk          ; clk         ; 0.000        ; 0.037      ; 0.774      ;
; 0.658 ; Complex_ALU:u_alu|temp2[0]            ; Complex_ALU:u_alu|Cr[0]           ; clk          ; clk         ; 0.000        ; 0.037      ; 0.779      ;
; 0.658 ; Complex_ALU:u_alu|state.IDLE          ; Complex_ALU:u_alu|state.IDLE      ; clk          ; clk         ; 0.000        ; 0.037      ; 0.779      ;
; 0.706 ; Complex_ALU:u_alu|temp1[0]            ; Complex_ALU:u_alu|Ci[0]           ; clk          ; clk         ; 0.000        ; -0.148     ; 0.642      ;
; 0.716 ; Complex_ALU:u_alu|temp2[0]            ; Complex_ALU:u_alu|Ci[2]           ; clk          ; clk         ; 0.000        ; 0.037      ; 0.837      ;
; 0.719 ; Complex_ALU:u_alu|temp2[0]            ; Complex_ALU:u_alu|Cr[3]           ; clk          ; clk         ; 0.000        ; 0.037      ; 0.840      ;
; 0.721 ; pc[4]                                 ; pc[0]                             ; clk          ; clk         ; 0.000        ; 0.037      ; 0.842      ;
; 0.725 ; Complex_ALU:u_alu|ready               ; pc[2]                             ; clk          ; clk         ; 0.000        ; 0.036      ; 0.845      ;
; 0.725 ; Complex_ALU:u_alu|ready               ; pc[3]                             ; clk          ; clk         ; 0.000        ; 0.036      ; 0.845      ;
; 0.725 ; Complex_ALU:u_alu|ready               ; pc[4]                             ; clk          ; clk         ; 0.000        ; 0.036      ; 0.845      ;
; 0.725 ; Complex_ALU:u_alu|ready               ; pc[1]                             ; clk          ; clk         ; 0.000        ; 0.036      ; 0.845      ;
; 0.748 ; Memory_32:u_mem|data_out[14]          ; id_ex_start                       ; clk          ; clk         ; 0.000        ; 0.037      ; 0.869      ;
; 0.758 ; id_ex_start                           ; Complex_ALU:u_alu|state.MUL_RR    ; clk          ; clk         ; 0.000        ; 0.033      ; 0.875      ;
; 0.769 ; Complex_ALU:u_alu|ready               ; id_ex_op[0]                       ; clk          ; clk         ; 0.000        ; 0.037      ; 0.890      ;
; 0.769 ; Complex_ALU:u_alu|ready               ; id_ex_op[1]                       ; clk          ; clk         ; 0.000        ; 0.037      ; 0.890      ;
; 0.780 ; id_ex_Ar[7]                           ; Complex_ALU:u_alu|Cr[10]          ; clk          ; clk         ; 0.000        ; 0.037      ; 0.901      ;
; 0.780 ; id_ex_Ar[7]                           ; Complex_ALU:u_alu|Cr[11]          ; clk          ; clk         ; 0.000        ; 0.037      ; 0.901      ;
; 0.782 ; Complex_ALU:u_alu|temp2[0]            ; Complex_ALU:u_alu|Cr[4]           ; clk          ; clk         ; 0.000        ; 0.037      ; 0.903      ;
; 0.782 ; id_ex_Ar[7]                           ; Complex_ALU:u_alu|Cr[9]           ; clk          ; clk         ; 0.000        ; 0.037      ; 0.903      ;
; 0.783 ; id_ex_Ar[7]                           ; Complex_ALU:u_alu|Cr[13]          ; clk          ; clk         ; 0.000        ; 0.037      ; 0.904      ;
; 0.785 ; Complex_ALU:u_alu|temp2[0]            ; Complex_ALU:u_alu|Cr[5]           ; clk          ; clk         ; 0.000        ; 0.037      ; 0.906      ;
; 0.788 ; pc[3]                                 ; id_ex_start                       ; clk          ; clk         ; 0.000        ; 0.038      ; 0.910      ;
; 0.790 ; id_ex_Ar[7]                           ; Complex_ALU:u_alu|Cr[14]          ; clk          ; clk         ; 0.000        ; 0.037      ; 0.911      ;
; 0.793 ; id_ex_Ar[7]                           ; Complex_ALU:u_alu|Cr[12]          ; clk          ; clk         ; 0.000        ; 0.037      ; 0.914      ;
; 0.793 ; Memory_32:u_mem|data_out[15]          ; pc[0]                             ; clk          ; clk         ; 0.000        ; 0.036      ; 0.913      ;
; 0.798 ; Complex_ALU:u_alu|temp1[6]            ; Complex_ALU:u_alu|Ci[6]           ; clk          ; clk         ; 0.000        ; -0.133     ; 0.749      ;
; 0.805 ; Complex_ALU:u_alu|temp2[0]            ; Complex_ALU:u_alu|Cr[1]           ; clk          ; clk         ; 0.000        ; 0.037      ; 0.926      ;
; 0.811 ; Complex_ALU:u_alu|temp1[7]            ; Complex_ALU:u_alu|Cr[7]           ; clk          ; clk         ; 0.000        ; -0.136     ; 0.759      ;
; 0.817 ; Complex_ALU:u_alu|state.FINISH        ; Complex_ALU:u_alu|Ci[0]           ; clk          ; clk         ; 0.000        ; 0.038      ; 0.939      ;
; 0.817 ; Complex_ALU:u_alu|state.FINISH        ; Complex_ALU:u_alu|Ci[1]           ; clk          ; clk         ; 0.000        ; 0.038      ; 0.939      ;
; 0.817 ; Complex_ALU:u_alu|state.FINISH        ; Complex_ALU:u_alu|Ci[2]           ; clk          ; clk         ; 0.000        ; 0.038      ; 0.939      ;
; 0.817 ; Complex_ALU:u_alu|state.FINISH        ; Complex_ALU:u_alu|Ci[3]           ; clk          ; clk         ; 0.000        ; 0.038      ; 0.939      ;
; 0.817 ; Complex_ALU:u_alu|state.FINISH        ; Complex_ALU:u_alu|Ci[4]           ; clk          ; clk         ; 0.000        ; 0.038      ; 0.939      ;
; 0.817 ; Complex_ALU:u_alu|state.FINISH        ; Complex_ALU:u_alu|Ci[5]           ; clk          ; clk         ; 0.000        ; 0.038      ; 0.939      ;
; 0.817 ; Complex_ALU:u_alu|state.FINISH        ; Complex_ALU:u_alu|Ci[6]           ; clk          ; clk         ; 0.000        ; 0.038      ; 0.939      ;
; 0.817 ; id_ex_Ar[7]                           ; Complex_ALU:u_alu|Ci[15]          ; clk          ; clk         ; 0.000        ; 0.037      ; 0.938      ;
; 0.826 ; id_ex_op[0]                           ; Complex_ALU:u_alu|state.MUL_RR    ; clk          ; clk         ; 0.000        ; 0.033      ; 0.943      ;
; 0.828 ; Complex_ALU:u_alu|temp1[2]            ; Complex_ALU:u_alu|Ci[2]           ; clk          ; clk         ; 0.000        ; -0.133     ; 0.779      ;
; 0.838 ; Complex_ALU:u_alu|temp2[8]            ; Complex_ALU:u_alu|Ci[8]           ; clk          ; clk         ; 0.000        ; -0.147     ; 0.775      ;
; 0.839 ; pc[2]                                 ; id_ex_start                       ; clk          ; clk         ; 0.000        ; 0.038      ; 0.961      ;
; 0.842 ; id_ex_Br[7]                           ; Complex_ALU:u_alu|Ci[8]           ; clk          ; clk         ; 0.000        ; 0.041      ; 0.967      ;
; 0.846 ; Complex_ALU:u_alu|temp2[12]           ; Complex_ALU:u_alu|Cr[12]          ; clk          ; clk         ; 0.000        ; -0.147     ; 0.783      ;
; 0.847 ; Complex_ALU:u_alu|temp2[10]           ; Complex_ALU:u_alu|Cr[10]          ; clk          ; clk         ; 0.000        ; -0.147     ; 0.784      ;
; 0.847 ; id_ex_Br[7]                           ; Complex_ALU:u_alu|Cr[9]           ; clk          ; clk         ; 0.000        ; 0.041      ; 0.972      ;
; 0.847 ; id_ex_Br[7]                           ; Complex_ALU:u_alu|Cr[14]          ; clk          ; clk         ; 0.000        ; 0.041      ; 0.972      ;
; 0.848 ; Complex_ALU:u_alu|temp2[0]            ; Complex_ALU:u_alu|Ci[6]           ; clk          ; clk         ; 0.000        ; 0.037      ; 0.969      ;
; 0.849 ; Complex_ALU:u_alu|temp2[13]           ; Complex_ALU:u_alu|Cr[13]          ; clk          ; clk         ; 0.000        ; -0.147     ; 0.786      ;
; 0.849 ; id_ex_Br[7]                           ; Complex_ALU:u_alu|Cr[13]          ; clk          ; clk         ; 0.000        ; 0.041      ; 0.974      ;
; 0.850 ; Complex_ALU:u_alu|temp2[11]           ; Complex_ALU:u_alu|Cr[11]          ; clk          ; clk         ; 0.000        ; -0.147     ; 0.787      ;
; 0.854 ; Complex_ALU:u_alu|temp1[0]            ; Complex_ALU:u_alu|Ci[1]           ; clk          ; clk         ; 0.000        ; -0.148     ; 0.790      ;
; 0.854 ; Complex_ALU:u_alu|temp2[0]            ; Complex_ALU:u_alu|Cr[7]           ; clk          ; clk         ; 0.000        ; 0.034      ; 0.972      ;
; 0.855 ; id_ex_Br[7]                           ; Complex_ALU:u_alu|Cr[10]          ; clk          ; clk         ; 0.000        ; 0.041      ; 0.980      ;
+-------+---------------------------------------+-----------------------------------+--------------+-------------+--------------+------------+------------+


+------------------------------------------------------------------------------------------------------------------+
; Fast 1200mV 0C Model Minimum Pulse Width: 'clk'                                                                  ;
+--------+--------------+----------------+------------+-------+------------+---------------------------------------+
; Slack  ; Actual Width ; Required Width ; Type       ; Clock ; Clock Edge ; Target                                ;
+--------+--------------+----------------+------------+-------+------------+---------------------------------------+
; -3.000 ; 1.000        ; 4.000          ; Port Rate  ; clk   ; Rise       ; clk                                   ;
; -1.000 ; 1.000        ; 2.000          ; Min Period ; clk   ; Rise       ; Complex_ALU:u_alu|Ci[0]               ;
; -1.000 ; 1.000        ; 2.000          ; Min Period ; clk   ; Rise       ; Complex_ALU:u_alu|Ci[10]              ;
; -1.000 ; 1.000        ; 2.000          ; Min Period ; clk   ; Rise       ; Complex_ALU:u_alu|Ci[11]              ;
; -1.000 ; 1.000        ; 2.000          ; Min Period ; clk   ; Rise       ; Complex_ALU:u_alu|Ci[12]              ;
; -1.000 ; 1.000        ; 2.000          ; Min Period ; clk   ; Rise       ; Complex_ALU:u_alu|Ci[13]              ;
; -1.000 ; 1.000        ; 2.000          ; Min Period ; clk   ; Rise       ; Complex_ALU:u_alu|Ci[14]              ;
; -1.000 ; 1.000        ; 2.000          ; Min Period ; clk   ; Rise       ; Complex_ALU:u_alu|Ci[15]              ;
; -1.000 ; 1.000        ; 2.000          ; Min Period ; clk   ; Rise       ; Complex_ALU:u_alu|Ci[1]               ;
; -1.000 ; 1.000        ; 2.000          ; Min Period ; clk   ; Rise       ; Complex_ALU:u_alu|Ci[2]               ;
; -1.000 ; 1.000        ; 2.000          ; Min Period ; clk   ; Rise       ; Complex_ALU:u_alu|Ci[3]               ;
; -1.000 ; 1.000        ; 2.000          ; Min Period ; clk   ; Rise       ; Complex_ALU:u_alu|Ci[4]               ;
; -1.000 ; 1.000        ; 2.000          ; Min Period ; clk   ; Rise       ; Complex_ALU:u_alu|Ci[5]               ;
; -1.000 ; 1.000        ; 2.000          ; Min Period ; clk   ; Rise       ; Complex_ALU:u_alu|Ci[6]               ;
; -1.000 ; 1.000        ; 2.000          ; Min Period ; clk   ; Rise       ; Complex_ALU:u_alu|Ci[7]               ;
; -1.000 ; 1.000        ; 2.000          ; Min Period ; clk   ; Rise       ; Complex_ALU:u_alu|Ci[8]               ;
; -1.000 ; 1.000        ; 2.000          ; Min Period ; clk   ; Rise       ; Complex_ALU:u_alu|Ci[9]               ;
; -1.000 ; 1.000        ; 2.000          ; Min Period ; clk   ; Rise       ; Complex_ALU:u_alu|Cr[0]               ;
; -1.000 ; 1.000        ; 2.000          ; Min Period ; clk   ; Rise       ; Complex_ALU:u_alu|Cr[10]              ;
; -1.000 ; 1.000        ; 2.000          ; Min Period ; clk   ; Rise       ; Complex_ALU:u_alu|Cr[11]              ;
; -1.000 ; 1.000        ; 2.000          ; Min Period ; clk   ; Rise       ; Complex_ALU:u_alu|Cr[12]              ;
; -1.000 ; 1.000        ; 2.000          ; Min Period ; clk   ; Rise       ; Complex_ALU:u_alu|Cr[13]              ;
; -1.000 ; 1.000        ; 2.000          ; Min Period ; clk   ; Rise       ; Complex_ALU:u_alu|Cr[14]              ;
; -1.000 ; 1.000        ; 2.000          ; Min Period ; clk   ; Rise       ; Complex_ALU:u_alu|Cr[15]              ;
; -1.000 ; 1.000        ; 2.000          ; Min Period ; clk   ; Rise       ; Complex_ALU:u_alu|Cr[1]               ;
; -1.000 ; 1.000        ; 2.000          ; Min Period ; clk   ; Rise       ; Complex_ALU:u_alu|Cr[2]               ;
; -1.000 ; 1.000        ; 2.000          ; Min Period ; clk   ; Rise       ; Complex_ALU:u_alu|Cr[3]               ;
; -1.000 ; 1.000        ; 2.000          ; Min Period ; clk   ; Rise       ; Complex_ALU:u_alu|Cr[4]               ;
; -1.000 ; 1.000        ; 2.000          ; Min Period ; clk   ; Rise       ; Complex_ALU:u_alu|Cr[5]               ;
; -1.000 ; 1.000        ; 2.000          ; Min Period ; clk   ; Rise       ; Complex_ALU:u_alu|Cr[6]               ;
; -1.000 ; 1.000        ; 2.000          ; Min Period ; clk   ; Rise       ; Complex_ALU:u_alu|Cr[7]               ;
; -1.000 ; 1.000        ; 2.000          ; Min Period ; clk   ; Rise       ; Complex_ALU:u_alu|Cr[8]               ;
; -1.000 ; 1.000        ; 2.000          ; Min Period ; clk   ; Rise       ; Complex_ALU:u_alu|Cr[9]               ;
; -1.000 ; 1.000        ; 2.000          ; Min Period ; clk   ; Rise       ; Complex_ALU:u_alu|ready               ;
; -1.000 ; 1.000        ; 2.000          ; Min Period ; clk   ; Rise       ; Complex_ALU:u_alu|state.ADD_SUB_I     ;
; -1.000 ; 1.000        ; 2.000          ; Min Period ; clk   ; Rise       ; Complex_ALU:u_alu|state.ADD_SUB_R     ;
; -1.000 ; 1.000        ; 2.000          ; Min Period ; clk   ; Rise       ; Complex_ALU:u_alu|state.FINISH        ;
; -1.000 ; 1.000        ; 2.000          ; Min Period ; clk   ; Rise       ; Complex_ALU:u_alu|state.IDLE          ;
; -1.000 ; 1.000        ; 2.000          ; Min Period ; clk   ; Rise       ; Complex_ALU:u_alu|state.MUL_II        ;
; -1.000 ; 1.000        ; 2.000          ; Min Period ; clk   ; Rise       ; Complex_ALU:u_alu|state.MUL_IR_SAVE_R ;
; -1.000 ; 1.000        ; 2.000          ; Min Period ; clk   ; Rise       ; Complex_ALU:u_alu|state.MUL_RI_SUB_R  ;
; -1.000 ; 1.000        ; 2.000          ; Min Period ; clk   ; Rise       ; Complex_ALU:u_alu|state.MUL_RR        ;
; -1.000 ; 1.000        ; 2.000          ; Min Period ; clk   ; Rise       ; Complex_ALU:u_alu|temp1[0]            ;
; -1.000 ; 1.000        ; 2.000          ; Min Period ; clk   ; Rise       ; Complex_ALU:u_alu|temp1[10]           ;
; -1.000 ; 1.000        ; 2.000          ; Min Period ; clk   ; Rise       ; Complex_ALU:u_alu|temp1[11]           ;
; -1.000 ; 1.000        ; 2.000          ; Min Period ; clk   ; Rise       ; Complex_ALU:u_alu|temp1[12]           ;
; -1.000 ; 1.000        ; 2.000          ; Min Period ; clk   ; Rise       ; Complex_ALU:u_alu|temp1[13]           ;
; -1.000 ; 1.000        ; 2.000          ; Min Period ; clk   ; Rise       ; Complex_ALU:u_alu|temp1[14]           ;
; -1.000 ; 1.000        ; 2.000          ; Min Period ; clk   ; Rise       ; Complex_ALU:u_alu|temp1[15]           ;
; -1.000 ; 1.000        ; 2.000          ; Min Period ; clk   ; Rise       ; Complex_ALU:u_alu|temp1[1]            ;
; -1.000 ; 1.000        ; 2.000          ; Min Period ; clk   ; Rise       ; Complex_ALU:u_alu|temp1[2]            ;
; -1.000 ; 1.000        ; 2.000          ; Min Period ; clk   ; Rise       ; Complex_ALU:u_alu|temp1[3]            ;
; -1.000 ; 1.000        ; 2.000          ; Min Period ; clk   ; Rise       ; Complex_ALU:u_alu|temp1[4]            ;
; -1.000 ; 1.000        ; 2.000          ; Min Period ; clk   ; Rise       ; Complex_ALU:u_alu|temp1[5]            ;
; -1.000 ; 1.000        ; 2.000          ; Min Period ; clk   ; Rise       ; Complex_ALU:u_alu|temp1[6]            ;
; -1.000 ; 1.000        ; 2.000          ; Min Period ; clk   ; Rise       ; Complex_ALU:u_alu|temp1[7]            ;
; -1.000 ; 1.000        ; 2.000          ; Min Period ; clk   ; Rise       ; Complex_ALU:u_alu|temp1[8]            ;
; -1.000 ; 1.000        ; 2.000          ; Min Period ; clk   ; Rise       ; Complex_ALU:u_alu|temp1[9]            ;
; -1.000 ; 1.000        ; 2.000          ; Min Period ; clk   ; Rise       ; Complex_ALU:u_alu|temp2[0]            ;
; -1.000 ; 1.000        ; 2.000          ; Min Period ; clk   ; Rise       ; Complex_ALU:u_alu|temp2[10]           ;
; -1.000 ; 1.000        ; 2.000          ; Min Period ; clk   ; Rise       ; Complex_ALU:u_alu|temp2[11]           ;
; -1.000 ; 1.000        ; 2.000          ; Min Period ; clk   ; Rise       ; Complex_ALU:u_alu|temp2[12]           ;
; -1.000 ; 1.000        ; 2.000          ; Min Period ; clk   ; Rise       ; Complex_ALU:u_alu|temp2[13]           ;
; -1.000 ; 1.000        ; 2.000          ; Min Period ; clk   ; Rise       ; Complex_ALU:u_alu|temp2[14]           ;
; -1.000 ; 1.000        ; 2.000          ; Min Period ; clk   ; Rise       ; Complex_ALU:u_alu|temp2[15]           ;
; -1.000 ; 1.000        ; 2.000          ; Min Period ; clk   ; Rise       ; Complex_ALU:u_alu|temp2[1]            ;
; -1.000 ; 1.000        ; 2.000          ; Min Period ; clk   ; Rise       ; Complex_ALU:u_alu|temp2[2]            ;
; -1.000 ; 1.000        ; 2.000          ; Min Period ; clk   ; Rise       ; Complex_ALU:u_alu|temp2[3]            ;
; -1.000 ; 1.000        ; 2.000          ; Min Period ; clk   ; Rise       ; Complex_ALU:u_alu|temp2[4]            ;
; -1.000 ; 1.000        ; 2.000          ; Min Period ; clk   ; Rise       ; Complex_ALU:u_alu|temp2[5]            ;
; -1.000 ; 1.000        ; 2.000          ; Min Period ; clk   ; Rise       ; Complex_ALU:u_alu|temp2[6]            ;
; -1.000 ; 1.000        ; 2.000          ; Min Period ; clk   ; Rise       ; Complex_ALU:u_alu|temp2[7]            ;
; -1.000 ; 1.000        ; 2.000          ; Min Period ; clk   ; Rise       ; Complex_ALU:u_alu|temp2[8]            ;
; -1.000 ; 1.000        ; 2.000          ; Min Period ; clk   ; Rise       ; Complex_ALU:u_alu|temp2[9]            ;
; -1.000 ; 1.000        ; 2.000          ; Min Period ; clk   ; Rise       ; Memory_32:u_mem|data_out[14]          ;
; -1.000 ; 1.000        ; 2.000          ; Min Period ; clk   ; Rise       ; Memory_32:u_mem|data_out[15]          ;
; -1.000 ; 1.000        ; 2.000          ; Min Period ; clk   ; Rise       ; id_ex_Ai[0]                           ;
; -1.000 ; 1.000        ; 2.000          ; Min Period ; clk   ; Rise       ; id_ex_Ai[1]                           ;
; -1.000 ; 1.000        ; 2.000          ; Min Period ; clk   ; Rise       ; id_ex_Ai[2]                           ;
; -1.000 ; 1.000        ; 2.000          ; Min Period ; clk   ; Rise       ; id_ex_Ai[3]                           ;
; -1.000 ; 1.000        ; 2.000          ; Min Period ; clk   ; Rise       ; id_ex_Ai[4]                           ;
; -1.000 ; 1.000        ; 2.000          ; Min Period ; clk   ; Rise       ; id_ex_Ai[5]                           ;
; -1.000 ; 1.000        ; 2.000          ; Min Period ; clk   ; Rise       ; id_ex_Ai[6]                           ;
; -1.000 ; 1.000        ; 2.000          ; Min Period ; clk   ; Rise       ; id_ex_Ai[7]                           ;
; -1.000 ; 1.000        ; 2.000          ; Min Period ; clk   ; Rise       ; id_ex_Ar[0]                           ;
; -1.000 ; 1.000        ; 2.000          ; Min Period ; clk   ; Rise       ; id_ex_Ar[1]                           ;
; -1.000 ; 1.000        ; 2.000          ; Min Period ; clk   ; Rise       ; id_ex_Ar[2]                           ;
; -1.000 ; 1.000        ; 2.000          ; Min Period ; clk   ; Rise       ; id_ex_Ar[3]                           ;
; -1.000 ; 1.000        ; 2.000          ; Min Period ; clk   ; Rise       ; id_ex_Ar[4]                           ;
; -1.000 ; 1.000        ; 2.000          ; Min Period ; clk   ; Rise       ; id_ex_Ar[5]                           ;
; -1.000 ; 1.000        ; 2.000          ; Min Period ; clk   ; Rise       ; id_ex_Ar[6]                           ;
; -1.000 ; 1.000        ; 2.000          ; Min Period ; clk   ; Rise       ; id_ex_Ar[7]                           ;
; -1.000 ; 1.000        ; 2.000          ; Min Period ; clk   ; Rise       ; id_ex_Bi[0]                           ;
; -1.000 ; 1.000        ; 2.000          ; Min Period ; clk   ; Rise       ; id_ex_Bi[1]                           ;
; -1.000 ; 1.000        ; 2.000          ; Min Period ; clk   ; Rise       ; id_ex_Bi[2]                           ;
; -1.000 ; 1.000        ; 2.000          ; Min Period ; clk   ; Rise       ; id_ex_Bi[3]                           ;
; -1.000 ; 1.000        ; 2.000          ; Min Period ; clk   ; Rise       ; id_ex_Bi[4]                           ;
; -1.000 ; 1.000        ; 2.000          ; Min Period ; clk   ; Rise       ; id_ex_Bi[5]                           ;
; -1.000 ; 1.000        ; 2.000          ; Min Period ; clk   ; Rise       ; id_ex_Bi[6]                           ;
; -1.000 ; 1.000        ; 2.000          ; Min Period ; clk   ; Rise       ; id_ex_Bi[7]                           ;
+--------+--------------+----------------+------------+-------+------------+---------------------------------------+


+-------------------------------------------------------------------------+
; Setup Times                                                             ;
+-------------+------------+-------+-------+------------+-----------------+
; Data Port   ; Clock Port ; Rise  ; Fall  ; Clock Edge ; Clock Reference ;
+-------------+------------+-------+-------+------------+-----------------+
; data_Ai[*]  ; clk        ; 1.366 ; 2.031 ; Rise       ; clk             ;
;  data_Ai[0] ; clk        ; 1.041 ; 1.665 ; Rise       ; clk             ;
;  data_Ai[1] ; clk        ; 1.366 ; 1.998 ; Rise       ; clk             ;
;  data_Ai[2] ; clk        ; 1.139 ; 1.767 ; Rise       ; clk             ;
;  data_Ai[3] ; clk        ; 0.977 ; 1.577 ; Rise       ; clk             ;
;  data_Ai[4] ; clk        ; 1.194 ; 1.830 ; Rise       ; clk             ;
;  data_Ai[5] ; clk        ; 1.364 ; 2.031 ; Rise       ; clk             ;
;  data_Ai[6] ; clk        ; 1.178 ; 1.791 ; Rise       ; clk             ;
;  data_Ai[7] ; clk        ; 1.275 ; 1.894 ; Rise       ; clk             ;
; data_Ar[*]  ; clk        ; 1.509 ; 2.174 ; Rise       ; clk             ;
;  data_Ar[0] ; clk        ; 1.333 ; 2.001 ; Rise       ; clk             ;
;  data_Ar[1] ; clk        ; 1.187 ; 1.852 ; Rise       ; clk             ;
;  data_Ar[2] ; clk        ; 1.205 ; 1.823 ; Rise       ; clk             ;
;  data_Ar[3] ; clk        ; 1.329 ; 1.959 ; Rise       ; clk             ;
;  data_Ar[4] ; clk        ; 1.025 ; 1.616 ; Rise       ; clk             ;
;  data_Ar[5] ; clk        ; 0.884 ; 1.481 ; Rise       ; clk             ;
;  data_Ar[6] ; clk        ; 1.372 ; 2.032 ; Rise       ; clk             ;
;  data_Ar[7] ; clk        ; 1.509 ; 2.174 ; Rise       ; clk             ;
; data_Bi[*]  ; clk        ; 1.370 ; 2.034 ; Rise       ; clk             ;
;  data_Bi[0] ; clk        ; 0.375 ; 0.590 ; Rise       ; clk             ;
;  data_Bi[1] ; clk        ; 1.358 ; 2.001 ; Rise       ; clk             ;
;  data_Bi[2] ; clk        ; 1.050 ; 1.640 ; Rise       ; clk             ;
;  data_Bi[3] ; clk        ; 1.370 ; 2.034 ; Rise       ; clk             ;
;  data_Bi[4] ; clk        ; 1.239 ; 1.890 ; Rise       ; clk             ;
;  data_Bi[5] ; clk        ; 1.122 ; 1.713 ; Rise       ; clk             ;
;  data_Bi[6] ; clk        ; 1.257 ; 1.916 ; Rise       ; clk             ;
;  data_Bi[7] ; clk        ; 1.243 ; 1.867 ; Rise       ; clk             ;
; data_Br[*]  ; clk        ; 1.338 ; 2.002 ; Rise       ; clk             ;
;  data_Br[0] ; clk        ; 0.415 ; 0.629 ; Rise       ; clk             ;
;  data_Br[1] ; clk        ; 1.289 ; 1.935 ; Rise       ; clk             ;
;  data_Br[2] ; clk        ; 1.216 ; 1.829 ; Rise       ; clk             ;
;  data_Br[3] ; clk        ; 1.142 ; 1.763 ; Rise       ; clk             ;
;  data_Br[4] ; clk        ; 1.311 ; 1.945 ; Rise       ; clk             ;
;  data_Br[5] ; clk        ; 1.181 ; 1.798 ; Rise       ; clk             ;
;  data_Br[6] ; clk        ; 1.164 ; 1.800 ; Rise       ; clk             ;
;  data_Br[7] ; clk        ; 1.338 ; 2.002 ; Rise       ; clk             ;
; rst         ; clk        ; 1.544 ; 1.646 ; Rise       ; clk             ;
+-------------+------------+-------+-------+------------+-----------------+


+---------------------------------------------------------------------------+
; Hold Times                                                                ;
+-------------+------------+--------+--------+------------+-----------------+
; Data Port   ; Clock Port ; Rise   ; Fall   ; Clock Edge ; Clock Reference ;
+-------------+------------+--------+--------+------------+-----------------+
; data_Ai[*]  ; clk        ; -0.735 ; -1.325 ; Rise       ; clk             ;
;  data_Ai[0] ; clk        ; -0.808 ; -1.416 ; Rise       ; clk             ;
;  data_Ai[1] ; clk        ; -1.125 ; -1.747 ; Rise       ; clk             ;
;  data_Ai[2] ; clk        ; -0.907 ; -1.525 ; Rise       ; clk             ;
;  data_Ai[3] ; clk        ; -0.735 ; -1.325 ; Rise       ; clk             ;
;  data_Ai[4] ; clk        ; -0.944 ; -1.569 ; Rise       ; clk             ;
;  data_Ai[5] ; clk        ; -1.122 ; -1.778 ; Rise       ; clk             ;
;  data_Ai[6] ; clk        ; -0.944 ; -1.547 ; Rise       ; clk             ;
;  data_Ai[7] ; clk        ; -1.037 ; -1.646 ; Rise       ; clk             ;
; data_Ar[*]  ; clk        ; -0.658 ; -1.239 ; Rise       ; clk             ;
;  data_Ar[0] ; clk        ; -1.089 ; -1.738 ; Rise       ; clk             ;
;  data_Ar[1] ; clk        ; -0.936 ; -1.590 ; Rise       ; clk             ;
;  data_Ar[2] ; clk        ; -0.970 ; -1.579 ; Rise       ; clk             ;
;  data_Ar[3] ; clk        ; -1.091 ; -1.709 ; Rise       ; clk             ;
;  data_Ar[4] ; clk        ; -0.798 ; -1.380 ; Rise       ; clk             ;
;  data_Ar[5] ; clk        ; -0.658 ; -1.239 ; Rise       ; clk             ;
;  data_Ar[6] ; clk        ; -1.131 ; -1.779 ; Rise       ; clk             ;
;  data_Ar[7] ; clk        ; -1.263 ; -1.916 ; Rise       ; clk             ;
; data_Bi[*]  ; clk        ; -0.179 ; -0.400 ; Rise       ; clk             ;
;  data_Bi[0] ; clk        ; -0.179 ; -0.400 ; Rise       ; clk             ;
;  data_Bi[1] ; clk        ; -1.117 ; -1.749 ; Rise       ; clk             ;
;  data_Bi[2] ; clk        ; -0.822 ; -1.404 ; Rise       ; clk             ;
;  data_Bi[3] ; clk        ; -1.128 ; -1.781 ; Rise       ; clk             ;
;  data_Bi[4] ; clk        ; -1.003 ; -1.644 ; Rise       ; clk             ;
;  data_Bi[5] ; clk        ; -0.890 ; -1.473 ; Rise       ; clk             ;
;  data_Bi[6] ; clk        ; -1.014 ; -1.656 ; Rise       ; clk             ;
;  data_Bi[7] ; clk        ; -1.008 ; -1.622 ; Rise       ; clk             ;
; data_Br[*]  ; clk        ; -0.217 ; -0.437 ; Rise       ; clk             ;
;  data_Br[0] ; clk        ; -0.217 ; -0.437 ; Rise       ; clk             ;
;  data_Br[1] ; clk        ; -1.050 ; -1.685 ; Rise       ; clk             ;
;  data_Br[2] ; clk        ; -0.981 ; -1.584 ; Rise       ; clk             ;
;  data_Br[3] ; clk        ; -0.910 ; -1.521 ; Rise       ; clk             ;
;  data_Br[4] ; clk        ; -1.073 ; -1.696 ; Rise       ; clk             ;
;  data_Br[5] ; clk        ; -0.949 ; -1.555 ; Rise       ; clk             ;
;  data_Br[6] ; clk        ; -0.927 ; -1.545 ; Rise       ; clk             ;
;  data_Br[7] ; clk        ; -1.097 ; -1.750 ; Rise       ; clk             ;
; rst         ; clk        ; -0.648 ; -0.843 ; Rise       ; clk             ;
+-------------+------------+--------+--------+------------+-----------------+


+----------------------------------------------------------------------------+
; Clock to Output Times                                                      ;
+----------------+------------+-------+-------+------------+-----------------+
; Data Port      ; Clock Port ; Rise  ; Fall  ; Clock Edge ; Clock Reference ;
+----------------+------------+-------+-------+------------+-----------------+
; current_pc[*]  ; clk        ; 4.153 ; 4.215 ; Rise       ; clk             ;
;  current_pc[0] ; clk        ; 3.919 ; 3.996 ; Rise       ; clk             ;
;  current_pc[1] ; clk        ; 3.915 ; 3.989 ; Rise       ; clk             ;
;  current_pc[2] ; clk        ; 3.861 ; 3.940 ; Rise       ; clk             ;
;  current_pc[3] ; clk        ; 4.153 ; 4.215 ; Rise       ; clk             ;
;  current_pc[4] ; clk        ; 3.534 ; 3.581 ; Rise       ; clk             ;
; done           ; clk        ; 3.884 ; 3.944 ; Rise       ; clk             ;
; result_i[*]    ; clk        ; 4.833 ; 5.042 ; Rise       ; clk             ;
;  result_i[0]   ; clk        ; 3.730 ; 3.784 ; Rise       ; clk             ;
;  result_i[1]   ; clk        ; 4.461 ; 4.568 ; Rise       ; clk             ;
;  result_i[2]   ; clk        ; 3.822 ; 3.895 ; Rise       ; clk             ;
;  result_i[3]   ; clk        ; 3.661 ; 3.728 ; Rise       ; clk             ;
;  result_i[4]   ; clk        ; 3.829 ; 3.905 ; Rise       ; clk             ;
;  result_i[5]   ; clk        ; 3.991 ; 4.063 ; Rise       ; clk             ;
;  result_i[6]   ; clk        ; 3.683 ; 3.752 ; Rise       ; clk             ;
;  result_i[7]   ; clk        ; 3.879 ; 3.964 ; Rise       ; clk             ;
;  result_i[8]   ; clk        ; 4.771 ; 4.908 ; Rise       ; clk             ;
;  result_i[9]   ; clk        ; 3.877 ; 3.959 ; Rise       ; clk             ;
;  result_i[10]  ; clk        ; 4.001 ; 4.117 ; Rise       ; clk             ;
;  result_i[11]  ; clk        ; 4.833 ; 5.042 ; Rise       ; clk             ;
;  result_i[12]  ; clk        ; 3.989 ; 4.107 ; Rise       ; clk             ;
;  result_i[13]  ; clk        ; 3.964 ; 4.082 ; Rise       ; clk             ;
;  result_i[14]  ; clk        ; 4.105 ; 4.234 ; Rise       ; clk             ;
;  result_i[15]  ; clk        ; 3.981 ; 4.093 ; Rise       ; clk             ;
; result_r[*]    ; clk        ; 4.339 ; 4.405 ; Rise       ; clk             ;
;  result_r[0]   ; clk        ; 4.339 ; 4.405 ; Rise       ; clk             ;
;  result_r[1]   ; clk        ; 3.535 ; 3.577 ; Rise       ; clk             ;
;  result_r[2]   ; clk        ; 3.652 ; 3.702 ; Rise       ; clk             ;
;  result_r[3]   ; clk        ; 3.661 ; 3.725 ; Rise       ; clk             ;
;  result_r[4]   ; clk        ; 3.617 ; 3.666 ; Rise       ; clk             ;
;  result_r[5]   ; clk        ; 3.670 ; 3.734 ; Rise       ; clk             ;
;  result_r[6]   ; clk        ; 4.256 ; 4.405 ; Rise       ; clk             ;
;  result_r[7]   ; clk        ; 4.199 ; 4.352 ; Rise       ; clk             ;
;  result_r[8]   ; clk        ; 3.775 ; 3.843 ; Rise       ; clk             ;
;  result_r[9]   ; clk        ; 3.734 ; 3.786 ; Rise       ; clk             ;
;  result_r[10]  ; clk        ; 3.955 ; 4.062 ; Rise       ; clk             ;
;  result_r[11]  ; clk        ; 4.004 ; 4.118 ; Rise       ; clk             ;
;  result_r[12]  ; clk        ; 3.639 ; 3.688 ; Rise       ; clk             ;
;  result_r[13]  ; clk        ; 3.905 ; 3.981 ; Rise       ; clk             ;
;  result_r[14]  ; clk        ; 4.075 ; 4.125 ; Rise       ; clk             ;
;  result_r[15]  ; clk        ; 3.790 ; 3.861 ; Rise       ; clk             ;
+----------------+------------+-------+-------+------------+-----------------+


+----------------------------------------------------------------------------+
; Minimum Clock to Output Times                                              ;
+----------------+------------+-------+-------+------------+-----------------+
; Data Port      ; Clock Port ; Rise  ; Fall  ; Clock Edge ; Clock Reference ;
+----------------+------------+-------+-------+------------+-----------------+
; current_pc[*]  ; clk        ; 3.416 ; 3.461 ; Rise       ; clk             ;
;  current_pc[0] ; clk        ; 3.786 ; 3.860 ; Rise       ; clk             ;
;  current_pc[1] ; clk        ; 3.783 ; 3.854 ; Rise       ; clk             ;
;  current_pc[2] ; clk        ; 3.732 ; 3.808 ; Rise       ; clk             ;
;  current_pc[3] ; clk        ; 4.014 ; 4.072 ; Rise       ; clk             ;
;  current_pc[4] ; clk        ; 3.416 ; 3.461 ; Rise       ; clk             ;
; done           ; clk        ; 3.751 ; 3.809 ; Rise       ; clk             ;
; result_i[*]    ; clk        ; 3.538 ; 3.602 ; Rise       ; clk             ;
;  result_i[0]   ; clk        ; 3.602 ; 3.653 ; Rise       ; clk             ;
;  result_i[1]   ; clk        ; 4.329 ; 4.432 ; Rise       ; clk             ;
;  result_i[2]   ; clk        ; 3.694 ; 3.764 ; Rise       ; clk             ;
;  result_i[3]   ; clk        ; 3.538 ; 3.602 ; Rise       ; clk             ;
;  result_i[4]   ; clk        ; 3.701 ; 3.773 ; Rise       ; clk             ;
;  result_i[5]   ; clk        ; 3.855 ; 3.923 ; Rise       ; clk             ;
;  result_i[6]   ; clk        ; 3.560 ; 3.625 ; Rise       ; clk             ;
;  result_i[7]   ; clk        ; 3.748 ; 3.829 ; Rise       ; clk             ;
;  result_i[8]   ; clk        ; 4.605 ; 4.735 ; Rise       ; clk             ;
;  result_i[9]   ; clk        ; 3.746 ; 3.824 ; Rise       ; clk             ;
;  result_i[10]  ; clk        ; 3.865 ; 3.976 ; Rise       ; clk             ;
;  result_i[11]  ; clk        ; 4.661 ; 4.861 ; Rise       ; clk             ;
;  result_i[12]  ; clk        ; 3.855 ; 3.967 ; Rise       ; clk             ;
;  result_i[13]  ; clk        ; 3.831 ; 3.944 ; Rise       ; clk             ;
;  result_i[14]  ; clk        ; 3.964 ; 4.088 ; Rise       ; clk             ;
;  result_i[15]  ; clk        ; 3.846 ; 3.954 ; Rise       ; clk             ;
; result_r[*]    ; clk        ; 3.418 ; 3.459 ; Rise       ; clk             ;
;  result_r[0]   ; clk        ; 4.213 ; 4.275 ; Rise       ; clk             ;
;  result_r[1]   ; clk        ; 3.418 ; 3.459 ; Rise       ; clk             ;
;  result_r[2]   ; clk        ; 3.531 ; 3.579 ; Rise       ; clk             ;
;  result_r[3]   ; clk        ; 3.538 ; 3.599 ; Rise       ; clk             ;
;  result_r[4]   ; clk        ; 3.496 ; 3.543 ; Rise       ; clk             ;
;  result_r[5]   ; clk        ; 3.547 ; 3.609 ; Rise       ; clk             ;
;  result_r[6]   ; clk        ; 4.111 ; 4.254 ; Rise       ; clk             ;
;  result_r[7]   ; clk        ; 4.056 ; 4.202 ; Rise       ; clk             ;
;  result_r[8]   ; clk        ; 3.649 ; 3.713 ; Rise       ; clk             ;
;  result_r[9]   ; clk        ; 3.610 ; 3.660 ; Rise       ; clk             ;
;  result_r[10]  ; clk        ; 3.822 ; 3.924 ; Rise       ; clk             ;
;  result_r[11]  ; clk        ; 3.868 ; 3.977 ; Rise       ; clk             ;
;  result_r[12]  ; clk        ; 3.519 ; 3.566 ; Rise       ; clk             ;
;  result_r[13]  ; clk        ; 3.775 ; 3.848 ; Rise       ; clk             ;
;  result_r[14]  ; clk        ; 3.937 ; 3.983 ; Rise       ; clk             ;
;  result_r[15]  ; clk        ; 3.662 ; 3.729 ; Rise       ; clk             ;
+----------------+------------+-------+-------+------------+-----------------+


---------------------------------------------
; Fast 1200mV 0C Model Metastability Report ;
---------------------------------------------
No synchronizer chains to report.


+--------------------------------------------------------------------------------+
; Multicorner Timing Analysis Summary                                            ;
+------------------+----------+-------+----------+---------+---------------------+
; Clock            ; Setup    ; Hold  ; Recovery ; Removal ; Minimum Pulse Width ;
+------------------+----------+-------+----------+---------+---------------------+
; Worst-case Slack ; -6.591   ; 0.186 ; N/A      ; N/A     ; -3.000              ;
;  clk             ; -6.591   ; 0.186 ; N/A      ; N/A     ; -3.000              ;
; Design-wide TNS  ; -408.59  ; 0.0   ; 0.0      ; 0.0     ; -122.033            ;
;  clk             ; -408.590 ; 0.000 ; N/A      ; N/A     ; -122.033            ;
+------------------+----------+-------+----------+---------+---------------------+


+-------------------------------------------------------------------------+
; Setup Times                                                             ;
+-------------+------------+-------+-------+------------+-----------------+
; Data Port   ; Clock Port ; Rise  ; Fall  ; Clock Edge ; Clock Reference ;
+-------------+------------+-------+-------+------------+-----------------+
; data_Ai[*]  ; clk        ; 2.439 ; 2.977 ; Rise       ; clk             ;
;  data_Ai[0] ; clk        ; 1.863 ; 2.336 ; Rise       ; clk             ;
;  data_Ai[1] ; clk        ; 2.439 ; 2.925 ; Rise       ; clk             ;
;  data_Ai[2] ; clk        ; 2.069 ; 2.552 ; Rise       ; clk             ;
;  data_Ai[3] ; clk        ; 1.742 ; 2.188 ; Rise       ; clk             ;
;  data_Ai[4] ; clk        ; 2.111 ; 2.600 ; Rise       ; clk             ;
;  data_Ai[5] ; clk        ; 2.435 ; 2.977 ; Rise       ; clk             ;
;  data_Ai[6] ; clk        ; 2.137 ; 2.597 ; Rise       ; clk             ;
;  data_Ai[7] ; clk        ; 2.322 ; 2.778 ; Rise       ; clk             ;
; data_Ar[*]  ; clk        ; 2.697 ; 3.205 ; Rise       ; clk             ;
;  data_Ar[0] ; clk        ; 2.373 ; 2.881 ; Rise       ; clk             ;
;  data_Ar[1] ; clk        ; 2.073 ; 2.616 ; Rise       ; clk             ;
;  data_Ar[2] ; clk        ; 2.177 ; 2.646 ; Rise       ; clk             ;
;  data_Ar[3] ; clk        ; 2.391 ; 2.856 ; Rise       ; clk             ;
;  data_Ar[4] ; clk        ; 1.854 ; 2.314 ; Rise       ; clk             ;
;  data_Ar[5] ; clk        ; 1.603 ; 2.046 ; Rise       ; clk             ;
;  data_Ar[6] ; clk        ; 2.486 ; 2.996 ; Rise       ; clk             ;
;  data_Ar[7] ; clk        ; 2.697 ; 3.205 ; Rise       ; clk             ;
; data_Bi[*]  ; clk        ; 2.453 ; 2.987 ; Rise       ; clk             ;
;  data_Bi[0] ; clk        ; 0.552 ; 0.627 ; Rise       ; clk             ;
;  data_Bi[1] ; clk        ; 2.453 ; 2.954 ; Rise       ; clk             ;
;  data_Bi[2] ; clk        ; 1.883 ; 2.344 ; Rise       ; clk             ;
;  data_Bi[3] ; clk        ; 2.432 ; 2.987 ; Rise       ; clk             ;
;  data_Bi[4] ; clk        ; 2.188 ; 2.726 ; Rise       ; clk             ;
;  data_Bi[5] ; clk        ; 2.053 ; 2.487 ; Rise       ; clk             ;
;  data_Bi[6] ; clk        ; 2.237 ; 2.759 ; Rise       ; clk             ;
;  data_Bi[7] ; clk        ; 2.216 ; 2.713 ; Rise       ; clk             ;
; data_Br[*]  ; clk        ; 2.386 ; 2.922 ; Rise       ; clk             ;
;  data_Br[0] ; clk        ; 0.637 ; 0.680 ; Rise       ; clk             ;
;  data_Br[1] ; clk        ; 2.305 ; 2.813 ; Rise       ; clk             ;
;  data_Br[2] ; clk        ; 2.177 ; 2.660 ; Rise       ; clk             ;
;  data_Br[3] ; clk        ; 2.052 ; 2.533 ; Rise       ; clk             ;
;  data_Br[4] ; clk        ; 2.386 ; 2.871 ; Rise       ; clk             ;
;  data_Br[5] ; clk        ; 2.139 ; 2.602 ; Rise       ; clk             ;
;  data_Br[6] ; clk        ; 2.072 ; 2.571 ; Rise       ; clk             ;
;  data_Br[7] ; clk        ; 2.385 ; 2.922 ; Rise       ; clk             ;
; rst         ; clk        ; 2.577 ; 2.611 ; Rise       ; clk             ;
+-------------+------------+-------+-------+------------+-----------------+


+---------------------------------------------------------------------------+
; Hold Times                                                                ;
+-------------+------------+--------+--------+------------+-----------------+
; Data Port   ; Clock Port ; Rise   ; Fall   ; Clock Edge ; Clock Reference ;
+-------------+------------+--------+--------+------------+-----------------+
; data_Ai[*]  ; clk        ; -0.735 ; -1.325 ; Rise       ; clk             ;
;  data_Ai[0] ; clk        ; -0.808 ; -1.416 ; Rise       ; clk             ;
;  data_Ai[1] ; clk        ; -1.125 ; -1.747 ; Rise       ; clk             ;
;  data_Ai[2] ; clk        ; -0.907 ; -1.525 ; Rise       ; clk             ;
;  data_Ai[3] ; clk        ; -0.735 ; -1.325 ; Rise       ; clk             ;
;  data_Ai[4] ; clk        ; -0.944 ; -1.569 ; Rise       ; clk             ;
;  data_Ai[5] ; clk        ; -1.122 ; -1.778 ; Rise       ; clk             ;
;  data_Ai[6] ; clk        ; -0.944 ; -1.547 ; Rise       ; clk             ;
;  data_Ai[7] ; clk        ; -1.037 ; -1.646 ; Rise       ; clk             ;
; data_Ar[*]  ; clk        ; -0.658 ; -1.239 ; Rise       ; clk             ;
;  data_Ar[0] ; clk        ; -1.089 ; -1.738 ; Rise       ; clk             ;
;  data_Ar[1] ; clk        ; -0.936 ; -1.590 ; Rise       ; clk             ;
;  data_Ar[2] ; clk        ; -0.970 ; -1.579 ; Rise       ; clk             ;
;  data_Ar[3] ; clk        ; -1.091 ; -1.709 ; Rise       ; clk             ;
;  data_Ar[4] ; clk        ; -0.798 ; -1.380 ; Rise       ; clk             ;
;  data_Ar[5] ; clk        ; -0.658 ; -1.239 ; Rise       ; clk             ;
;  data_Ar[6] ; clk        ; -1.131 ; -1.779 ; Rise       ; clk             ;
;  data_Ar[7] ; clk        ; -1.263 ; -1.916 ; Rise       ; clk             ;
; data_Bi[*]  ; clk        ; -0.179 ; -0.291 ; Rise       ; clk             ;
;  data_Bi[0] ; clk        ; -0.179 ; -0.291 ; Rise       ; clk             ;
;  data_Bi[1] ; clk        ; -1.117 ; -1.749 ; Rise       ; clk             ;
;  data_Bi[2] ; clk        ; -0.822 ; -1.404 ; Rise       ; clk             ;
;  data_Bi[3] ; clk        ; -1.128 ; -1.781 ; Rise       ; clk             ;
;  data_Bi[4] ; clk        ; -1.003 ; -1.644 ; Rise       ; clk             ;
;  data_Bi[5] ; clk        ; -0.890 ; -1.473 ; Rise       ; clk             ;
;  data_Bi[6] ; clk        ; -1.014 ; -1.656 ; Rise       ; clk             ;
;  data_Bi[7] ; clk        ; -1.008 ; -1.622 ; Rise       ; clk             ;
; data_Br[*]  ; clk        ; -0.217 ; -0.343 ; Rise       ; clk             ;
;  data_Br[0] ; clk        ; -0.217 ; -0.343 ; Rise       ; clk             ;
;  data_Br[1] ; clk        ; -1.050 ; -1.685 ; Rise       ; clk             ;
;  data_Br[2] ; clk        ; -0.981 ; -1.584 ; Rise       ; clk             ;
;  data_Br[3] ; clk        ; -0.910 ; -1.521 ; Rise       ; clk             ;
;  data_Br[4] ; clk        ; -1.073 ; -1.696 ; Rise       ; clk             ;
;  data_Br[5] ; clk        ; -0.949 ; -1.555 ; Rise       ; clk             ;
;  data_Br[6] ; clk        ; -0.927 ; -1.545 ; Rise       ; clk             ;
;  data_Br[7] ; clk        ; -1.097 ; -1.750 ; Rise       ; clk             ;
; rst         ; clk        ; -0.648 ; -0.843 ; Rise       ; clk             ;
+-------------+------------+--------+--------+------------+-----------------+


+----------------------------------------------------------------------------+
; Clock to Output Times                                                      ;
+----------------+------------+-------+-------+------------+-----------------+
; Data Port      ; Clock Port ; Rise  ; Fall  ; Clock Edge ; Clock Reference ;
+----------------+------------+-------+-------+------------+-----------------+
; current_pc[*]  ; clk        ; 6.960 ; 6.945 ; Rise       ; clk             ;
;  current_pc[0] ; clk        ; 6.696 ; 6.622 ; Rise       ; clk             ;
;  current_pc[1] ; clk        ; 6.690 ; 6.611 ; Rise       ; clk             ;
;  current_pc[2] ; clk        ; 6.564 ; 6.499 ; Rise       ; clk             ;
;  current_pc[3] ; clk        ; 6.960 ; 6.945 ; Rise       ; clk             ;
;  current_pc[4] ; clk        ; 6.016 ; 5.963 ; Rise       ; clk             ;
; done           ; clk        ; 6.616 ; 6.543 ; Rise       ; clk             ;
; result_i[*]    ; clk        ; 8.285 ; 8.274 ; Rise       ; clk             ;
;  result_i[0]   ; clk        ; 6.360 ; 6.298 ; Rise       ; clk             ;
;  result_i[1]   ; clk        ; 7.359 ; 7.411 ; Rise       ; clk             ;
;  result_i[2]   ; clk        ; 6.503 ; 6.438 ; Rise       ; clk             ;
;  result_i[3]   ; clk        ; 6.237 ; 6.186 ; Rise       ; clk             ;
;  result_i[4]   ; clk        ; 6.523 ; 6.456 ; Rise       ; clk             ;
;  result_i[5]   ; clk        ; 6.809 ; 6.734 ; Rise       ; clk             ;
;  result_i[6]   ; clk        ; 6.267 ; 6.222 ; Rise       ; clk             ;
;  result_i[7]   ; clk        ; 6.633 ; 6.572 ; Rise       ; clk             ;
;  result_i[8]   ; clk        ; 8.077 ; 8.064 ; Rise       ; clk             ;
;  result_i[9]   ; clk        ; 6.620 ; 6.559 ; Rise       ; clk             ;
;  result_i[10]  ; clk        ; 6.839 ; 6.836 ; Rise       ; clk             ;
;  result_i[11]  ; clk        ; 8.285 ; 8.274 ; Rise       ; clk             ;
;  result_i[12]  ; clk        ; 6.803 ; 6.786 ; Rise       ; clk             ;
;  result_i[13]  ; clk        ; 6.719 ; 6.741 ; Rise       ; clk             ;
;  result_i[14]  ; clk        ; 7.032 ; 7.014 ; Rise       ; clk             ;
;  result_i[15]  ; clk        ; 6.786 ; 6.774 ; Rise       ; clk             ;
; result_r[*]    ; clk        ; 7.228 ; 7.247 ; Rise       ; clk             ;
;  result_r[0]   ; clk        ; 7.185 ; 7.166 ; Rise       ; clk             ;
;  result_r[1]   ; clk        ; 5.993 ; 5.933 ; Rise       ; clk             ;
;  result_r[2]   ; clk        ; 6.204 ; 6.134 ; Rise       ; clk             ;
;  result_r[3]   ; clk        ; 6.241 ; 6.190 ; Rise       ; clk             ;
;  result_r[4]   ; clk        ; 6.165 ; 6.094 ; Rise       ; clk             ;
;  result_r[5]   ; clk        ; 6.248 ; 6.198 ; Rise       ; clk             ;
;  result_r[6]   ; clk        ; 7.228 ; 7.247 ; Rise       ; clk             ;
;  result_r[7]   ; clk        ; 7.129 ; 7.149 ; Rise       ; clk             ;
;  result_r[8]   ; clk        ; 6.438 ; 6.366 ; Rise       ; clk             ;
;  result_r[9]   ; clk        ; 6.364 ; 6.280 ; Rise       ; clk             ;
;  result_r[10]  ; clk        ; 6.770 ; 6.740 ; Rise       ; clk             ;
;  result_r[11]  ; clk        ; 6.841 ; 6.832 ; Rise       ; clk             ;
;  result_r[12]  ; clk        ; 6.191 ; 6.116 ; Rise       ; clk             ;
;  result_r[13]  ; clk        ; 6.650 ; 6.585 ; Rise       ; clk             ;
;  result_r[14]  ; clk        ; 6.866 ; 6.843 ; Rise       ; clk             ;
;  result_r[15]  ; clk        ; 6.446 ; 6.419 ; Rise       ; clk             ;
+----------------+------------+-------+-------+------------+-----------------+


+----------------------------------------------------------------------------+
; Minimum Clock to Output Times                                              ;
+----------------+------------+-------+-------+------------+-----------------+
; Data Port      ; Clock Port ; Rise  ; Fall  ; Clock Edge ; Clock Reference ;
+----------------+------------+-------+-------+------------+-----------------+
; current_pc[*]  ; clk        ; 3.416 ; 3.461 ; Rise       ; clk             ;
;  current_pc[0] ; clk        ; 3.786 ; 3.860 ; Rise       ; clk             ;
;  current_pc[1] ; clk        ; 3.783 ; 3.854 ; Rise       ; clk             ;
;  current_pc[2] ; clk        ; 3.732 ; 3.808 ; Rise       ; clk             ;
;  current_pc[3] ; clk        ; 4.014 ; 4.072 ; Rise       ; clk             ;
;  current_pc[4] ; clk        ; 3.416 ; 3.461 ; Rise       ; clk             ;
; done           ; clk        ; 3.751 ; 3.809 ; Rise       ; clk             ;
; result_i[*]    ; clk        ; 3.538 ; 3.602 ; Rise       ; clk             ;
;  result_i[0]   ; clk        ; 3.602 ; 3.653 ; Rise       ; clk             ;
;  result_i[1]   ; clk        ; 4.329 ; 4.432 ; Rise       ; clk             ;
;  result_i[2]   ; clk        ; 3.694 ; 3.764 ; Rise       ; clk             ;
;  result_i[3]   ; clk        ; 3.538 ; 3.602 ; Rise       ; clk             ;
;  result_i[4]   ; clk        ; 3.701 ; 3.773 ; Rise       ; clk             ;
;  result_i[5]   ; clk        ; 3.855 ; 3.923 ; Rise       ; clk             ;
;  result_i[6]   ; clk        ; 3.560 ; 3.625 ; Rise       ; clk             ;
;  result_i[7]   ; clk        ; 3.748 ; 3.829 ; Rise       ; clk             ;
;  result_i[8]   ; clk        ; 4.605 ; 4.735 ; Rise       ; clk             ;
;  result_i[9]   ; clk        ; 3.746 ; 3.824 ; Rise       ; clk             ;
;  result_i[10]  ; clk        ; 3.865 ; 3.976 ; Rise       ; clk             ;
;  result_i[11]  ; clk        ; 4.661 ; 4.861 ; Rise       ; clk             ;
;  result_i[12]  ; clk        ; 3.855 ; 3.967 ; Rise       ; clk             ;
;  result_i[13]  ; clk        ; 3.831 ; 3.944 ; Rise       ; clk             ;
;  result_i[14]  ; clk        ; 3.964 ; 4.088 ; Rise       ; clk             ;
;  result_i[15]  ; clk        ; 3.846 ; 3.954 ; Rise       ; clk             ;
; result_r[*]    ; clk        ; 3.418 ; 3.459 ; Rise       ; clk             ;
;  result_r[0]   ; clk        ; 4.213 ; 4.275 ; Rise       ; clk             ;
;  result_r[1]   ; clk        ; 3.418 ; 3.459 ; Rise       ; clk             ;
;  result_r[2]   ; clk        ; 3.531 ; 3.579 ; Rise       ; clk             ;
;  result_r[3]   ; clk        ; 3.538 ; 3.599 ; Rise       ; clk             ;
;  result_r[4]   ; clk        ; 3.496 ; 3.543 ; Rise       ; clk             ;
;  result_r[5]   ; clk        ; 3.547 ; 3.609 ; Rise       ; clk             ;
;  result_r[6]   ; clk        ; 4.111 ; 4.254 ; Rise       ; clk             ;
;  result_r[7]   ; clk        ; 4.056 ; 4.202 ; Rise       ; clk             ;
;  result_r[8]   ; clk        ; 3.649 ; 3.713 ; Rise       ; clk             ;
;  result_r[9]   ; clk        ; 3.610 ; 3.660 ; Rise       ; clk             ;
;  result_r[10]  ; clk        ; 3.822 ; 3.924 ; Rise       ; clk             ;
;  result_r[11]  ; clk        ; 3.868 ; 3.977 ; Rise       ; clk             ;
;  result_r[12]  ; clk        ; 3.519 ; 3.566 ; Rise       ; clk             ;
;  result_r[13]  ; clk        ; 3.775 ; 3.848 ; Rise       ; clk             ;
;  result_r[14]  ; clk        ; 3.937 ; 3.983 ; Rise       ; clk             ;
;  result_r[15]  ; clk        ; 3.662 ; 3.729 ; Rise       ; clk             ;
+----------------+------------+-------+-------+------------+-----------------+


+------------------------------------------------------------------------------------------------------------------------------------------------------------------------------------------------------------------------------------------------------------------------------------------------------------------------------------------------------------------------------------------------------------------+
; Board Trace Model Assignments                                                                                                                                                                                                                                                                                                                                                                                    ;
+---------------+--------------+-------------------+-------------------------+-------------------------+---------------+---------------------+----------------+------------------+--------+------------------+------------------------+------------------------+--------------+---------------+-----------------+-------+---------------------+--------------------+---------------+-----------------+-------------+
; Pin           ; I/O Standard ; Near Tline Length ; Near Tline L per Length ; Near Tline C per Length ; Near Series R ; Near Differential R ; Near Pull-up R ; Near Pull-down R ; Near C ; Far Tline Length ; Far Tline L per Length ; Far Tline C per Length ; Far Series R ; Far Pull-up R ; Far Pull-down R ; Far C ; Termination Voltage ; Far Differential R ; EBD File Name ; EBD Signal Name ; EBD Far-end ;
+---------------+--------------+-------------------+-------------------------+-------------------------+---------------+---------------------+----------------+------------------+--------+------------------+------------------------+------------------------+--------------+---------------+-----------------+-------+---------------------+--------------------+---------------+-----------------+-------------+
; result_r[0]   ; 2.5 V        ; 0 in              ; 0 H/in                  ; 0 F/in                  ; short         ; -                   ; open           ; open             ; open   ; 0 in             ; 0 H/in                 ; 0 F/in                 ; short        ; open          ; open            ; open  ; 0 V                 ; -                  ; n/a           ; n/a             ; n/a         ;
; result_r[1]   ; 2.5 V        ; 0 in              ; 0 H/in                  ; 0 F/in                  ; short         ; -                   ; open           ; open             ; open   ; 0 in             ; 0 H/in                 ; 0 F/in                 ; short        ; open          ; open            ; open  ; 0 V                 ; -                  ; n/a           ; n/a             ; n/a         ;
; result_r[2]   ; 2.5 V        ; 0 in              ; 0 H/in                  ; 0 F/in                  ; short         ; -                   ; open           ; open             ; open   ; 0 in             ; 0 H/in                 ; 0 F/in                 ; short        ; open          ; open            ; open  ; 0 V                 ; -                  ; n/a           ; n/a             ; n/a         ;
; result_r[3]   ; 2.5 V        ; 0 in              ; 0 H/in                  ; 0 F/in                  ; short         ; -                   ; open           ; open             ; open   ; 0 in             ; 0 H/in                 ; 0 F/in                 ; short        ; open          ; open            ; open  ; 0 V                 ; -                  ; n/a           ; n/a             ; n/a         ;
; result_r[4]   ; 2.5 V        ; 0 in              ; 0 H/in                  ; 0 F/in                  ; short         ; -                   ; open           ; open             ; open   ; 0 in             ; 0 H/in                 ; 0 F/in                 ; short        ; open          ; open            ; open  ; 0 V                 ; -                  ; n/a           ; n/a             ; n/a         ;
; result_r[5]   ; 2.5 V        ; 0 in              ; 0 H/in                  ; 0 F/in                  ; short         ; -                   ; open           ; open             ; open   ; 0 in             ; 0 H/in                 ; 0 F/in                 ; short        ; open          ; open            ; open  ; 0 V                 ; -                  ; n/a           ; n/a             ; n/a         ;
; result_r[6]   ; 2.5 V        ; 0 in              ; 0 H/in                  ; 0 F/in                  ; short         ; -                   ; open           ; open             ; open   ; 0 in             ; 0 H/in                 ; 0 F/in                 ; short        ; open          ; open            ; open  ; 0 V                 ; -                  ; n/a           ; n/a             ; n/a         ;
; result_r[7]   ; 2.5 V        ; 0 in              ; 0 H/in                  ; 0 F/in                  ; short         ; -                   ; open           ; open             ; open   ; 0 in             ; 0 H/in                 ; 0 F/in                 ; short        ; open          ; open            ; open  ; 0 V                 ; -                  ; n/a           ; n/a             ; n/a         ;
; result_r[8]   ; 2.5 V        ; 0 in              ; 0 H/in                  ; 0 F/in                  ; short         ; -                   ; open           ; open             ; open   ; 0 in             ; 0 H/in                 ; 0 F/in                 ; short        ; open          ; open            ; open  ; 0 V                 ; -                  ; n/a           ; n/a             ; n/a         ;
; result_r[9]   ; 2.5 V        ; 0 in              ; 0 H/in                  ; 0 F/in                  ; short         ; -                   ; open           ; open             ; open   ; 0 in             ; 0 H/in                 ; 0 F/in                 ; short        ; open          ; open            ; open  ; 0 V                 ; -                  ; n/a           ; n/a             ; n/a         ;
; result_r[10]  ; 2.5 V        ; 0 in              ; 0 H/in                  ; 0 F/in                  ; short         ; -                   ; open           ; open             ; open   ; 0 in             ; 0 H/in                 ; 0 F/in                 ; short        ; open          ; open            ; open  ; 0 V                 ; -                  ; n/a           ; n/a             ; n/a         ;
; result_r[11]  ; 2.5 V        ; 0 in              ; 0 H/in                  ; 0 F/in                  ; short         ; -                   ; open           ; open             ; open   ; 0 in             ; 0 H/in                 ; 0 F/in                 ; short        ; open          ; open            ; open  ; 0 V                 ; -                  ; n/a           ; n/a             ; n/a         ;
; result_r[12]  ; 2.5 V        ; 0 in              ; 0 H/in                  ; 0 F/in                  ; short         ; -                   ; open           ; open             ; open   ; 0 in             ; 0 H/in                 ; 0 F/in                 ; short        ; open          ; open            ; open  ; 0 V                 ; -                  ; n/a           ; n/a             ; n/a         ;
; result_r[13]  ; 2.5 V        ; 0 in              ; 0 H/in                  ; 0 F/in                  ; short         ; -                   ; open           ; open             ; open   ; 0 in             ; 0 H/in                 ; 0 F/in                 ; short        ; open          ; open            ; open  ; 0 V                 ; -                  ; n/a           ; n/a             ; n/a         ;
; result_r[14]  ; 2.5 V        ; 0 in              ; 0 H/in                  ; 0 F/in                  ; short         ; -                   ; open           ; open             ; open   ; 0 in             ; 0 H/in                 ; 0 F/in                 ; short        ; open          ; open            ; open  ; 0 V                 ; -                  ; n/a           ; n/a             ; n/a         ;
; result_r[15]  ; 2.5 V        ; 0 in              ; 0 H/in                  ; 0 F/in                  ; short         ; -                   ; open           ; open             ; open   ; 0 in             ; 0 H/in                 ; 0 F/in                 ; short        ; open          ; open            ; open  ; 0 V                 ; -                  ; n/a           ; n/a             ; n/a         ;
; result_i[0]   ; 2.5 V        ; 0 in              ; 0 H/in                  ; 0 F/in                  ; short         ; -                   ; open           ; open             ; open   ; 0 in             ; 0 H/in                 ; 0 F/in                 ; short        ; open          ; open            ; open  ; 0 V                 ; -                  ; n/a           ; n/a             ; n/a         ;
; result_i[1]   ; 2.5 V        ; 0 in              ; 0 H/in                  ; 0 F/in                  ; short         ; -                   ; open           ; open             ; open   ; 0 in             ; 0 H/in                 ; 0 F/in                 ; short        ; open          ; open            ; open  ; 0 V                 ; -                  ; n/a           ; n/a             ; n/a         ;
; result_i[2]   ; 2.5 V        ; 0 in              ; 0 H/in                  ; 0 F/in                  ; short         ; -                   ; open           ; open             ; open   ; 0 in             ; 0 H/in                 ; 0 F/in                 ; short        ; open          ; open            ; open  ; 0 V                 ; -                  ; n/a           ; n/a             ; n/a         ;
; result_i[3]   ; 2.5 V        ; 0 in              ; 0 H/in                  ; 0 F/in                  ; short         ; -                   ; open           ; open             ; open   ; 0 in             ; 0 H/in                 ; 0 F/in                 ; short        ; open          ; open            ; open  ; 0 V                 ; -                  ; n/a           ; n/a             ; n/a         ;
; result_i[4]   ; 2.5 V        ; 0 in              ; 0 H/in                  ; 0 F/in                  ; short         ; -                   ; open           ; open             ; open   ; 0 in             ; 0 H/in                 ; 0 F/in                 ; short        ; open          ; open            ; open  ; 0 V                 ; -                  ; n/a           ; n/a             ; n/a         ;
; result_i[5]   ; 2.5 V        ; 0 in              ; 0 H/in                  ; 0 F/in                  ; short         ; -                   ; open           ; open             ; open   ; 0 in             ; 0 H/in                 ; 0 F/in                 ; short        ; open          ; open            ; open  ; 0 V                 ; -                  ; n/a           ; n/a             ; n/a         ;
; result_i[6]   ; 2.5 V        ; 0 in              ; 0 H/in                  ; 0 F/in                  ; short         ; -                   ; open           ; open             ; open   ; 0 in             ; 0 H/in                 ; 0 F/in                 ; short        ; open          ; open            ; open  ; 0 V                 ; -                  ; n/a           ; n/a             ; n/a         ;
; result_i[7]   ; 2.5 V        ; 0 in              ; 0 H/in                  ; 0 F/in                  ; short         ; -                   ; open           ; open             ; open   ; 0 in             ; 0 H/in                 ; 0 F/in                 ; short        ; open          ; open            ; open  ; 0 V                 ; -                  ; n/a           ; n/a             ; n/a         ;
; result_i[8]   ; 2.5 V        ; 0 in              ; 0 H/in                  ; 0 F/in                  ; short         ; -                   ; open           ; open             ; open   ; 0 in             ; 0 H/in                 ; 0 F/in                 ; short        ; open          ; open            ; open  ; 0 V                 ; -                  ; n/a           ; n/a             ; n/a         ;
; result_i[9]   ; 2.5 V        ; 0 in              ; 0 H/in                  ; 0 F/in                  ; short         ; -                   ; open           ; open             ; open   ; 0 in             ; 0 H/in                 ; 0 F/in                 ; short        ; open          ; open            ; open  ; 0 V                 ; -                  ; n/a           ; n/a             ; n/a         ;
; result_i[10]  ; 2.5 V        ; 0 in              ; 0 H/in                  ; 0 F/in                  ; short         ; -                   ; open           ; open             ; open   ; 0 in             ; 0 H/in                 ; 0 F/in                 ; short        ; open          ; open            ; open  ; 0 V                 ; -                  ; n/a           ; n/a             ; n/a         ;
; result_i[11]  ; 2.5 V        ; 0 in              ; 0 H/in                  ; 0 F/in                  ; short         ; -                   ; open           ; open             ; open   ; 0 in             ; 0 H/in                 ; 0 F/in                 ; short        ; open          ; open            ; open  ; 0 V                 ; -                  ; n/a           ; n/a             ; n/a         ;
; result_i[12]  ; 2.5 V        ; 0 in              ; 0 H/in                  ; 0 F/in                  ; short         ; -                   ; open           ; open             ; open   ; 0 in             ; 0 H/in                 ; 0 F/in                 ; short        ; open          ; open            ; open  ; 0 V                 ; -                  ; n/a           ; n/a             ; n/a         ;
; result_i[13]  ; 2.5 V        ; 0 in              ; 0 H/in                  ; 0 F/in                  ; short         ; -                   ; open           ; open             ; open   ; 0 in             ; 0 H/in                 ; 0 F/in                 ; short        ; open          ; open            ; open  ; 0 V                 ; -                  ; n/a           ; n/a             ; n/a         ;
; result_i[14]  ; 2.5 V        ; 0 in              ; 0 H/in                  ; 0 F/in                  ; short         ; -                   ; open           ; open             ; open   ; 0 in             ; 0 H/in                 ; 0 F/in                 ; short        ; open          ; open            ; open  ; 0 V                 ; -                  ; n/a           ; n/a             ; n/a         ;
; result_i[15]  ; 2.5 V        ; 0 in              ; 0 H/in                  ; 0 F/in                  ; short         ; -                   ; open           ; open             ; open   ; 0 in             ; 0 H/in                 ; 0 F/in                 ; short        ; open          ; open            ; open  ; 0 V                 ; -                  ; n/a           ; n/a             ; n/a         ;
; done          ; 2.5 V        ; 0 in              ; 0 H/in                  ; 0 F/in                  ; short         ; -                   ; open           ; open             ; open   ; 0 in             ; 0 H/in                 ; 0 F/in                 ; short        ; open          ; open            ; open  ; 0 V                 ; -                  ; n/a           ; n/a             ; n/a         ;
; current_pc[0] ; 2.5 V        ; 0 in              ; 0 H/in                  ; 0 F/in                  ; short         ; -                   ; open           ; open             ; open   ; 0 in             ; 0 H/in                 ; 0 F/in                 ; short        ; open          ; open            ; open  ; 0 V                 ; -                  ; n/a           ; n/a             ; n/a         ;
; current_pc[1] ; 2.5 V        ; 0 in              ; 0 H/in                  ; 0 F/in                  ; short         ; -                   ; open           ; open             ; open   ; 0 in             ; 0 H/in                 ; 0 F/in                 ; short        ; open          ; open            ; open  ; 0 V                 ; -                  ; n/a           ; n/a             ; n/a         ;
; current_pc[2] ; 2.5 V        ; 0 in              ; 0 H/in                  ; 0 F/in                  ; short         ; -                   ; open           ; open             ; open   ; 0 in             ; 0 H/in                 ; 0 F/in                 ; short        ; open          ; open            ; open  ; 0 V                 ; -                  ; n/a           ; n/a             ; n/a         ;
; current_pc[3] ; 2.5 V        ; 0 in              ; 0 H/in                  ; 0 F/in                  ; short         ; -                   ; open           ; open             ; open   ; 0 in             ; 0 H/in                 ; 0 F/in                 ; short        ; open          ; open            ; open  ; 0 V                 ; -                  ; n/a           ; n/a             ; n/a         ;
; current_pc[4] ; 2.5 V        ; 0 in              ; 0 H/in                  ; 0 F/in                  ; short         ; -                   ; open           ; open             ; open   ; 0 in             ; 0 H/in                 ; 0 F/in                 ; short        ; open          ; open            ; open  ; 0 V                 ; -                  ; n/a           ; n/a             ; n/a         ;
; ~ALTERA_NCEO~ ; 2.5 V        ; 0 in              ; 0 H/in                  ; 0 F/in                  ; short         ; -                   ; open           ; open             ; open   ; 0 in             ; 0 H/in                 ; 0 F/in                 ; short        ; open          ; open            ; open  ; 0 V                 ; -                  ; n/a           ; n/a             ; n/a         ;
; ~ALTERA_DCLK~ ; 2.5 V        ; 0 in              ; 0 H/in                  ; 0 F/in                  ; short         ; -                   ; open           ; open             ; open   ; 0 in             ; 0 H/in                 ; 0 F/in                 ; short        ; open          ; open            ; open  ; 0 V                 ; -                  ; n/a           ; n/a             ; n/a         ;
+---------------+--------------+-------------------+-------------------------+-------------------------+---------------+---------------------+----------------+------------------+--------+------------------+------------------------+------------------------+--------------+---------------+-----------------+-------+---------------------+--------------------+---------------+-----------------+-------------+


+-------------------------------------------------------------------+
; Input Transition Times                                            ;
+----------------+--------------+-----------------+-----------------+
; Pin            ; I/O Standard ; 10-90 Rise Time ; 90-10 Fall Time ;
+----------------+--------------+-----------------+-----------------+
; clk            ; 2.5 V        ; 2000 ps         ; 2000 ps         ;
; rst            ; 2.5 V        ; 2000 ps         ; 2000 ps         ;
; data_Bi[0]     ; 2.5 V        ; 2000 ps         ; 2000 ps         ;
; data_Br[0]     ; 2.5 V        ; 2000 ps         ; 2000 ps         ;
; data_Ai[0]     ; 2.5 V        ; 2000 ps         ; 2000 ps         ;
; data_Ar[0]     ; 2.5 V        ; 2000 ps         ; 2000 ps         ;
; data_Bi[1]     ; 2.5 V        ; 2000 ps         ; 2000 ps         ;
; data_Br[1]     ; 2.5 V        ; 2000 ps         ; 2000 ps         ;
; data_Ai[1]     ; 2.5 V        ; 2000 ps         ; 2000 ps         ;
; data_Ar[1]     ; 2.5 V        ; 2000 ps         ; 2000 ps         ;
; data_Bi[2]     ; 2.5 V        ; 2000 ps         ; 2000 ps         ;
; data_Br[2]     ; 2.5 V        ; 2000 ps         ; 2000 ps         ;
; data_Ai[2]     ; 2.5 V        ; 2000 ps         ; 2000 ps         ;
; data_Ar[2]     ; 2.5 V        ; 2000 ps         ; 2000 ps         ;
; data_Bi[3]     ; 2.5 V        ; 2000 ps         ; 2000 ps         ;
; data_Br[3]     ; 2.5 V        ; 2000 ps         ; 2000 ps         ;
; data_Ai[3]     ; 2.5 V        ; 2000 ps         ; 2000 ps         ;
; data_Ar[3]     ; 2.5 V        ; 2000 ps         ; 2000 ps         ;
; data_Bi[4]     ; 2.5 V        ; 2000 ps         ; 2000 ps         ;
; data_Br[4]     ; 2.5 V        ; 2000 ps         ; 2000 ps         ;
; data_Ai[4]     ; 2.5 V        ; 2000 ps         ; 2000 ps         ;
; data_Ar[4]     ; 2.5 V        ; 2000 ps         ; 2000 ps         ;
; data_Bi[5]     ; 2.5 V        ; 2000 ps         ; 2000 ps         ;
; data_Br[5]     ; 2.5 V        ; 2000 ps         ; 2000 ps         ;
; data_Ai[5]     ; 2.5 V        ; 2000 ps         ; 2000 ps         ;
; data_Ar[5]     ; 2.5 V        ; 2000 ps         ; 2000 ps         ;
; data_Bi[6]     ; 2.5 V        ; 2000 ps         ; 2000 ps         ;
; data_Br[6]     ; 2.5 V        ; 2000 ps         ; 2000 ps         ;
; data_Ai[6]     ; 2.5 V        ; 2000 ps         ; 2000 ps         ;
; data_Ar[6]     ; 2.5 V        ; 2000 ps         ; 2000 ps         ;
; data_Bi[7]     ; 2.5 V        ; 2000 ps         ; 2000 ps         ;
; data_Br[7]     ; 2.5 V        ; 2000 ps         ; 2000 ps         ;
; data_Ai[7]     ; 2.5 V        ; 2000 ps         ; 2000 ps         ;
; data_Ar[7]     ; 2.5 V        ; 2000 ps         ; 2000 ps         ;
; ~ALTERA_DATA0~ ; 2.5 V        ; 2000 ps         ; 2000 ps         ;
; ~ALTERA_ASDO~  ; 2.5 V        ; 2000 ps         ; 2000 ps         ;
; ~ALTERA_NCSO~  ; 2.5 V        ; 2000 ps         ; 2000 ps         ;
+----------------+--------------+-----------------+-----------------+


+--------------------------------------------------------------------------------------------------------------------------------------------------------------------------------------------------------------------------------------------------------------------------------------------------------------------------------------------------------------------------------------------------------------------------------------------------------------------------------------------------------------------------------------------------------------------------------------------------------------------------------------------------------------------------------------------+
; Signal Integrity Metrics (Slow 1200mv 0c Model)                                                                                                                                                                                                                                                                                                                                                                                                                                                                                                                                                                                                                                            ;
+---------------+--------------+---------------------+---------------------+------------------------------+------------------------------+---------------------+---------------------+--------------------------------------+--------------------------------------+-----------------------------+-----------------------------+----------------------------+----------------------------+-----------------------------+-----------------------------+--------------------+--------------------+-------------------------------------+-------------------------------------+----------------------------+----------------------------+---------------------------+---------------------------+
; Pin           ; I/O Standard ; Board Delay on Rise ; Board Delay on Fall ; Steady State Voh at FPGA Pin ; Steady State Vol at FPGA Pin ; Voh Max at FPGA Pin ; Vol Min at FPGA Pin ; Ringback Voltage on Rise at FPGA Pin ; Ringback Voltage on Fall at FPGA Pin ; 10-90 Rise Time at FPGA Pin ; 90-10 Fall Time at FPGA Pin ; Monotonic Rise at FPGA Pin ; Monotonic Fall at FPGA Pin ; Steady State Voh at Far-end ; Steady State Vol at Far-end ; Voh Max at Far-end ; Vol Min at Far-end ; Ringback Voltage on Rise at Far-end ; Ringback Voltage on Fall at Far-end ; 10-90 Rise Time at Far-end ; 90-10 Fall Time at Far-end ; Monotonic Rise at Far-end ; Monotonic Fall at Far-end ;
+---------------+--------------+---------------------+---------------------+------------------------------+------------------------------+---------------------+---------------------+--------------------------------------+--------------------------------------+-----------------------------+-----------------------------+----------------------------+----------------------------+-----------------------------+-----------------------------+--------------------+--------------------+-------------------------------------+-------------------------------------+----------------------------+----------------------------+---------------------------+---------------------------+
; result_r[0]   ; 2.5 V        ; 0 s                 ; 0 s                 ; 2.32 V                       ; 7.29e-09 V                   ; 2.34 V              ; -0.00668 V          ; 0.218 V                              ; 0.076 V                              ; 1.92e-09 s                  ; 1.81e-09 s                  ; No                         ; Yes                        ; 2.32 V                      ; 7.29e-09 V                  ; 2.34 V             ; -0.00668 V         ; 0.218 V                             ; 0.076 V                             ; 1.92e-09 s                 ; 1.81e-09 s                 ; No                        ; Yes                       ;
; result_r[1]   ; 2.5 V        ; 0 s                 ; 0 s                 ; 2.32 V                       ; 7.29e-09 V                   ; 2.39 V              ; -0.00317 V          ; 0.179 V                              ; 0.007 V                              ; 4.7e-10 s                   ; 4.72e-10 s                  ; No                         ; Yes                        ; 2.32 V                      ; 7.29e-09 V                  ; 2.39 V             ; -0.00317 V         ; 0.179 V                             ; 0.007 V                             ; 4.7e-10 s                  ; 4.72e-10 s                 ; No                        ; Yes                       ;
; result_r[2]   ; 2.5 V        ; 0 s                 ; 0 s                 ; 2.32 V                       ; 7.29e-09 V                   ; 2.39 V              ; -0.00317 V          ; 0.179 V                              ; 0.007 V                              ; 4.7e-10 s                   ; 4.72e-10 s                  ; No                         ; Yes                        ; 2.32 V                      ; 7.29e-09 V                  ; 2.39 V             ; -0.00317 V         ; 0.179 V                             ; 0.007 V                             ; 4.7e-10 s                  ; 4.72e-10 s                 ; No                        ; Yes                       ;
; result_r[3]   ; 2.5 V        ; 0 s                 ; 0 s                 ; 2.32 V                       ; 7.29e-09 V                   ; 2.39 V              ; -0.00317 V          ; 0.179 V                              ; 0.007 V                              ; 4.7e-10 s                   ; 4.72e-10 s                  ; No                         ; Yes                        ; 2.32 V                      ; 7.29e-09 V                  ; 2.39 V             ; -0.00317 V         ; 0.179 V                             ; 0.007 V                             ; 4.7e-10 s                  ; 4.72e-10 s                 ; No                        ; Yes                       ;
; result_r[4]   ; 2.5 V        ; 0 s                 ; 0 s                 ; 2.32 V                       ; 7.29e-09 V                   ; 2.39 V              ; -0.00317 V          ; 0.179 V                              ; 0.007 V                              ; 4.7e-10 s                   ; 4.72e-10 s                  ; No                         ; Yes                        ; 2.32 V                      ; 7.29e-09 V                  ; 2.39 V             ; -0.00317 V         ; 0.179 V                             ; 0.007 V                             ; 4.7e-10 s                  ; 4.72e-10 s                 ; No                        ; Yes                       ;
; result_r[5]   ; 2.5 V        ; 0 s                 ; 0 s                 ; 2.32 V                       ; 7.29e-09 V                   ; 2.39 V              ; -0.00317 V          ; 0.179 V                              ; 0.007 V                              ; 4.7e-10 s                   ; 4.72e-10 s                  ; No                         ; Yes                        ; 2.32 V                      ; 7.29e-09 V                  ; 2.39 V             ; -0.00317 V         ; 0.179 V                             ; 0.007 V                             ; 4.7e-10 s                  ; 4.72e-10 s                 ; No                        ; Yes                       ;
; result_r[6]   ; 2.5 V        ; 0 s                 ; 0 s                 ; 2.32 V                       ; 7.29e-09 V                   ; 2.39 V              ; -0.00317 V          ; 0.179 V                              ; 0.007 V                              ; 4.7e-10 s                   ; 4.72e-10 s                  ; No                         ; Yes                        ; 2.32 V                      ; 7.29e-09 V                  ; 2.39 V             ; -0.00317 V         ; 0.179 V                             ; 0.007 V                             ; 4.7e-10 s                  ; 4.72e-10 s                 ; No                        ; Yes                       ;
; result_r[7]   ; 2.5 V        ; 0 s                 ; 0 s                 ; 2.32 V                       ; 7.29e-09 V                   ; 2.39 V              ; -0.00317 V          ; 0.179 V                              ; 0.007 V                              ; 4.7e-10 s                   ; 4.72e-10 s                  ; No                         ; Yes                        ; 2.32 V                      ; 7.29e-09 V                  ; 2.39 V             ; -0.00317 V         ; 0.179 V                             ; 0.007 V                             ; 4.7e-10 s                  ; 4.72e-10 s                 ; No                        ; Yes                       ;
; result_r[8]   ; 2.5 V        ; 0 s                 ; 0 s                 ; 2.32 V                       ; 7.29e-09 V                   ; 2.39 V              ; -0.00317 V          ; 0.179 V                              ; 0.007 V                              ; 4.7e-10 s                   ; 4.72e-10 s                  ; No                         ; Yes                        ; 2.32 V                      ; 7.29e-09 V                  ; 2.39 V             ; -0.00317 V         ; 0.179 V                             ; 0.007 V                             ; 4.7e-10 s                  ; 4.72e-10 s                 ; No                        ; Yes                       ;
; result_r[9]   ; 2.5 V        ; 0 s                 ; 0 s                 ; 2.32 V                       ; 7.29e-09 V                   ; 2.39 V              ; -0.00317 V          ; 0.179 V                              ; 0.007 V                              ; 4.7e-10 s                   ; 4.72e-10 s                  ; No                         ; Yes                        ; 2.32 V                      ; 7.29e-09 V                  ; 2.39 V             ; -0.00317 V         ; 0.179 V                             ; 0.007 V                             ; 4.7e-10 s                  ; 4.72e-10 s                 ; No                        ; Yes                       ;
; result_r[10]  ; 2.5 V        ; 0 s                 ; 0 s                 ; 2.32 V                       ; 7.29e-09 V                   ; 2.39 V              ; -0.00317 V          ; 0.179 V                              ; 0.007 V                              ; 4.7e-10 s                   ; 4.72e-10 s                  ; No                         ; Yes                        ; 2.32 V                      ; 7.29e-09 V                  ; 2.39 V             ; -0.00317 V         ; 0.179 V                             ; 0.007 V                             ; 4.7e-10 s                  ; 4.72e-10 s                 ; No                        ; Yes                       ;
; result_r[11]  ; 2.5 V        ; 0 s                 ; 0 s                 ; 2.32 V                       ; 7.29e-09 V                   ; 2.39 V              ; -0.00317 V          ; 0.179 V                              ; 0.007 V                              ; 4.7e-10 s                   ; 4.72e-10 s                  ; No                         ; Yes                        ; 2.32 V                      ; 7.29e-09 V                  ; 2.39 V             ; -0.00317 V         ; 0.179 V                             ; 0.007 V                             ; 4.7e-10 s                  ; 4.72e-10 s                 ; No                        ; Yes                       ;
; result_r[12]  ; 2.5 V        ; 0 s                 ; 0 s                 ; 2.32 V                       ; 7.29e-09 V                   ; 2.39 V              ; -0.00317 V          ; 0.179 V                              ; 0.007 V                              ; 4.7e-10 s                   ; 4.72e-10 s                  ; No                         ; Yes                        ; 2.32 V                      ; 7.29e-09 V                  ; 2.39 V             ; -0.00317 V         ; 0.179 V                             ; 0.007 V                             ; 4.7e-10 s                  ; 4.72e-10 s                 ; No                        ; Yes                       ;
; result_r[13]  ; 2.5 V        ; 0 s                 ; 0 s                 ; 2.32 V                       ; 7.29e-09 V                   ; 2.39 V              ; -0.00317 V          ; 0.179 V                              ; 0.007 V                              ; 4.7e-10 s                   ; 4.72e-10 s                  ; No                         ; Yes                        ; 2.32 V                      ; 7.29e-09 V                  ; 2.39 V             ; -0.00317 V         ; 0.179 V                             ; 0.007 V                             ; 4.7e-10 s                  ; 4.72e-10 s                 ; No                        ; Yes                       ;
; result_r[14]  ; 2.5 V        ; 0 s                 ; 0 s                 ; 2.32 V                       ; 5.16e-09 V                   ; 2.37 V              ; -0.00861 V          ; 0.168 V                              ; 0.038 V                              ; 6.79e-10 s                  ; 6.49e-10 s                  ; No                         ; Yes                        ; 2.32 V                      ; 5.16e-09 V                  ; 2.37 V             ; -0.00861 V         ; 0.168 V                             ; 0.038 V                             ; 6.79e-10 s                 ; 6.49e-10 s                 ; No                        ; Yes                       ;
; result_r[15]  ; 2.5 V        ; 0 s                 ; 0 s                 ; 2.32 V                       ; 7.29e-09 V                   ; 2.39 V              ; -0.00339 V          ; 0.206 V                              ; 0.007 V                              ; 2.77e-10 s                  ; 3.24e-10 s                  ; Yes                        ; Yes                        ; 2.32 V                      ; 7.29e-09 V                  ; 2.39 V             ; -0.00339 V         ; 0.206 V                             ; 0.007 V                             ; 2.77e-10 s                 ; 3.24e-10 s                 ; Yes                       ; Yes                       ;
; result_i[0]   ; 2.5 V        ; 0 s                 ; 0 s                 ; 2.32 V                       ; 7.29e-09 V                   ; 2.39 V              ; -0.00339 V          ; 0.206 V                              ; 0.007 V                              ; 2.77e-10 s                  ; 3.24e-10 s                  ; Yes                        ; Yes                        ; 2.32 V                      ; 7.29e-09 V                  ; 2.39 V             ; -0.00339 V         ; 0.206 V                             ; 0.007 V                             ; 2.77e-10 s                 ; 3.24e-10 s                 ; Yes                       ; Yes                       ;
; result_i[1]   ; 2.5 V        ; 0 s                 ; 0 s                 ; 2.32 V                       ; 7.29e-09 V                   ; 2.34 V              ; -0.00668 V          ; 0.218 V                              ; 0.076 V                              ; 1.92e-09 s                  ; 1.81e-09 s                  ; No                         ; Yes                        ; 2.32 V                      ; 7.29e-09 V                  ; 2.34 V             ; -0.00668 V         ; 0.218 V                             ; 0.076 V                             ; 1.92e-09 s                 ; 1.81e-09 s                 ; No                        ; Yes                       ;
; result_i[2]   ; 2.5 V        ; 0 s                 ; 0 s                 ; 2.32 V                       ; 7.29e-09 V                   ; 2.39 V              ; -0.00317 V          ; 0.179 V                              ; 0.007 V                              ; 4.7e-10 s                   ; 4.72e-10 s                  ; No                         ; Yes                        ; 2.32 V                      ; 7.29e-09 V                  ; 2.39 V             ; -0.00317 V         ; 0.179 V                             ; 0.007 V                             ; 4.7e-10 s                  ; 4.72e-10 s                 ; No                        ; Yes                       ;
; result_i[3]   ; 2.5 V        ; 0 s                 ; 0 s                 ; 2.32 V                       ; 7.29e-09 V                   ; 2.39 V              ; -0.00317 V          ; 0.179 V                              ; 0.007 V                              ; 4.7e-10 s                   ; 4.72e-10 s                  ; No                         ; Yes                        ; 2.32 V                      ; 7.29e-09 V                  ; 2.39 V             ; -0.00317 V         ; 0.179 V                             ; 0.007 V                             ; 4.7e-10 s                  ; 4.72e-10 s                 ; No                        ; Yes                       ;
; result_i[4]   ; 2.5 V        ; 0 s                 ; 0 s                 ; 2.32 V                       ; 7.29e-09 V                   ; 2.39 V              ; -0.00317 V          ; 0.179 V                              ; 0.007 V                              ; 4.7e-10 s                   ; 4.72e-10 s                  ; No                         ; Yes                        ; 2.32 V                      ; 7.29e-09 V                  ; 2.39 V             ; -0.00317 V         ; 0.179 V                             ; 0.007 V                             ; 4.7e-10 s                  ; 4.72e-10 s                 ; No                        ; Yes                       ;
; result_i[5]   ; 2.5 V        ; 0 s                 ; 0 s                 ; 2.32 V                       ; 7.29e-09 V                   ; 2.39 V              ; -0.00339 V          ; 0.206 V                              ; 0.007 V                              ; 2.77e-10 s                  ; 3.24e-10 s                  ; Yes                        ; Yes                        ; 2.32 V                      ; 7.29e-09 V                  ; 2.39 V             ; -0.00339 V         ; 0.206 V                             ; 0.007 V                             ; 2.77e-10 s                 ; 3.24e-10 s                 ; Yes                       ; Yes                       ;
; result_i[6]   ; 2.5 V        ; 0 s                 ; 0 s                 ; 2.32 V                       ; 7.29e-09 V                   ; 2.39 V              ; -0.00317 V          ; 0.179 V                              ; 0.007 V                              ; 4.7e-10 s                   ; 4.72e-10 s                  ; No                         ; Yes                        ; 2.32 V                      ; 7.29e-09 V                  ; 2.39 V             ; -0.00317 V         ; 0.179 V                             ; 0.007 V                             ; 4.7e-10 s                  ; 4.72e-10 s                 ; No                        ; Yes                       ;
; result_i[7]   ; 2.5 V        ; 0 s                 ; 0 s                 ; 2.32 V                       ; 7.29e-09 V                   ; 2.39 V              ; -0.00317 V          ; 0.179 V                              ; 0.007 V                              ; 4.7e-10 s                   ; 4.72e-10 s                  ; No                         ; Yes                        ; 2.32 V                      ; 7.29e-09 V                  ; 2.39 V             ; -0.00317 V         ; 0.179 V                             ; 0.007 V                             ; 4.7e-10 s                  ; 4.72e-10 s                 ; No                        ; Yes                       ;
; result_i[8]   ; 2.5 V        ; 0 s                 ; 0 s                 ; 2.32 V                       ; 5.16e-09 V                   ; 2.37 V              ; -0.00861 V          ; 0.168 V                              ; 0.038 V                              ; 6.79e-10 s                  ; 6.49e-10 s                  ; No                         ; Yes                        ; 2.32 V                      ; 5.16e-09 V                  ; 2.37 V             ; -0.00861 V         ; 0.168 V                             ; 0.038 V                             ; 6.79e-10 s                 ; 6.49e-10 s                 ; No                        ; Yes                       ;
; result_i[9]   ; 2.5 V        ; 0 s                 ; 0 s                 ; 2.32 V                       ; 7.29e-09 V                   ; 2.39 V              ; -0.00317 V          ; 0.179 V                              ; 0.007 V                              ; 4.7e-10 s                   ; 4.72e-10 s                  ; No                         ; Yes                        ; 2.32 V                      ; 7.29e-09 V                  ; 2.39 V             ; -0.00317 V         ; 0.179 V                             ; 0.007 V                             ; 4.7e-10 s                  ; 4.72e-10 s                 ; No                        ; Yes                       ;
; result_i[10]  ; 2.5 V        ; 0 s                 ; 0 s                 ; 2.32 V                       ; 7.29e-09 V                   ; 2.39 V              ; -0.00317 V          ; 0.179 V                              ; 0.007 V                              ; 4.7e-10 s                   ; 4.72e-10 s                  ; No                         ; Yes                        ; 2.32 V                      ; 7.29e-09 V                  ; 2.39 V             ; -0.00317 V         ; 0.179 V                             ; 0.007 V                             ; 4.7e-10 s                  ; 4.72e-10 s                 ; No                        ; Yes                       ;
; result_i[11]  ; 2.5 V        ; 0 s                 ; 0 s                 ; 2.32 V                       ; 7.29e-09 V                   ; 2.39 V              ; -0.00339 V          ; 0.206 V                              ; 0.007 V                              ; 2.77e-10 s                  ; 3.24e-10 s                  ; Yes                        ; Yes                        ; 2.32 V                      ; 7.29e-09 V                  ; 2.39 V             ; -0.00339 V         ; 0.206 V                             ; 0.007 V                             ; 2.77e-10 s                 ; 3.24e-10 s                 ; Yes                       ; Yes                       ;
; result_i[12]  ; 2.5 V        ; 0 s                 ; 0 s                 ; 2.32 V                       ; 7.29e-09 V                   ; 2.39 V              ; -0.00317 V          ; 0.179 V                              ; 0.007 V                              ; 4.7e-10 s                   ; 4.72e-10 s                  ; No                         ; Yes                        ; 2.32 V                      ; 7.29e-09 V                  ; 2.39 V             ; -0.00317 V         ; 0.179 V                             ; 0.007 V                             ; 4.7e-10 s                  ; 4.72e-10 s                 ; No                        ; Yes                       ;
; result_i[13]  ; 2.5 V        ; 0 s                 ; 0 s                 ; 2.32 V                       ; 7.29e-09 V                   ; 2.39 V              ; -0.00317 V          ; 0.179 V                              ; 0.007 V                              ; 4.7e-10 s                   ; 4.72e-10 s                  ; No                         ; Yes                        ; 2.32 V                      ; 7.29e-09 V                  ; 2.39 V             ; -0.00317 V         ; 0.179 V                             ; 0.007 V                             ; 4.7e-10 s                  ; 4.72e-10 s                 ; No                        ; Yes                       ;
; result_i[14]  ; 2.5 V        ; 0 s                 ; 0 s                 ; 2.32 V                       ; 7.29e-09 V                   ; 2.39 V              ; -0.00317 V          ; 0.179 V                              ; 0.007 V                              ; 4.7e-10 s                   ; 4.72e-10 s                  ; No                         ; Yes                        ; 2.32 V                      ; 7.29e-09 V                  ; 2.39 V             ; -0.00317 V         ; 0.179 V                             ; 0.007 V                             ; 4.7e-10 s                  ; 4.72e-10 s                 ; No                        ; Yes                       ;
; result_i[15]  ; 2.5 V        ; 0 s                 ; 0 s                 ; 2.32 V                       ; 7.29e-09 V                   ; 2.39 V              ; -0.00317 V          ; 0.179 V                              ; 0.007 V                              ; 4.7e-10 s                   ; 4.72e-10 s                  ; No                         ; Yes                        ; 2.32 V                      ; 7.29e-09 V                  ; 2.39 V             ; -0.00317 V         ; 0.179 V                             ; 0.007 V                             ; 4.7e-10 s                  ; 4.72e-10 s                 ; No                        ; Yes                       ;
; done          ; 2.5 V        ; 0 s                 ; 0 s                 ; 2.32 V                       ; 7.29e-09 V                   ; 2.39 V              ; -0.00339 V          ; 0.206 V                              ; 0.007 V                              ; 2.77e-10 s                  ; 3.24e-10 s                  ; Yes                        ; Yes                        ; 2.32 V                      ; 7.29e-09 V                  ; 2.39 V             ; -0.00339 V         ; 0.206 V                             ; 0.007 V                             ; 2.77e-10 s                 ; 3.24e-10 s                 ; Yes                       ; Yes                       ;
; current_pc[0] ; 2.5 V        ; 0 s                 ; 0 s                 ; 2.32 V                       ; 7.29e-09 V                   ; 2.39 V              ; -0.00317 V          ; 0.179 V                              ; 0.007 V                              ; 4.7e-10 s                   ; 4.72e-10 s                  ; No                         ; Yes                        ; 2.32 V                      ; 7.29e-09 V                  ; 2.39 V             ; -0.00317 V         ; 0.179 V                             ; 0.007 V                             ; 4.7e-10 s                  ; 4.72e-10 s                 ; No                        ; Yes                       ;
; current_pc[1] ; 2.5 V        ; 0 s                 ; 0 s                 ; 2.32 V                       ; 7.29e-09 V                   ; 2.39 V              ; -0.00317 V          ; 0.179 V                              ; 0.007 V                              ; 4.7e-10 s                   ; 4.72e-10 s                  ; No                         ; Yes                        ; 2.32 V                      ; 7.29e-09 V                  ; 2.39 V             ; -0.00317 V         ; 0.179 V                             ; 0.007 V                             ; 4.7e-10 s                  ; 4.72e-10 s                 ; No                        ; Yes                       ;
; current_pc[2] ; 2.5 V        ; 0 s                 ; 0 s                 ; 2.32 V                       ; 7.29e-09 V                   ; 2.39 V              ; -0.00317 V          ; 0.179 V                              ; 0.007 V                              ; 4.7e-10 s                   ; 4.72e-10 s                  ; No                         ; Yes                        ; 2.32 V                      ; 7.29e-09 V                  ; 2.39 V             ; -0.00317 V         ; 0.179 V                             ; 0.007 V                             ; 4.7e-10 s                  ; 4.72e-10 s                 ; No                        ; Yes                       ;
; current_pc[3] ; 2.5 V        ; 0 s                 ; 0 s                 ; 2.32 V                       ; 5.16e-09 V                   ; 2.37 V              ; -0.00861 V          ; 0.168 V                              ; 0.038 V                              ; 6.79e-10 s                  ; 6.49e-10 s                  ; No                         ; Yes                        ; 2.32 V                      ; 5.16e-09 V                  ; 2.37 V             ; -0.00861 V         ; 0.168 V                             ; 0.038 V                             ; 6.79e-10 s                 ; 6.49e-10 s                 ; No                        ; Yes                       ;
; current_pc[4] ; 2.5 V        ; 0 s                 ; 0 s                 ; 2.32 V                       ; 7.29e-09 V                   ; 2.39 V              ; -0.00317 V          ; 0.179 V                              ; 0.007 V                              ; 4.7e-10 s                   ; 4.72e-10 s                  ; No                         ; Yes                        ; 2.32 V                      ; 7.29e-09 V                  ; 2.39 V             ; -0.00317 V         ; 0.179 V                             ; 0.007 V                             ; 4.7e-10 s                  ; 4.72e-10 s                 ; No                        ; Yes                       ;
; ~ALTERA_NCEO~ ; 2.5 V        ; 0 s                 ; 0 s                 ; 2.32 V                       ; 4.76e-09 V                   ; 2.4 V               ; -0.034 V            ; 0.102 V                              ; 0.065 V                              ; 2.49e-10 s                  ; 3.49e-10 s                  ; Yes                        ; Yes                        ; 2.32 V                      ; 4.76e-09 V                  ; 2.4 V              ; -0.034 V           ; 0.102 V                             ; 0.065 V                             ; 2.49e-10 s                 ; 3.49e-10 s                 ; Yes                       ; Yes                       ;
; ~ALTERA_DCLK~ ; 2.5 V        ; 0 s                 ; 0 s                 ; 2.32 V                       ; 5.94e-09 V                   ; 2.39 V              ; -0.0344 V           ; 0.156 V                              ; 0.089 V                              ; 2.68e-10 s                  ; 2.6e-10 s                   ; Yes                        ; Yes                        ; 2.32 V                      ; 5.94e-09 V                  ; 2.39 V             ; -0.0344 V          ; 0.156 V                             ; 0.089 V                             ; 2.68e-10 s                 ; 2.6e-10 s                  ; Yes                       ; Yes                       ;
+---------------+--------------+---------------------+---------------------+------------------------------+------------------------------+---------------------+---------------------+--------------------------------------+--------------------------------------+-----------------------------+-----------------------------+----------------------------+----------------------------+-----------------------------+-----------------------------+--------------------+--------------------+-------------------------------------+-------------------------------------+----------------------------+----------------------------+---------------------------+---------------------------+


+--------------------------------------------------------------------------------------------------------------------------------------------------------------------------------------------------------------------------------------------------------------------------------------------------------------------------------------------------------------------------------------------------------------------------------------------------------------------------------------------------------------------------------------------------------------------------------------------------------------------------------------------------------------------------------------------+
; Signal Integrity Metrics (Slow 1200mv 85c Model)                                                                                                                                                                                                                                                                                                                                                                                                                                                                                                                                                                                                                                           ;
+---------------+--------------+---------------------+---------------------+------------------------------+------------------------------+---------------------+---------------------+--------------------------------------+--------------------------------------+-----------------------------+-----------------------------+----------------------------+----------------------------+-----------------------------+-----------------------------+--------------------+--------------------+-------------------------------------+-------------------------------------+----------------------------+----------------------------+---------------------------+---------------------------+
; Pin           ; I/O Standard ; Board Delay on Rise ; Board Delay on Fall ; Steady State Voh at FPGA Pin ; Steady State Vol at FPGA Pin ; Voh Max at FPGA Pin ; Vol Min at FPGA Pin ; Ringback Voltage on Rise at FPGA Pin ; Ringback Voltage on Fall at FPGA Pin ; 10-90 Rise Time at FPGA Pin ; 90-10 Fall Time at FPGA Pin ; Monotonic Rise at FPGA Pin ; Monotonic Fall at FPGA Pin ; Steady State Voh at Far-end ; Steady State Vol at Far-end ; Voh Max at Far-end ; Vol Min at Far-end ; Ringback Voltage on Rise at Far-end ; Ringback Voltage on Fall at Far-end ; 10-90 Rise Time at Far-end ; 90-10 Fall Time at Far-end ; Monotonic Rise at Far-end ; Monotonic Fall at Far-end ;
+---------------+--------------+---------------------+---------------------+------------------------------+------------------------------+---------------------+---------------------+--------------------------------------+--------------------------------------+-----------------------------+-----------------------------+----------------------------+----------------------------+-----------------------------+-----------------------------+--------------------+--------------------+-------------------------------------+-------------------------------------+----------------------------+----------------------------+---------------------------+---------------------------+
; result_r[0]   ; 2.5 V        ; 0 s                 ; 0 s                 ; 2.32 V                       ; 1.21e-06 V                   ; 2.33 V              ; -0.00286 V          ; 0.193 V                              ; 0.042 V                              ; 2.32e-09 s                  ; 2.21e-09 s                  ; Yes                        ; Yes                        ; 2.32 V                      ; 1.21e-06 V                  ; 2.33 V             ; -0.00286 V         ; 0.193 V                             ; 0.042 V                             ; 2.32e-09 s                 ; 2.21e-09 s                 ; Yes                       ; Yes                       ;
; result_r[1]   ; 2.5 V        ; 0 s                 ; 0 s                 ; 2.32 V                       ; 1.21e-06 V                   ; 2.36 V              ; -0.00833 V          ; 0.113 V                              ; 0.035 V                              ; 6.32e-10 s                  ; 5.89e-10 s                  ; No                         ; Yes                        ; 2.32 V                      ; 1.21e-06 V                  ; 2.36 V             ; -0.00833 V         ; 0.113 V                             ; 0.035 V                             ; 6.32e-10 s                 ; 5.89e-10 s                 ; No                        ; Yes                       ;
; result_r[2]   ; 2.5 V        ; 0 s                 ; 0 s                 ; 2.32 V                       ; 1.21e-06 V                   ; 2.36 V              ; -0.00833 V          ; 0.113 V                              ; 0.035 V                              ; 6.32e-10 s                  ; 5.89e-10 s                  ; No                         ; Yes                        ; 2.32 V                      ; 1.21e-06 V                  ; 2.36 V             ; -0.00833 V         ; 0.113 V                             ; 0.035 V                             ; 6.32e-10 s                 ; 5.89e-10 s                 ; No                        ; Yes                       ;
; result_r[3]   ; 2.5 V        ; 0 s                 ; 0 s                 ; 2.32 V                       ; 1.21e-06 V                   ; 2.36 V              ; -0.00833 V          ; 0.113 V                              ; 0.035 V                              ; 6.32e-10 s                  ; 5.89e-10 s                  ; No                         ; Yes                        ; 2.32 V                      ; 1.21e-06 V                  ; 2.36 V             ; -0.00833 V         ; 0.113 V                             ; 0.035 V                             ; 6.32e-10 s                 ; 5.89e-10 s                 ; No                        ; Yes                       ;
; result_r[4]   ; 2.5 V        ; 0 s                 ; 0 s                 ; 2.32 V                       ; 1.21e-06 V                   ; 2.36 V              ; -0.00833 V          ; 0.113 V                              ; 0.035 V                              ; 6.32e-10 s                  ; 5.89e-10 s                  ; No                         ; Yes                        ; 2.32 V                      ; 1.21e-06 V                  ; 2.36 V             ; -0.00833 V         ; 0.113 V                             ; 0.035 V                             ; 6.32e-10 s                 ; 5.89e-10 s                 ; No                        ; Yes                       ;
; result_r[5]   ; 2.5 V        ; 0 s                 ; 0 s                 ; 2.32 V                       ; 1.21e-06 V                   ; 2.36 V              ; -0.00833 V          ; 0.113 V                              ; 0.035 V                              ; 6.32e-10 s                  ; 5.89e-10 s                  ; No                         ; Yes                        ; 2.32 V                      ; 1.21e-06 V                  ; 2.36 V             ; -0.00833 V         ; 0.113 V                             ; 0.035 V                             ; 6.32e-10 s                 ; 5.89e-10 s                 ; No                        ; Yes                       ;
; result_r[6]   ; 2.5 V        ; 0 s                 ; 0 s                 ; 2.32 V                       ; 1.21e-06 V                   ; 2.36 V              ; -0.00833 V          ; 0.113 V                              ; 0.035 V                              ; 6.32e-10 s                  ; 5.89e-10 s                  ; No                         ; Yes                        ; 2.32 V                      ; 1.21e-06 V                  ; 2.36 V             ; -0.00833 V         ; 0.113 V                             ; 0.035 V                             ; 6.32e-10 s                 ; 5.89e-10 s                 ; No                        ; Yes                       ;
; result_r[7]   ; 2.5 V        ; 0 s                 ; 0 s                 ; 2.32 V                       ; 1.21e-06 V                   ; 2.36 V              ; -0.00833 V          ; 0.113 V                              ; 0.035 V                              ; 6.32e-10 s                  ; 5.89e-10 s                  ; No                         ; Yes                        ; 2.32 V                      ; 1.21e-06 V                  ; 2.36 V             ; -0.00833 V         ; 0.113 V                             ; 0.035 V                             ; 6.32e-10 s                 ; 5.89e-10 s                 ; No                        ; Yes                       ;
; result_r[8]   ; 2.5 V        ; 0 s                 ; 0 s                 ; 2.32 V                       ; 1.21e-06 V                   ; 2.36 V              ; -0.00833 V          ; 0.113 V                              ; 0.035 V                              ; 6.32e-10 s                  ; 5.89e-10 s                  ; No                         ; Yes                        ; 2.32 V                      ; 1.21e-06 V                  ; 2.36 V             ; -0.00833 V         ; 0.113 V                             ; 0.035 V                             ; 6.32e-10 s                 ; 5.89e-10 s                 ; No                        ; Yes                       ;
; result_r[9]   ; 2.5 V        ; 0 s                 ; 0 s                 ; 2.32 V                       ; 1.21e-06 V                   ; 2.36 V              ; -0.00833 V          ; 0.113 V                              ; 0.035 V                              ; 6.32e-10 s                  ; 5.89e-10 s                  ; No                         ; Yes                        ; 2.32 V                      ; 1.21e-06 V                  ; 2.36 V             ; -0.00833 V         ; 0.113 V                             ; 0.035 V                             ; 6.32e-10 s                 ; 5.89e-10 s                 ; No                        ; Yes                       ;
; result_r[10]  ; 2.5 V        ; 0 s                 ; 0 s                 ; 2.32 V                       ; 1.21e-06 V                   ; 2.36 V              ; -0.00833 V          ; 0.113 V                              ; 0.035 V                              ; 6.32e-10 s                  ; 5.89e-10 s                  ; No                         ; Yes                        ; 2.32 V                      ; 1.21e-06 V                  ; 2.36 V             ; -0.00833 V         ; 0.113 V                             ; 0.035 V                             ; 6.32e-10 s                 ; 5.89e-10 s                 ; No                        ; Yes                       ;
; result_r[11]  ; 2.5 V        ; 0 s                 ; 0 s                 ; 2.32 V                       ; 1.21e-06 V                   ; 2.36 V              ; -0.00833 V          ; 0.113 V                              ; 0.035 V                              ; 6.32e-10 s                  ; 5.89e-10 s                  ; No                         ; Yes                        ; 2.32 V                      ; 1.21e-06 V                  ; 2.36 V             ; -0.00833 V         ; 0.113 V                             ; 0.035 V                             ; 6.32e-10 s                 ; 5.89e-10 s                 ; No                        ; Yes                       ;
; result_r[12]  ; 2.5 V        ; 0 s                 ; 0 s                 ; 2.32 V                       ; 1.21e-06 V                   ; 2.36 V              ; -0.00833 V          ; 0.113 V                              ; 0.035 V                              ; 6.32e-10 s                  ; 5.89e-10 s                  ; No                         ; Yes                        ; 2.32 V                      ; 1.21e-06 V                  ; 2.36 V             ; -0.00833 V         ; 0.113 V                             ; 0.035 V                             ; 6.32e-10 s                 ; 5.89e-10 s                 ; No                        ; Yes                       ;
; result_r[13]  ; 2.5 V        ; 0 s                 ; 0 s                 ; 2.32 V                       ; 1.21e-06 V                   ; 2.36 V              ; -0.00833 V          ; 0.113 V                              ; 0.035 V                              ; 6.32e-10 s                  ; 5.89e-10 s                  ; No                         ; Yes                        ; 2.32 V                      ; 1.21e-06 V                  ; 2.36 V             ; -0.00833 V         ; 0.113 V                             ; 0.035 V                             ; 6.32e-10 s                 ; 5.89e-10 s                 ; No                        ; Yes                       ;
; result_r[14]  ; 2.5 V        ; 0 s                 ; 0 s                 ; 2.32 V                       ; 8.13e-07 V                   ; 2.35 V              ; -0.00662 V          ; 0.129 V                              ; 0.049 V                              ; 8.55e-10 s                  ; 8.01e-10 s                  ; No                         ; Yes                        ; 2.32 V                      ; 8.13e-07 V                  ; 2.35 V             ; -0.00662 V         ; 0.129 V                             ; 0.049 V                             ; 8.55e-10 s                 ; 8.01e-10 s                 ; No                        ; Yes                       ;
; result_r[15]  ; 2.5 V        ; 0 s                 ; 0 s                 ; 2.32 V                       ; 1.21e-06 V                   ; 2.37 V              ; -0.00606 V          ; 0.107 V                              ; 0.021 V                              ; 4.26e-10 s                  ; 4.03e-10 s                  ; Yes                        ; Yes                        ; 2.32 V                      ; 1.21e-06 V                  ; 2.37 V             ; -0.00606 V         ; 0.107 V                             ; 0.021 V                             ; 4.26e-10 s                 ; 4.03e-10 s                 ; Yes                       ; Yes                       ;
; result_i[0]   ; 2.5 V        ; 0 s                 ; 0 s                 ; 2.32 V                       ; 1.21e-06 V                   ; 2.37 V              ; -0.00606 V          ; 0.107 V                              ; 0.021 V                              ; 4.26e-10 s                  ; 4.03e-10 s                  ; Yes                        ; Yes                        ; 2.32 V                      ; 1.21e-06 V                  ; 2.37 V             ; -0.00606 V         ; 0.107 V                             ; 0.021 V                             ; 4.26e-10 s                 ; 4.03e-10 s                 ; Yes                       ; Yes                       ;
; result_i[1]   ; 2.5 V        ; 0 s                 ; 0 s                 ; 2.32 V                       ; 1.21e-06 V                   ; 2.33 V              ; -0.00286 V          ; 0.193 V                              ; 0.042 V                              ; 2.32e-09 s                  ; 2.21e-09 s                  ; Yes                        ; Yes                        ; 2.32 V                      ; 1.21e-06 V                  ; 2.33 V             ; -0.00286 V         ; 0.193 V                             ; 0.042 V                             ; 2.32e-09 s                 ; 2.21e-09 s                 ; Yes                       ; Yes                       ;
; result_i[2]   ; 2.5 V        ; 0 s                 ; 0 s                 ; 2.32 V                       ; 1.21e-06 V                   ; 2.36 V              ; -0.00833 V          ; 0.113 V                              ; 0.035 V                              ; 6.32e-10 s                  ; 5.89e-10 s                  ; No                         ; Yes                        ; 2.32 V                      ; 1.21e-06 V                  ; 2.36 V             ; -0.00833 V         ; 0.113 V                             ; 0.035 V                             ; 6.32e-10 s                 ; 5.89e-10 s                 ; No                        ; Yes                       ;
; result_i[3]   ; 2.5 V        ; 0 s                 ; 0 s                 ; 2.32 V                       ; 1.21e-06 V                   ; 2.36 V              ; -0.00833 V          ; 0.113 V                              ; 0.035 V                              ; 6.32e-10 s                  ; 5.89e-10 s                  ; No                         ; Yes                        ; 2.32 V                      ; 1.21e-06 V                  ; 2.36 V             ; -0.00833 V         ; 0.113 V                             ; 0.035 V                             ; 6.32e-10 s                 ; 5.89e-10 s                 ; No                        ; Yes                       ;
; result_i[4]   ; 2.5 V        ; 0 s                 ; 0 s                 ; 2.32 V                       ; 1.21e-06 V                   ; 2.36 V              ; -0.00833 V          ; 0.113 V                              ; 0.035 V                              ; 6.32e-10 s                  ; 5.89e-10 s                  ; No                         ; Yes                        ; 2.32 V                      ; 1.21e-06 V                  ; 2.36 V             ; -0.00833 V         ; 0.113 V                             ; 0.035 V                             ; 6.32e-10 s                 ; 5.89e-10 s                 ; No                        ; Yes                       ;
; result_i[5]   ; 2.5 V        ; 0 s                 ; 0 s                 ; 2.32 V                       ; 1.21e-06 V                   ; 2.37 V              ; -0.00606 V          ; 0.107 V                              ; 0.021 V                              ; 4.26e-10 s                  ; 4.03e-10 s                  ; Yes                        ; Yes                        ; 2.32 V                      ; 1.21e-06 V                  ; 2.37 V             ; -0.00606 V         ; 0.107 V                             ; 0.021 V                             ; 4.26e-10 s                 ; 4.03e-10 s                 ; Yes                       ; Yes                       ;
; result_i[6]   ; 2.5 V        ; 0 s                 ; 0 s                 ; 2.32 V                       ; 1.21e-06 V                   ; 2.36 V              ; -0.00833 V          ; 0.113 V                              ; 0.035 V                              ; 6.32e-10 s                  ; 5.89e-10 s                  ; No                         ; Yes                        ; 2.32 V                      ; 1.21e-06 V                  ; 2.36 V             ; -0.00833 V         ; 0.113 V                             ; 0.035 V                             ; 6.32e-10 s                 ; 5.89e-10 s                 ; No                        ; Yes                       ;
; result_i[7]   ; 2.5 V        ; 0 s                 ; 0 s                 ; 2.32 V                       ; 1.21e-06 V                   ; 2.36 V              ; -0.00833 V          ; 0.113 V                              ; 0.035 V                              ; 6.32e-10 s                  ; 5.89e-10 s                  ; No                         ; Yes                        ; 2.32 V                      ; 1.21e-06 V                  ; 2.36 V             ; -0.00833 V         ; 0.113 V                             ; 0.035 V                             ; 6.32e-10 s                 ; 5.89e-10 s                 ; No                        ; Yes                       ;
; result_i[8]   ; 2.5 V        ; 0 s                 ; 0 s                 ; 2.32 V                       ; 8.13e-07 V                   ; 2.35 V              ; -0.00662 V          ; 0.129 V                              ; 0.049 V                              ; 8.55e-10 s                  ; 8.01e-10 s                  ; No                         ; Yes                        ; 2.32 V                      ; 8.13e-07 V                  ; 2.35 V             ; -0.00662 V         ; 0.129 V                             ; 0.049 V                             ; 8.55e-10 s                 ; 8.01e-10 s                 ; No                        ; Yes                       ;
; result_i[9]   ; 2.5 V        ; 0 s                 ; 0 s                 ; 2.32 V                       ; 1.21e-06 V                   ; 2.36 V              ; -0.00833 V          ; 0.113 V                              ; 0.035 V                              ; 6.32e-10 s                  ; 5.89e-10 s                  ; No                         ; Yes                        ; 2.32 V                      ; 1.21e-06 V                  ; 2.36 V             ; -0.00833 V         ; 0.113 V                             ; 0.035 V                             ; 6.32e-10 s                 ; 5.89e-10 s                 ; No                        ; Yes                       ;
; result_i[10]  ; 2.5 V        ; 0 s                 ; 0 s                 ; 2.32 V                       ; 1.21e-06 V                   ; 2.36 V              ; -0.00833 V          ; 0.113 V                              ; 0.035 V                              ; 6.32e-10 s                  ; 5.89e-10 s                  ; No                         ; Yes                        ; 2.32 V                      ; 1.21e-06 V                  ; 2.36 V             ; -0.00833 V         ; 0.113 V                             ; 0.035 V                             ; 6.32e-10 s                 ; 5.89e-10 s                 ; No                        ; Yes                       ;
; result_i[11]  ; 2.5 V        ; 0 s                 ; 0 s                 ; 2.32 V                       ; 1.21e-06 V                   ; 2.37 V              ; -0.00606 V          ; 0.107 V                              ; 0.021 V                              ; 4.26e-10 s                  ; 4.03e-10 s                  ; Yes                        ; Yes                        ; 2.32 V                      ; 1.21e-06 V                  ; 2.37 V             ; -0.00606 V         ; 0.107 V                             ; 0.021 V                             ; 4.26e-10 s                 ; 4.03e-10 s                 ; Yes                       ; Yes                       ;
; result_i[12]  ; 2.5 V        ; 0 s                 ; 0 s                 ; 2.32 V                       ; 1.21e-06 V                   ; 2.36 V              ; -0.00833 V          ; 0.113 V                              ; 0.035 V                              ; 6.32e-10 s                  ; 5.89e-10 s                  ; No                         ; Yes                        ; 2.32 V                      ; 1.21e-06 V                  ; 2.36 V             ; -0.00833 V         ; 0.113 V                             ; 0.035 V                             ; 6.32e-10 s                 ; 5.89e-10 s                 ; No                        ; Yes                       ;
; result_i[13]  ; 2.5 V        ; 0 s                 ; 0 s                 ; 2.32 V                       ; 1.21e-06 V                   ; 2.36 V              ; -0.00833 V          ; 0.113 V                              ; 0.035 V                              ; 6.32e-10 s                  ; 5.89e-10 s                  ; No                         ; Yes                        ; 2.32 V                      ; 1.21e-06 V                  ; 2.36 V             ; -0.00833 V         ; 0.113 V                             ; 0.035 V                             ; 6.32e-10 s                 ; 5.89e-10 s                 ; No                        ; Yes                       ;
; result_i[14]  ; 2.5 V        ; 0 s                 ; 0 s                 ; 2.32 V                       ; 1.21e-06 V                   ; 2.36 V              ; -0.00833 V          ; 0.113 V                              ; 0.035 V                              ; 6.32e-10 s                  ; 5.89e-10 s                  ; No                         ; Yes                        ; 2.32 V                      ; 1.21e-06 V                  ; 2.36 V             ; -0.00833 V         ; 0.113 V                             ; 0.035 V                             ; 6.32e-10 s                 ; 5.89e-10 s                 ; No                        ; Yes                       ;
; result_i[15]  ; 2.5 V        ; 0 s                 ; 0 s                 ; 2.32 V                       ; 1.21e-06 V                   ; 2.36 V              ; -0.00833 V          ; 0.113 V                              ; 0.035 V                              ; 6.32e-10 s                  ; 5.89e-10 s                  ; No                         ; Yes                        ; 2.32 V                      ; 1.21e-06 V                  ; 2.36 V             ; -0.00833 V         ; 0.113 V                             ; 0.035 V                             ; 6.32e-10 s                 ; 5.89e-10 s                 ; No                        ; Yes                       ;
; done          ; 2.5 V        ; 0 s                 ; 0 s                 ; 2.32 V                       ; 1.21e-06 V                   ; 2.37 V              ; -0.00606 V          ; 0.107 V                              ; 0.021 V                              ; 4.26e-10 s                  ; 4.03e-10 s                  ; Yes                        ; Yes                        ; 2.32 V                      ; 1.21e-06 V                  ; 2.37 V             ; -0.00606 V         ; 0.107 V                             ; 0.021 V                             ; 4.26e-10 s                 ; 4.03e-10 s                 ; Yes                       ; Yes                       ;
; current_pc[0] ; 2.5 V        ; 0 s                 ; 0 s                 ; 2.32 V                       ; 1.21e-06 V                   ; 2.36 V              ; -0.00833 V          ; 0.113 V                              ; 0.035 V                              ; 6.32e-10 s                  ; 5.89e-10 s                  ; No                         ; Yes                        ; 2.32 V                      ; 1.21e-06 V                  ; 2.36 V             ; -0.00833 V         ; 0.113 V                             ; 0.035 V                             ; 6.32e-10 s                 ; 5.89e-10 s                 ; No                        ; Yes                       ;
; current_pc[1] ; 2.5 V        ; 0 s                 ; 0 s                 ; 2.32 V                       ; 1.21e-06 V                   ; 2.36 V              ; -0.00833 V          ; 0.113 V                              ; 0.035 V                              ; 6.32e-10 s                  ; 5.89e-10 s                  ; No                         ; Yes                        ; 2.32 V                      ; 1.21e-06 V                  ; 2.36 V             ; -0.00833 V         ; 0.113 V                             ; 0.035 V                             ; 6.32e-10 s                 ; 5.89e-10 s                 ; No                        ; Yes                       ;
; current_pc[2] ; 2.5 V        ; 0 s                 ; 0 s                 ; 2.32 V                       ; 1.21e-06 V                   ; 2.36 V              ; -0.00833 V          ; 0.113 V                              ; 0.035 V                              ; 6.32e-10 s                  ; 5.89e-10 s                  ; No                         ; Yes                        ; 2.32 V                      ; 1.21e-06 V                  ; 2.36 V             ; -0.00833 V         ; 0.113 V                             ; 0.035 V                             ; 6.32e-10 s                 ; 5.89e-10 s                 ; No                        ; Yes                       ;
; current_pc[3] ; 2.5 V        ; 0 s                 ; 0 s                 ; 2.32 V                       ; 8.13e-07 V                   ; 2.35 V              ; -0.00662 V          ; 0.129 V                              ; 0.049 V                              ; 8.55e-10 s                  ; 8.01e-10 s                  ; No                         ; Yes                        ; 2.32 V                      ; 8.13e-07 V                  ; 2.35 V             ; -0.00662 V         ; 0.129 V                             ; 0.049 V                             ; 8.55e-10 s                 ; 8.01e-10 s                 ; No                        ; Yes                       ;
; current_pc[4] ; 2.5 V        ; 0 s                 ; 0 s                 ; 2.32 V                       ; 1.21e-06 V                   ; 2.36 V              ; -0.00833 V          ; 0.113 V                              ; 0.035 V                              ; 6.32e-10 s                  ; 5.89e-10 s                  ; No                         ; Yes                        ; 2.32 V                      ; 1.21e-06 V                  ; 2.36 V             ; -0.00833 V         ; 0.113 V                             ; 0.035 V                             ; 6.32e-10 s                 ; 5.89e-10 s                 ; No                        ; Yes                       ;
; ~ALTERA_NCEO~ ; 2.5 V        ; 0 s                 ; 0 s                 ; 2.32 V                       ; 7.93e-07 V                   ; 2.37 V              ; -0.0278 V           ; 0.106 V                              ; 0.115 V                              ; 2.69e-10 s                  ; 4.05e-10 s                  ; Yes                        ; Yes                        ; 2.32 V                      ; 7.93e-07 V                  ; 2.37 V             ; -0.0278 V          ; 0.106 V                             ; 0.115 V                             ; 2.69e-10 s                 ; 4.05e-10 s                 ; Yes                       ; Yes                       ;
; ~ALTERA_DCLK~ ; 2.5 V        ; 0 s                 ; 0 s                 ; 2.32 V                       ; 9.76e-07 V                   ; 2.36 V              ; -0.00439 V          ; 0.088 V                              ; 0.007 V                              ; 4.05e-10 s                  ; 3.35e-10 s                  ; Yes                        ; Yes                        ; 2.32 V                      ; 9.76e-07 V                  ; 2.36 V             ; -0.00439 V         ; 0.088 V                             ; 0.007 V                             ; 4.05e-10 s                 ; 3.35e-10 s                 ; Yes                       ; Yes                       ;
+---------------+--------------+---------------------+---------------------+------------------------------+------------------------------+---------------------+---------------------+--------------------------------------+--------------------------------------+-----------------------------+-----------------------------+----------------------------+----------------------------+-----------------------------+-----------------------------+--------------------+--------------------+-------------------------------------+-------------------------------------+----------------------------+----------------------------+---------------------------+---------------------------+


+--------------------------------------------------------------------------------------------------------------------------------------------------------------------------------------------------------------------------------------------------------------------------------------------------------------------------------------------------------------------------------------------------------------------------------------------------------------------------------------------------------------------------------------------------------------------------------------------------------------------------------------------------------------------------------------------+
; Signal Integrity Metrics (Fast 1200mv 0c Model)                                                                                                                                                                                                                                                                                                                                                                                                                                                                                                                                                                                                                                            ;
+---------------+--------------+---------------------+---------------------+------------------------------+------------------------------+---------------------+---------------------+--------------------------------------+--------------------------------------+-----------------------------+-----------------------------+----------------------------+----------------------------+-----------------------------+-----------------------------+--------------------+--------------------+-------------------------------------+-------------------------------------+----------------------------+----------------------------+---------------------------+---------------------------+
; Pin           ; I/O Standard ; Board Delay on Rise ; Board Delay on Fall ; Steady State Voh at FPGA Pin ; Steady State Vol at FPGA Pin ; Voh Max at FPGA Pin ; Vol Min at FPGA Pin ; Ringback Voltage on Rise at FPGA Pin ; Ringback Voltage on Fall at FPGA Pin ; 10-90 Rise Time at FPGA Pin ; 90-10 Fall Time at FPGA Pin ; Monotonic Rise at FPGA Pin ; Monotonic Fall at FPGA Pin ; Steady State Voh at Far-end ; Steady State Vol at Far-end ; Voh Max at Far-end ; Vol Min at Far-end ; Ringback Voltage on Rise at Far-end ; Ringback Voltage on Fall at Far-end ; 10-90 Rise Time at Far-end ; 90-10 Fall Time at Far-end ; Monotonic Rise at Far-end ; Monotonic Fall at Far-end ;
+---------------+--------------+---------------------+---------------------+------------------------------+------------------------------+---------------------+---------------------+--------------------------------------+--------------------------------------+-----------------------------+-----------------------------+----------------------------+----------------------------+-----------------------------+-----------------------------+--------------------+--------------------+-------------------------------------+-------------------------------------+----------------------------+----------------------------+---------------------------+---------------------------+
; result_r[0]   ; 2.5 V        ; 0 s                 ; 0 s                 ; 2.62 V                       ; 4.66e-08 V                   ; 2.65 V              ; -0.0115 V           ; 0.219 V                              ; 0.115 V                              ; 1.64e-09 s                  ; 1.57e-09 s                  ; No                         ; Yes                        ; 2.62 V                      ; 4.66e-08 V                  ; 2.65 V             ; -0.0115 V          ; 0.219 V                             ; 0.115 V                             ; 1.64e-09 s                 ; 1.57e-09 s                 ; No                        ; Yes                       ;
; result_r[1]   ; 2.5 V        ; 0 s                 ; 0 s                 ; 2.62 V                       ; 4.66e-08 V                   ; 2.72 V              ; -0.0215 V           ; 0.161 V                              ; 0.061 V                              ; 4.44e-10 s                  ; 4.06e-10 s                  ; No                         ; Yes                        ; 2.62 V                      ; 4.66e-08 V                  ; 2.72 V             ; -0.0215 V          ; 0.161 V                             ; 0.061 V                             ; 4.44e-10 s                 ; 4.06e-10 s                 ; No                        ; Yes                       ;
; result_r[2]   ; 2.5 V        ; 0 s                 ; 0 s                 ; 2.62 V                       ; 4.66e-08 V                   ; 2.72 V              ; -0.0215 V           ; 0.161 V                              ; 0.061 V                              ; 4.44e-10 s                  ; 4.06e-10 s                  ; No                         ; Yes                        ; 2.62 V                      ; 4.66e-08 V                  ; 2.72 V             ; -0.0215 V          ; 0.161 V                             ; 0.061 V                             ; 4.44e-10 s                 ; 4.06e-10 s                 ; No                        ; Yes                       ;
; result_r[3]   ; 2.5 V        ; 0 s                 ; 0 s                 ; 2.62 V                       ; 4.66e-08 V                   ; 2.72 V              ; -0.0215 V           ; 0.161 V                              ; 0.061 V                              ; 4.44e-10 s                  ; 4.06e-10 s                  ; No                         ; Yes                        ; 2.62 V                      ; 4.66e-08 V                  ; 2.72 V             ; -0.0215 V          ; 0.161 V                             ; 0.061 V                             ; 4.44e-10 s                 ; 4.06e-10 s                 ; No                        ; Yes                       ;
; result_r[4]   ; 2.5 V        ; 0 s                 ; 0 s                 ; 2.62 V                       ; 4.66e-08 V                   ; 2.72 V              ; -0.0215 V           ; 0.161 V                              ; 0.061 V                              ; 4.44e-10 s                  ; 4.06e-10 s                  ; No                         ; Yes                        ; 2.62 V                      ; 4.66e-08 V                  ; 2.72 V             ; -0.0215 V          ; 0.161 V                             ; 0.061 V                             ; 4.44e-10 s                 ; 4.06e-10 s                 ; No                        ; Yes                       ;
; result_r[5]   ; 2.5 V        ; 0 s                 ; 0 s                 ; 2.62 V                       ; 4.66e-08 V                   ; 2.72 V              ; -0.0215 V           ; 0.161 V                              ; 0.061 V                              ; 4.44e-10 s                  ; 4.06e-10 s                  ; No                         ; Yes                        ; 2.62 V                      ; 4.66e-08 V                  ; 2.72 V             ; -0.0215 V          ; 0.161 V                             ; 0.061 V                             ; 4.44e-10 s                 ; 4.06e-10 s                 ; No                        ; Yes                       ;
; result_r[6]   ; 2.5 V        ; 0 s                 ; 0 s                 ; 2.62 V                       ; 4.66e-08 V                   ; 2.72 V              ; -0.0215 V           ; 0.161 V                              ; 0.061 V                              ; 4.44e-10 s                  ; 4.06e-10 s                  ; No                         ; Yes                        ; 2.62 V                      ; 4.66e-08 V                  ; 2.72 V             ; -0.0215 V          ; 0.161 V                             ; 0.061 V                             ; 4.44e-10 s                 ; 4.06e-10 s                 ; No                        ; Yes                       ;
; result_r[7]   ; 2.5 V        ; 0 s                 ; 0 s                 ; 2.62 V                       ; 4.66e-08 V                   ; 2.72 V              ; -0.0215 V           ; 0.161 V                              ; 0.061 V                              ; 4.44e-10 s                  ; 4.06e-10 s                  ; No                         ; Yes                        ; 2.62 V                      ; 4.66e-08 V                  ; 2.72 V             ; -0.0215 V          ; 0.161 V                             ; 0.061 V                             ; 4.44e-10 s                 ; 4.06e-10 s                 ; No                        ; Yes                       ;
; result_r[8]   ; 2.5 V        ; 0 s                 ; 0 s                 ; 2.62 V                       ; 4.66e-08 V                   ; 2.72 V              ; -0.0215 V           ; 0.161 V                              ; 0.061 V                              ; 4.44e-10 s                  ; 4.06e-10 s                  ; No                         ; Yes                        ; 2.62 V                      ; 4.66e-08 V                  ; 2.72 V             ; -0.0215 V          ; 0.161 V                             ; 0.061 V                             ; 4.44e-10 s                 ; 4.06e-10 s                 ; No                        ; Yes                       ;
; result_r[9]   ; 2.5 V        ; 0 s                 ; 0 s                 ; 2.62 V                       ; 4.66e-08 V                   ; 2.72 V              ; -0.0215 V           ; 0.161 V                              ; 0.061 V                              ; 4.44e-10 s                  ; 4.06e-10 s                  ; No                         ; Yes                        ; 2.62 V                      ; 4.66e-08 V                  ; 2.72 V             ; -0.0215 V          ; 0.161 V                             ; 0.061 V                             ; 4.44e-10 s                 ; 4.06e-10 s                 ; No                        ; Yes                       ;
; result_r[10]  ; 2.5 V        ; 0 s                 ; 0 s                 ; 2.62 V                       ; 4.66e-08 V                   ; 2.72 V              ; -0.0215 V           ; 0.161 V                              ; 0.061 V                              ; 4.44e-10 s                  ; 4.06e-10 s                  ; No                         ; Yes                        ; 2.62 V                      ; 4.66e-08 V                  ; 2.72 V             ; -0.0215 V          ; 0.161 V                             ; 0.061 V                             ; 4.44e-10 s                 ; 4.06e-10 s                 ; No                        ; Yes                       ;
; result_r[11]  ; 2.5 V        ; 0 s                 ; 0 s                 ; 2.62 V                       ; 4.66e-08 V                   ; 2.72 V              ; -0.0215 V           ; 0.161 V                              ; 0.061 V                              ; 4.44e-10 s                  ; 4.06e-10 s                  ; No                         ; Yes                        ; 2.62 V                      ; 4.66e-08 V                  ; 2.72 V             ; -0.0215 V          ; 0.161 V                             ; 0.061 V                             ; 4.44e-10 s                 ; 4.06e-10 s                 ; No                        ; Yes                       ;
; result_r[12]  ; 2.5 V        ; 0 s                 ; 0 s                 ; 2.62 V                       ; 4.66e-08 V                   ; 2.72 V              ; -0.0215 V           ; 0.161 V                              ; 0.061 V                              ; 4.44e-10 s                  ; 4.06e-10 s                  ; No                         ; Yes                        ; 2.62 V                      ; 4.66e-08 V                  ; 2.72 V             ; -0.0215 V          ; 0.161 V                             ; 0.061 V                             ; 4.44e-10 s                 ; 4.06e-10 s                 ; No                        ; Yes                       ;
; result_r[13]  ; 2.5 V        ; 0 s                 ; 0 s                 ; 2.62 V                       ; 4.66e-08 V                   ; 2.72 V              ; -0.0215 V           ; 0.161 V                              ; 0.061 V                              ; 4.44e-10 s                  ; 4.06e-10 s                  ; No                         ; Yes                        ; 2.62 V                      ; 4.66e-08 V                  ; 2.72 V             ; -0.0215 V          ; 0.161 V                             ; 0.061 V                             ; 4.44e-10 s                 ; 4.06e-10 s                 ; No                        ; Yes                       ;
; result_r[14]  ; 2.5 V        ; 0 s                 ; 0 s                 ; 2.62 V                       ; 3.16e-08 V                   ; 2.71 V              ; -0.0171 V           ; 0.273 V                              ; 0.065 V                              ; 4.95e-10 s                  ; 5.37e-10 s                  ; No                         ; Yes                        ; 2.62 V                      ; 3.16e-08 V                  ; 2.71 V             ; -0.0171 V          ; 0.273 V                             ; 0.065 V                             ; 4.95e-10 s                 ; 5.37e-10 s                 ; No                        ; Yes                       ;
; result_r[15]  ; 2.5 V        ; 0 s                 ; 0 s                 ; 2.62 V                       ; 4.66e-08 V                   ; 2.73 V              ; -0.0205 V           ; 0.17 V                               ; 0.027 V                              ; 2.58e-10 s                  ; 2.57e-10 s                  ; Yes                        ; Yes                        ; 2.62 V                      ; 4.66e-08 V                  ; 2.73 V             ; -0.0205 V          ; 0.17 V                              ; 0.027 V                             ; 2.58e-10 s                 ; 2.57e-10 s                 ; Yes                       ; Yes                       ;
; result_i[0]   ; 2.5 V        ; 0 s                 ; 0 s                 ; 2.62 V                       ; 4.66e-08 V                   ; 2.73 V              ; -0.0205 V           ; 0.17 V                               ; 0.027 V                              ; 2.58e-10 s                  ; 2.57e-10 s                  ; Yes                        ; Yes                        ; 2.62 V                      ; 4.66e-08 V                  ; 2.73 V             ; -0.0205 V          ; 0.17 V                              ; 0.027 V                             ; 2.58e-10 s                 ; 2.57e-10 s                 ; Yes                       ; Yes                       ;
; result_i[1]   ; 2.5 V        ; 0 s                 ; 0 s                 ; 2.62 V                       ; 4.66e-08 V                   ; 2.65 V              ; -0.0115 V           ; 0.219 V                              ; 0.115 V                              ; 1.64e-09 s                  ; 1.57e-09 s                  ; No                         ; Yes                        ; 2.62 V                      ; 4.66e-08 V                  ; 2.65 V             ; -0.0115 V          ; 0.219 V                             ; 0.115 V                             ; 1.64e-09 s                 ; 1.57e-09 s                 ; No                        ; Yes                       ;
; result_i[2]   ; 2.5 V        ; 0 s                 ; 0 s                 ; 2.62 V                       ; 4.66e-08 V                   ; 2.72 V              ; -0.0215 V           ; 0.161 V                              ; 0.061 V                              ; 4.44e-10 s                  ; 4.06e-10 s                  ; No                         ; Yes                        ; 2.62 V                      ; 4.66e-08 V                  ; 2.72 V             ; -0.0215 V          ; 0.161 V                             ; 0.061 V                             ; 4.44e-10 s                 ; 4.06e-10 s                 ; No                        ; Yes                       ;
; result_i[3]   ; 2.5 V        ; 0 s                 ; 0 s                 ; 2.62 V                       ; 4.66e-08 V                   ; 2.72 V              ; -0.0215 V           ; 0.161 V                              ; 0.061 V                              ; 4.44e-10 s                  ; 4.06e-10 s                  ; No                         ; Yes                        ; 2.62 V                      ; 4.66e-08 V                  ; 2.72 V             ; -0.0215 V          ; 0.161 V                             ; 0.061 V                             ; 4.44e-10 s                 ; 4.06e-10 s                 ; No                        ; Yes                       ;
; result_i[4]   ; 2.5 V        ; 0 s                 ; 0 s                 ; 2.62 V                       ; 4.66e-08 V                   ; 2.72 V              ; -0.0215 V           ; 0.161 V                              ; 0.061 V                              ; 4.44e-10 s                  ; 4.06e-10 s                  ; No                         ; Yes                        ; 2.62 V                      ; 4.66e-08 V                  ; 2.72 V             ; -0.0215 V          ; 0.161 V                             ; 0.061 V                             ; 4.44e-10 s                 ; 4.06e-10 s                 ; No                        ; Yes                       ;
; result_i[5]   ; 2.5 V        ; 0 s                 ; 0 s                 ; 2.62 V                       ; 4.66e-08 V                   ; 2.73 V              ; -0.0205 V           ; 0.17 V                               ; 0.027 V                              ; 2.58e-10 s                  ; 2.57e-10 s                  ; Yes                        ; Yes                        ; 2.62 V                      ; 4.66e-08 V                  ; 2.73 V             ; -0.0205 V          ; 0.17 V                              ; 0.027 V                             ; 2.58e-10 s                 ; 2.57e-10 s                 ; Yes                       ; Yes                       ;
; result_i[6]   ; 2.5 V        ; 0 s                 ; 0 s                 ; 2.62 V                       ; 4.66e-08 V                   ; 2.72 V              ; -0.0215 V           ; 0.161 V                              ; 0.061 V                              ; 4.44e-10 s                  ; 4.06e-10 s                  ; No                         ; Yes                        ; 2.62 V                      ; 4.66e-08 V                  ; 2.72 V             ; -0.0215 V          ; 0.161 V                             ; 0.061 V                             ; 4.44e-10 s                 ; 4.06e-10 s                 ; No                        ; Yes                       ;
; result_i[7]   ; 2.5 V        ; 0 s                 ; 0 s                 ; 2.62 V                       ; 4.66e-08 V                   ; 2.72 V              ; -0.0215 V           ; 0.161 V                              ; 0.061 V                              ; 4.44e-10 s                  ; 4.06e-10 s                  ; No                         ; Yes                        ; 2.62 V                      ; 4.66e-08 V                  ; 2.72 V             ; -0.0215 V          ; 0.161 V                             ; 0.061 V                             ; 4.44e-10 s                 ; 4.06e-10 s                 ; No                        ; Yes                       ;
; result_i[8]   ; 2.5 V        ; 0 s                 ; 0 s                 ; 2.62 V                       ; 3.16e-08 V                   ; 2.71 V              ; -0.0171 V           ; 0.273 V                              ; 0.065 V                              ; 4.95e-10 s                  ; 5.37e-10 s                  ; No                         ; Yes                        ; 2.62 V                      ; 3.16e-08 V                  ; 2.71 V             ; -0.0171 V          ; 0.273 V                             ; 0.065 V                             ; 4.95e-10 s                 ; 5.37e-10 s                 ; No                        ; Yes                       ;
; result_i[9]   ; 2.5 V        ; 0 s                 ; 0 s                 ; 2.62 V                       ; 4.66e-08 V                   ; 2.72 V              ; -0.0215 V           ; 0.161 V                              ; 0.061 V                              ; 4.44e-10 s                  ; 4.06e-10 s                  ; No                         ; Yes                        ; 2.62 V                      ; 4.66e-08 V                  ; 2.72 V             ; -0.0215 V          ; 0.161 V                             ; 0.061 V                             ; 4.44e-10 s                 ; 4.06e-10 s                 ; No                        ; Yes                       ;
; result_i[10]  ; 2.5 V        ; 0 s                 ; 0 s                 ; 2.62 V                       ; 4.66e-08 V                   ; 2.72 V              ; -0.0215 V           ; 0.161 V                              ; 0.061 V                              ; 4.44e-10 s                  ; 4.06e-10 s                  ; No                         ; Yes                        ; 2.62 V                      ; 4.66e-08 V                  ; 2.72 V             ; -0.0215 V          ; 0.161 V                             ; 0.061 V                             ; 4.44e-10 s                 ; 4.06e-10 s                 ; No                        ; Yes                       ;
; result_i[11]  ; 2.5 V        ; 0 s                 ; 0 s                 ; 2.62 V                       ; 4.66e-08 V                   ; 2.73 V              ; -0.0205 V           ; 0.17 V                               ; 0.027 V                              ; 2.58e-10 s                  ; 2.57e-10 s                  ; Yes                        ; Yes                        ; 2.62 V                      ; 4.66e-08 V                  ; 2.73 V             ; -0.0205 V          ; 0.17 V                              ; 0.027 V                             ; 2.58e-10 s                 ; 2.57e-10 s                 ; Yes                       ; Yes                       ;
; result_i[12]  ; 2.5 V        ; 0 s                 ; 0 s                 ; 2.62 V                       ; 4.66e-08 V                   ; 2.72 V              ; -0.0215 V           ; 0.161 V                              ; 0.061 V                              ; 4.44e-10 s                  ; 4.06e-10 s                  ; No                         ; Yes                        ; 2.62 V                      ; 4.66e-08 V                  ; 2.72 V             ; -0.0215 V          ; 0.161 V                             ; 0.061 V                             ; 4.44e-10 s                 ; 4.06e-10 s                 ; No                        ; Yes                       ;
; result_i[13]  ; 2.5 V        ; 0 s                 ; 0 s                 ; 2.62 V                       ; 4.66e-08 V                   ; 2.72 V              ; -0.0215 V           ; 0.161 V                              ; 0.061 V                              ; 4.44e-10 s                  ; 4.06e-10 s                  ; No                         ; Yes                        ; 2.62 V                      ; 4.66e-08 V                  ; 2.72 V             ; -0.0215 V          ; 0.161 V                             ; 0.061 V                             ; 4.44e-10 s                 ; 4.06e-10 s                 ; No                        ; Yes                       ;
; result_i[14]  ; 2.5 V        ; 0 s                 ; 0 s                 ; 2.62 V                       ; 4.66e-08 V                   ; 2.72 V              ; -0.0215 V           ; 0.161 V                              ; 0.061 V                              ; 4.44e-10 s                  ; 4.06e-10 s                  ; No                         ; Yes                        ; 2.62 V                      ; 4.66e-08 V                  ; 2.72 V             ; -0.0215 V          ; 0.161 V                             ; 0.061 V                             ; 4.44e-10 s                 ; 4.06e-10 s                 ; No                        ; Yes                       ;
; result_i[15]  ; 2.5 V        ; 0 s                 ; 0 s                 ; 2.62 V                       ; 4.66e-08 V                   ; 2.72 V              ; -0.0215 V           ; 0.161 V                              ; 0.061 V                              ; 4.44e-10 s                  ; 4.06e-10 s                  ; No                         ; Yes                        ; 2.62 V                      ; 4.66e-08 V                  ; 2.72 V             ; -0.0215 V          ; 0.161 V                             ; 0.061 V                             ; 4.44e-10 s                 ; 4.06e-10 s                 ; No                        ; Yes                       ;
; done          ; 2.5 V        ; 0 s                 ; 0 s                 ; 2.62 V                       ; 4.66e-08 V                   ; 2.73 V              ; -0.0205 V           ; 0.17 V                               ; 0.027 V                              ; 2.58e-10 s                  ; 2.57e-10 s                  ; Yes                        ; Yes                        ; 2.62 V                      ; 4.66e-08 V                  ; 2.73 V             ; -0.0205 V          ; 0.17 V                              ; 0.027 V                             ; 2.58e-10 s                 ; 2.57e-10 s                 ; Yes                       ; Yes                       ;
; current_pc[0] ; 2.5 V        ; 0 s                 ; 0 s                 ; 2.62 V                       ; 4.66e-08 V                   ; 2.72 V              ; -0.0215 V           ; 0.161 V                              ; 0.061 V                              ; 4.44e-10 s                  ; 4.06e-10 s                  ; No                         ; Yes                        ; 2.62 V                      ; 4.66e-08 V                  ; 2.72 V             ; -0.0215 V          ; 0.161 V                             ; 0.061 V                             ; 4.44e-10 s                 ; 4.06e-10 s                 ; No                        ; Yes                       ;
; current_pc[1] ; 2.5 V        ; 0 s                 ; 0 s                 ; 2.62 V                       ; 4.66e-08 V                   ; 2.72 V              ; -0.0215 V           ; 0.161 V                              ; 0.061 V                              ; 4.44e-10 s                  ; 4.06e-10 s                  ; No                         ; Yes                        ; 2.62 V                      ; 4.66e-08 V                  ; 2.72 V             ; -0.0215 V          ; 0.161 V                             ; 0.061 V                             ; 4.44e-10 s                 ; 4.06e-10 s                 ; No                        ; Yes                       ;
; current_pc[2] ; 2.5 V        ; 0 s                 ; 0 s                 ; 2.62 V                       ; 4.66e-08 V                   ; 2.72 V              ; -0.0215 V           ; 0.161 V                              ; 0.061 V                              ; 4.44e-10 s                  ; 4.06e-10 s                  ; No                         ; Yes                        ; 2.62 V                      ; 4.66e-08 V                  ; 2.72 V             ; -0.0215 V          ; 0.161 V                             ; 0.061 V                             ; 4.44e-10 s                 ; 4.06e-10 s                 ; No                        ; Yes                       ;
; current_pc[3] ; 2.5 V        ; 0 s                 ; 0 s                 ; 2.62 V                       ; 3.16e-08 V                   ; 2.71 V              ; -0.0171 V           ; 0.273 V                              ; 0.065 V                              ; 4.95e-10 s                  ; 5.37e-10 s                  ; No                         ; Yes                        ; 2.62 V                      ; 3.16e-08 V                  ; 2.71 V             ; -0.0171 V          ; 0.273 V                             ; 0.065 V                             ; 4.95e-10 s                 ; 5.37e-10 s                 ; No                        ; Yes                       ;
; current_pc[4] ; 2.5 V        ; 0 s                 ; 0 s                 ; 2.62 V                       ; 4.66e-08 V                   ; 2.72 V              ; -0.0215 V           ; 0.161 V                              ; 0.061 V                              ; 4.44e-10 s                  ; 4.06e-10 s                  ; No                         ; Yes                        ; 2.62 V                      ; 4.66e-08 V                  ; 2.72 V             ; -0.0215 V          ; 0.161 V                             ; 0.061 V                             ; 4.44e-10 s                 ; 4.06e-10 s                 ; No                        ; Yes                       ;
; ~ALTERA_NCEO~ ; 2.5 V        ; 0 s                 ; 0 s                 ; 2.62 V                       ; 3.06e-08 V                   ; 2.86 V              ; -0.0341 V           ; 0.364 V                              ; 0.046 V                              ; 1.17e-10 s                  ; 2.6e-10 s                   ; No                         ; Yes                        ; 2.62 V                      ; 3.06e-08 V                  ; 2.86 V             ; -0.0341 V          ; 0.364 V                             ; 0.046 V                             ; 1.17e-10 s                 ; 2.6e-10 s                  ; No                        ; Yes                       ;
; ~ALTERA_DCLK~ ; 2.5 V        ; 0 s                 ; 0 s                 ; 2.62 V                       ; 3.81e-08 V                   ; 2.72 V              ; -0.0542 V           ; 0.144 V                              ; 0.087 V                              ; 2.55e-10 s                  ; 2.14e-10 s                  ; Yes                        ; Yes                        ; 2.62 V                      ; 3.81e-08 V                  ; 2.72 V             ; -0.0542 V          ; 0.144 V                             ; 0.087 V                             ; 2.55e-10 s                 ; 2.14e-10 s                 ; Yes                       ; Yes                       ;
+---------------+--------------+---------------------+---------------------+------------------------------+------------------------------+---------------------+---------------------+--------------------------------------+--------------------------------------+-----------------------------+-----------------------------+----------------------------+----------------------------+-----------------------------+-----------------------------+--------------------+--------------------+-------------------------------------+-------------------------------------+----------------------------+----------------------------+---------------------------+---------------------------+


+-------------------------------------------------------------------+
; Setup Transfers                                                   ;
+------------+----------+----------+----------+----------+----------+
; From Clock ; To Clock ; RR Paths ; FR Paths ; RF Paths ; FF Paths ;
+------------+----------+----------+----------+----------+----------+
; clk        ; clk      ; 160846   ; 0        ; 0        ; 0        ;
+------------+----------+----------+----------+----------+----------+
Entries labeled "false path" only account for clock-to-clock false paths and not path-based false paths. As a result, actual path counts may be lower than reported.


+-------------------------------------------------------------------+
; Hold Transfers                                                    ;
+------------+----------+----------+----------+----------+----------+
; From Clock ; To Clock ; RR Paths ; FR Paths ; RF Paths ; FF Paths ;
+------------+----------+----------+----------+----------+----------+
; clk        ; clk      ; 160846   ; 0        ; 0        ; 0        ;
+------------+----------+----------+----------+----------+----------+
Entries labeled "false path" only account for clock-to-clock false paths and not path-based false paths. As a result, actual path counts may be lower than reported.


---------------
; Report TCCS ;
---------------
No dedicated SERDES Transmitter circuitry present in device or used in design


---------------
; Report RSKM ;
---------------
No dedicated SERDES Receiver circuitry present in device or used in design


+------------------------------------------------+
; Unconstrained Paths                            ;
+---------------------------------+-------+------+
; Property                        ; Setup ; Hold ;
+---------------------------------+-------+------+
; Illegal Clocks                  ; 0     ; 0    ;
; Unconstrained Clocks            ; 0     ; 0    ;
; Unconstrained Input Ports       ; 33    ; 33   ;
; Unconstrained Input Port Paths  ; 145   ; 145  ;
; Unconstrained Output Ports      ; 38    ; 38   ;
; Unconstrained Output Port Paths ; 38    ; 38   ;
+---------------------------------+-------+------+


+------------------------------------+
; TimeQuest Timing Analyzer Messages ;
+------------------------------------+
Info: *******************************************************************
Info: Running Quartus II 64-Bit TimeQuest Timing Analyzer
    Info: Version 13.0.1 Build 232 06/12/2013 Service Pack 1 SJ Web Edition
    Info: Processing started: Wed Sep 02 11:31:52 2026
Info: Command: quartus_sta Pipeline_CPU -c Pipeline_CPU
Info: qsta_default_script.tcl version: #1
Warning (20028): Parallel compilation is not licensed and has been disabled
Info (21076): High junction temperature operating condition is not set. Assuming a default value of '85'.
Info (21076): Low junction temperature operating condition is not set. Assuming a default value of '0'.
Critical Warning (332012): Synopsys Design Constraints File file not found: 'Pipeline_CPU.sdc'. A Synopsys Design Constraints File is required by the TimeQuest Timing Analyzer to get proper timing constraints. Without it, the Compiler will not properly optimize the design.
Info (332142): No user constrained base clocks found in the design. Calling "derive_clocks -period 1.0"
Info (332105): Deriving Clocks
    Info (332105): create_clock -period 1.000 -name clk clk
Info (332143): No user constrained clock uncertainty found in the design. Calling "derive_clock_uncertainty"
Info (332123): Deriving Clock Uncertainty. Please refer to report_sdc in TimeQuest to see clock uncertainties.
Info: Found TIMEQUEST_REPORT_SCRIPT_INCLUDE_DEFAULT_ANALYSIS = ON
Info: Analyzing Slow 1200mV 85C Model
Critical Warning (332148): Timing requirements not met
    Info (11105): For recommendations on closing timing, run Report Timing Closure Recommendations in the TimeQuest Timing Analyzer.
Info (332146): Worst-case setup slack is -6.591
    Info (332119):     Slack End Point TNS Clock 
    Info (332119): ========= ============= =====================
    Info (332119):    -6.591      -408.590 clk 
Info (332146): Worst-case hold slack is 0.355
    Info (332119):     Slack End Point TNS Clock 
    Info (332119): ========= ============= =====================
    Info (332119):     0.355         0.000 clk 
Info (332140): No Recovery paths to report
Info (332140): No Removal paths to report
Info (332146): Worst-case minimum pulse width slack is -3.000
    Info (332119):     Slack End Point TNS Clock 
    Info (332119): ========= ============= =====================
    Info (332119):    -3.000      -118.000 clk 
Info: Analyzing Slow 1200mV 0C Model
Info (334003): Started post-fitting delay annotation
Info (334004): Delay annotation completed successfully
Info (332123): Deriving Clock Uncertainty. Please refer to report_sdc in TimeQuest to see clock uncertainties.
Critical Warning (332148): Timing requirements not met
    Info (11105): For recommendations on closing timing, run Report Timing Closure Recommendations in the TimeQuest Timing Analyzer.
Info (332146): Worst-case setup slack is -5.758
    Info (332119):     Slack End Point TNS Clock 
    Info (332119): ========= ============= =====================
    Info (332119):    -5.758      -355.372 clk 
Info (332146): Worst-case hold slack is 0.310
    Info (332119):     Slack End Point TNS Clock 
    Info (332119): ========= ============= =====================
    Info (332119):     0.310         0.000 clk 
Info (332140): No Recovery paths to report
Info (332140): No Removal paths to report
Info (332146): Worst-case minimum pulse width slack is -3.000
    Info (332119):     Slack End Point TNS Clock 
    Info (332119): ========= ============= =====================
    Info (332119):    -3.000      -118.000 clk 
Info: Analyzing Fast 1200mV 0C Model
Info (332123): Deriving Clock Uncertainty. Please refer to report_sdc in TimeQuest to see clock uncertainties.
Critical Warning (332148): Timing requirements not met
    Info (11105): For recommendations on closing timing, run Report Timing Closure Recommendations in the TimeQuest Timing Analyzer.
Info (332146): Worst-case setup slack is -3.308
    Info (332119):     Slack End Point TNS Clock 
    Info (332119): ========= ============= =====================
    Info (332119):    -3.308      -182.616 clk 
Info (332146): Worst-case hold slack is 0.186
    Info (332119):     Slack End Point TNS Clock 
    Info (332119): ========= ============= =====================
    Info (332119):     0.186         0.000 clk 
Info (332140): No Recovery paths to report
Info (332140): No Removal paths to report
Info (332146): Worst-case minimum pulse width slack is -3.000
    Info (332119):     Slack End Point TNS Clock 
    Info (332119): ========= ============= =====================
    Info (332119):    -3.000      -122.033 clk 
Info (332102): Design is not fully constrained for setup requirements
Info (332102): Design is not fully constrained for hold requirements
Info: Quartus II 64-Bit TimeQuest Timing Analyzer was successful. 0 errors, 5 warnings
    Info: Peak virtual memory: 4621 megabytes
    Info: Processing ended: Wed Sep 02 11:31:54 2026
    Info: Elapsed time: 00:00:02
    Info: Total CPU time (on all processors): 00:00:02


