TimeQuest Timing Analyzer report for uart_top
Wed Sep 02 11:25:18 2026
Quartus II 64-Bit Version 13.0.1 Build 232 06/12/2013 Service Pack 1 SJ Web Edition


---------------------
; Table of Contents ;
---------------------
  1. Legal Notice
  2. TimeQuest Timing Analyzer Summary
  3. Parallel Compilation
  4. Clocks
  5. Slow 1200mV 85C Model Fmax Summary
  6. Timing Closure Recommendations
  7. Slow 1200mV 85C Model Setup Summary
  8. Slow 1200mV 85C Model Hold Summary
  9. Slow 1200mV 85C Model Recovery Summary
 10. Slow 1200mV 85C Model Removal Summary
 11. Slow 1200mV 85C Model Minimum Pulse Width Summary
 12. Slow 1200mV 85C Model Setup: 'clk'
 13. Slow 1200mV 85C Model Hold: 'clk'
 14. Slow 1200mV 85C Model Minimum Pulse Width: 'clk'
 15. Setup Times
 16. Hold Times
 17. Clock to Output Times
 18. Minimum Clock to Output Times
 19. Slow 1200mV 85C Model Metastability Report
 20. Slow 1200mV 0C Model Fmax Summary
 21. Slow 1200mV 0C Model Setup Summary
 22. Slow 1200mV 0C Model Hold Summary
 23. Slow 1200mV 0C Model Recovery Summary
 24. Slow 1200mV 0C Model Removal Summary
 25. Slow 1200mV 0C Model Minimum Pulse Width Summary
 26. Slow 1200mV 0C Model Setup: 'clk'
 27. Slow 1200mV 0C Model Hold: 'clk'
 28. Slow 1200mV 0C Model Minimum Pulse Width: 'clk'
 29. Setup Times
 30. Hold Times
 31. Clock to Output Times
 32. Minimum Clock to Output Times
 33. Slow 1200mV 0C Model Metastability Report
 34. Fast 1200mV 0C Model Setup Summary
 35. Fast 1200mV 0C Model Hold Summary
 36. Fast 1200mV 0C Model Recovery Summary
 37. Fast 1200mV 0C Model Removal Summary
 38. Fast 1200mV 0C Model Minimum Pulse Width Summary
 39. Fast 1200mV 0C Model Setup: 'clk'
 40. Fast 1200mV 0C Model Hold: 'clk'
 41. Fast 1200mV 0C Model Minimum Pulse Width: 'clk'
 42. Setup Times
 43. Hold Times
 44. Clock to Output Times
 45. Minimum Clock to Output Times
 46. Fast 1200mV 0C Model Metastability Report
 47. Multicorner Timing Analysis Summary
 48. Setup Times
 49. Hold Times
 50. Clock to Output Times
 51. Minimum Clock to Output Times
 52. Board Trace Model Assignments
 53. Input Transition Times
 54. Signal Integrity Metrics (Slow 1200mv 0c Model)
 55. Signal Integrity Metrics (Slow 1200mv 85c Model)
 56. Signal Integrity Metrics (Fast 1200mv 0c Model)
 57. Setup Transfers
 58. Hold Transfers
 59. Report TCCS
 60. Report RSKM
 61. Unconstrained Paths
 62. TimeQuest Timing Analyzer Messages



----------------
; Legal Notice ;
----------------
Copyright (C) 1991-2013 Altera Corporation
Your use of Altera Corporation's design tools, logic functions 
and other software and tools, and its AMPP partner logic 
functions, and any output files from any of the foregoing 
(including device programming or simulation files), and any 
associated documentation or information are expressly subject 
to the terms and conditions of the Altera Program License 
Subscription Agreement, Altera MegaCore Function License 
Agreement, or other applicable license agreement, including, 
without limitation, that your use is for the sole purpose of 
programming logic devices manufactured by Altera and sold by 
Altera or its authorized distributors.  Please refer to the 
applicable agreement for further details.



+----------------------------------------------------------------------------------------+
; TimeQuest Timing Analyzer Summary                                                      ;
+--------------------+-------------------------------------------------------------------+
; Quartus II Version ; Version 13.0.1 Build 232 06/12/2013 Service Pack 1 SJ Web Edition ;
; Revision Name      ; uart_top                                                          ;
; Device Family      ; Cyclone IV GX                                                     ;
; Device Name        ; EP4CGX15BF14C6                                                    ;
; Timing Models      ; Final                                                             ;
; Delay Model        ; Combined                                                          ;
; Rise/Fall Delays   ; Enabled                                                           ;
+--------------------+-------------------------------------------------------------------+


Parallel compilation was disabled, but you have multiple processors available. Enable parallel compilation to reduce compilation time.
+-------------------------------------+
; Parallel Compilation                ;
+----------------------------+--------+
; Processors                 ; Number ;
+----------------------------+--------+
; Number detected on machine ; 20     ;
; Maximum allowed            ; 1      ;
+----------------------------+--------+


+---------------------------------------------------------------------------------------------------------------------------------------------------------------------------------+
; Clocks                                                                                                                                                                          ;
+------------+------+--------+------------+-------+-------+------------+-----------+-------------+-------+--------+-----------+------------+----------+--------+--------+---------+
; Clock Name ; Type ; Period ; Frequency  ; Rise  ; Fall  ; Duty Cycle ; Divide by ; Multiply by ; Phase ; Offset ; Edge List ; Edge Shift ; Inverted ; Master ; Source ; Targets ;
+------------+------+--------+------------+-------+-------+------------+-----------+-------------+-------+--------+-----------+------------+----------+--------+--------+---------+
; clk        ; Base ; 1.000  ; 1000.0 MHz ; 0.000 ; 0.500 ;            ;           ;             ;       ;        ;           ;            ;          ;        ;        ; { clk } ;
+------------+------+--------+------------+-------+-------+------------+-----------+-------------+-------+--------+-----------+------------+----------+--------+--------+---------+


+-----------------------------------------------------------------------------------------------------------+
; Slow 1200mV 85C Model Fmax Summary                                                                        ;
+------------+-----------------+------------+---------------------------------------------------------------+
; Fmax       ; Restricted Fmax ; Clock Name ; Note                                                          ;
+------------+-----------------+------------+---------------------------------------------------------------+
; 502.77 MHz ; 250.0 MHz       ; clk        ; limit due to minimum period restriction (max I/O toggle rate) ;
+------------+-----------------+------------+---------------------------------------------------------------+
This panel reports FMAX for every clock in the design, regardless of the user-specified clock periods.  FMAX is only computed for paths where the source and destination registers or ports are driven by the same clock.  Paths of different clocks, including generated clocks, are ignored.  For paths between a clock and its inversion, FMAX is computed as if the rising and falling edges are scaled along with FMAX, such that the duty cycle (in terms of a percentage) is maintained. Altera recommends that you always use clock constraints and other slack reports for sign-off analysis.


----------------------------------
; Timing Closure Recommendations ;
----------------------------------
HTML report is unavailable in plain text report export.


+-------------------------------------+
; Slow 1200mV 85C Model Setup Summary ;
+-------+--------+--------------------+
; Clock ; Slack  ; End Point TNS      ;
+-------+--------+--------------------+
; clk   ; -0.989 ; -20.403            ;
+-------+--------+--------------------+


+------------------------------------+
; Slow 1200mV 85C Model Hold Summary ;
+-------+-------+--------------------+
; Clock ; Slack ; End Point TNS      ;
+-------+-------+--------------------+
; clk   ; 0.355 ; 0.000              ;
+-------+-------+--------------------+


------------------------------------------
; Slow 1200mV 85C Model Recovery Summary ;
------------------------------------------
No paths to report.


-----------------------------------------
; Slow 1200mV 85C Model Removal Summary ;
-----------------------------------------
No paths to report.


+---------------------------------------------------+
; Slow 1200mV 85C Model Minimum Pulse Width Summary ;
+-------+--------+----------------------------------+
; Clock ; Slack  ; End Point TNS                    ;
+-------+--------+----------------------------------+
; clk   ; -3.000 ; -42.000                          ;
+-------+--------+----------------------------------+


+----------------------------------------------------------------------------------------------------------------------------------------------+
; Slow 1200mV 85C Model Setup: 'clk'                                                                                                           ;
+--------+-------------------------------+-------------------------------+--------------+-------------+--------------+------------+------------+
; Slack  ; From Node                     ; To Node                       ; Launch Clock ; Latch Clock ; Relationship ; Clock Skew ; Data Delay ;
+--------+-------------------------------+-------------------------------+--------------+-------------+--------------+------------+------------+
; -0.989 ; uart_rx:rx_unit|bit_cnt[2]    ; uart_rx:rx_unit|bit_cnt[2]    ; clk          ; clk         ; 1.000        ; -0.065     ; 1.919      ;
; -0.987 ; uart_rx:rx_unit|bit_cnt[2]    ; uart_rx:rx_unit|bit_cnt[1]    ; clk          ; clk         ; 1.000        ; -0.065     ; 1.917      ;
; -0.978 ; uart_rx:rx_unit|bit_cnt[1]    ; uart_rx:rx_unit|bit_cnt[2]    ; clk          ; clk         ; 1.000        ; -0.065     ; 1.908      ;
; -0.976 ; uart_rx:rx_unit|bit_cnt[1]    ; uart_rx:rx_unit|bit_cnt[1]    ; clk          ; clk         ; 1.000        ; -0.065     ; 1.906      ;
; -0.844 ; uart_rx:rx_unit|bit_cnt[0]    ; uart_rx:rx_unit|bit_cnt[2]    ; clk          ; clk         ; 1.000        ; -0.065     ; 1.774      ;
; -0.842 ; uart_rx:rx_unit|bit_cnt[0]    ; uart_rx:rx_unit|bit_cnt[1]    ; clk          ; clk         ; 1.000        ; -0.065     ; 1.772      ;
; -0.770 ; uart_tx:tx_unit|bit_cnt[1]    ; uart_tx:tx_unit|bit_cnt[1]    ; clk          ; clk         ; 1.000        ; -0.064     ; 1.701      ;
; -0.701 ; uart_rx:rx_unit|bit_cnt[3]    ; uart_rx:rx_unit|bit_cnt[2]    ; clk          ; clk         ; 1.000        ; -0.065     ; 1.631      ;
; -0.699 ; uart_rx:rx_unit|bit_cnt[3]    ; uart_rx:rx_unit|bit_cnt[1]    ; clk          ; clk         ; 1.000        ; -0.065     ; 1.629      ;
; -0.671 ; uart_rx:rx_unit|bit_cnt[2]    ; uart_rx:rx_unit|state.RECEIVE ; clk          ; clk         ; 1.000        ; -0.065     ; 1.601      ;
; -0.667 ; uart_rx:rx_unit|bit_cnt[2]    ; uart_rx:rx_unit|bit_cnt[0]    ; clk          ; clk         ; 1.000        ; -0.065     ; 1.597      ;
; -0.660 ; uart_rx:rx_unit|bit_cnt[1]    ; uart_rx:rx_unit|state.RECEIVE ; clk          ; clk         ; 1.000        ; -0.065     ; 1.590      ;
; -0.656 ; uart_rx:rx_unit|bit_cnt[1]    ; uart_rx:rx_unit|bit_cnt[0]    ; clk          ; clk         ; 1.000        ; -0.065     ; 1.586      ;
; -0.635 ; uart_tx:tx_unit|bit_cnt[2]    ; uart_tx:tx_unit|bit_cnt[1]    ; clk          ; clk         ; 1.000        ; -0.064     ; 1.566      ;
; -0.618 ; uart_tx:tx_unit|tx_busy       ; uart_tx:tx_unit|bit_cnt[0]    ; clk          ; clk         ; 1.000        ; -0.064     ; 1.549      ;
; -0.618 ; uart_tx:tx_unit|tx_busy       ; uart_tx:tx_unit|bit_cnt[1]    ; clk          ; clk         ; 1.000        ; -0.064     ; 1.549      ;
; -0.618 ; uart_tx:tx_unit|tx_busy       ; uart_tx:tx_unit|bit_cnt[2]    ; clk          ; clk         ; 1.000        ; -0.064     ; 1.549      ;
; -0.618 ; uart_tx:tx_unit|tx_busy       ; uart_tx:tx_unit|shift_reg[7]  ; clk          ; clk         ; 1.000        ; -0.064     ; 1.549      ;
; -0.618 ; uart_tx:tx_unit|tx_busy       ; uart_tx:tx_unit|shift_reg[6]  ; clk          ; clk         ; 1.000        ; -0.064     ; 1.549      ;
; -0.618 ; uart_tx:tx_unit|tx_busy       ; uart_tx:tx_unit|shift_reg[5]  ; clk          ; clk         ; 1.000        ; -0.064     ; 1.549      ;
; -0.618 ; uart_tx:tx_unit|tx_busy       ; uart_tx:tx_unit|shift_reg[4]  ; clk          ; clk         ; 1.000        ; -0.064     ; 1.549      ;
; -0.618 ; uart_tx:tx_unit|tx_busy       ; uart_tx:tx_unit|shift_reg[3]  ; clk          ; clk         ; 1.000        ; -0.064     ; 1.549      ;
; -0.618 ; uart_tx:tx_unit|tx_busy       ; uart_tx:tx_unit|shift_reg[2]  ; clk          ; clk         ; 1.000        ; -0.064     ; 1.549      ;
; -0.618 ; uart_tx:tx_unit|tx_busy       ; uart_tx:tx_unit|shift_reg[1]  ; clk          ; clk         ; 1.000        ; -0.064     ; 1.549      ;
; -0.618 ; uart_tx:tx_unit|tx_busy       ; uart_tx:tx_unit|shift_reg[0]  ; clk          ; clk         ; 1.000        ; -0.064     ; 1.549      ;
; -0.618 ; uart_tx:tx_unit|tx_busy       ; uart_tx:tx_unit|tx_out        ; clk          ; clk         ; 1.000        ; -0.064     ; 1.549      ;
; -0.604 ; uart_tx:tx_unit|bit_cnt[0]    ; uart_tx:tx_unit|bit_cnt[2]    ; clk          ; clk         ; 1.000        ; -0.064     ; 1.535      ;
; -0.603 ; uart_tx:tx_unit|tx_busy       ; uart_tx:tx_unit|bit_cnt[3]    ; clk          ; clk         ; 1.000        ; -0.063     ; 1.535      ;
; -0.601 ; uart_tx:tx_unit|bit_cnt[2]    ; uart_tx:tx_unit|bit_cnt[3]    ; clk          ; clk         ; 1.000        ; -0.063     ; 1.533      ;
; -0.596 ; uart_rx:rx_unit|bit_cnt[2]    ; uart_rx:rx_unit|bit_cnt[3]    ; clk          ; clk         ; 1.000        ; -0.065     ; 1.526      ;
; -0.596 ; uart_rx:rx_unit|bit_cnt[1]    ; uart_rx:rx_unit|bit_cnt[3]    ; clk          ; clk         ; 1.000        ; -0.065     ; 1.526      ;
; -0.587 ; uart_tx:tx_unit|bit_cnt[0]    ; uart_tx:tx_unit|bit_cnt[3]    ; clk          ; clk         ; 1.000        ; -0.063     ; 1.519      ;
; -0.565 ; uart_tx:tx_unit|bit_cnt[1]    ; uart_tx:tx_unit|bit_cnt[3]    ; clk          ; clk         ; 1.000        ; -0.063     ; 1.497      ;
; -0.548 ; uart_rx:rx_unit|state.DONE    ; uart_rx:rx_unit|state.IDLE    ; clk          ; clk         ; 1.000        ; -0.392     ; 1.151      ;
; -0.526 ; uart_rx:rx_unit|bit_cnt[0]    ; uart_rx:rx_unit|state.RECEIVE ; clk          ; clk         ; 1.000        ; -0.065     ; 1.456      ;
; -0.522 ; uart_rx:rx_unit|bit_cnt[0]    ; uart_rx:rx_unit|bit_cnt[0]    ; clk          ; clk         ; 1.000        ; -0.065     ; 1.452      ;
; -0.521 ; uart_tx:tx_unit|bit_cnt[3]    ; uart_tx:tx_unit|bit_cnt[1]    ; clk          ; clk         ; 1.000        ; -0.065     ; 1.451      ;
; -0.507 ; uart_tx:tx_unit|tx_out        ; uart_rx:rx_unit|bit_cnt[2]    ; clk          ; clk         ; 1.000        ; -0.052     ; 1.450      ;
; -0.507 ; uart_tx:tx_unit|tx_out        ; uart_rx:rx_unit|bit_cnt[3]    ; clk          ; clk         ; 1.000        ; -0.052     ; 1.450      ;
; -0.506 ; uart_tx:tx_unit|tx_out        ; uart_rx:rx_unit|bit_cnt[0]    ; clk          ; clk         ; 1.000        ; -0.052     ; 1.449      ;
; -0.505 ; uart_tx:tx_unit|tx_out        ; uart_rx:rx_unit|bit_cnt[1]    ; clk          ; clk         ; 1.000        ; -0.052     ; 1.448      ;
; -0.502 ; uart_rx:rx_unit|bit_cnt[0]    ; uart_rx:rx_unit|bit_cnt[3]    ; clk          ; clk         ; 1.000        ; -0.065     ; 1.432      ;
; -0.490 ; uart_rx:rx_unit|state.DONE    ; uart_rx:rx_unit|data_out[0]   ; clk          ; clk         ; 1.000        ; -0.391     ; 1.094      ;
; -0.490 ; uart_rx:rx_unit|state.DONE    ; uart_rx:rx_unit|data_out[1]   ; clk          ; clk         ; 1.000        ; -0.391     ; 1.094      ;
; -0.490 ; uart_rx:rx_unit|state.DONE    ; uart_rx:rx_unit|data_out[2]   ; clk          ; clk         ; 1.000        ; -0.391     ; 1.094      ;
; -0.490 ; uart_rx:rx_unit|state.DONE    ; uart_rx:rx_unit|data_out[3]   ; clk          ; clk         ; 1.000        ; -0.391     ; 1.094      ;
; -0.490 ; uart_rx:rx_unit|state.DONE    ; uart_rx:rx_unit|data_out[4]   ; clk          ; clk         ; 1.000        ; -0.391     ; 1.094      ;
; -0.490 ; uart_rx:rx_unit|state.DONE    ; uart_rx:rx_unit|data_out[5]   ; clk          ; clk         ; 1.000        ; -0.391     ; 1.094      ;
; -0.490 ; uart_rx:rx_unit|state.DONE    ; uart_rx:rx_unit|data_out[6]   ; clk          ; clk         ; 1.000        ; -0.391     ; 1.094      ;
; -0.490 ; uart_rx:rx_unit|state.DONE    ; uart_rx:rx_unit|data_out[7]   ; clk          ; clk         ; 1.000        ; -0.391     ; 1.094      ;
; -0.482 ; uart_tx:tx_unit|bit_cnt[0]    ; uart_tx:tx_unit|bit_cnt[1]    ; clk          ; clk         ; 1.000        ; -0.064     ; 1.413      ;
; -0.480 ; uart_tx:tx_unit|bit_cnt[1]    ; uart_tx:tx_unit|bit_cnt[2]    ; clk          ; clk         ; 1.000        ; -0.064     ; 1.411      ;
; -0.475 ; uart_tx:tx_unit|bit_cnt[1]    ; uart_tx:tx_unit|tx_busy       ; clk          ; clk         ; 1.000        ; -0.064     ; 1.406      ;
; -0.412 ; uart_rx:rx_unit|state.DONE    ; uart_rx:rx_unit|rx_done       ; clk          ; clk         ; 1.000        ; -0.392     ; 1.015      ;
; -0.380 ; uart_rx:rx_unit|bit_cnt[3]    ; uart_rx:rx_unit|state.RECEIVE ; clk          ; clk         ; 1.000        ; -0.065     ; 1.310      ;
; -0.378 ; uart_rx:rx_unit|shift_reg[1]  ; uart_rx:rx_unit|data_out[1]   ; clk          ; clk         ; 1.000        ; -0.394     ; 0.979      ;
; -0.378 ; uart_tx:tx_unit|bit_cnt[3]    ; uart_tx:tx_unit|bit_cnt[3]    ; clk          ; clk         ; 1.000        ; -0.064     ; 1.309      ;
; -0.360 ; uart_rx:rx_unit|shift_reg[0]  ; uart_rx:rx_unit|data_out[0]   ; clk          ; clk         ; 1.000        ; -0.394     ; 0.961      ;
; -0.348 ; uart_rx:rx_unit|state.RECEIVE ; uart_rx:rx_unit|shift_reg[7]  ; clk          ; clk         ; 1.000        ; 0.253      ; 1.596      ;
; -0.348 ; uart_rx:rx_unit|state.RECEIVE ; uart_rx:rx_unit|shift_reg[6]  ; clk          ; clk         ; 1.000        ; 0.253      ; 1.596      ;
; -0.348 ; uart_rx:rx_unit|state.RECEIVE ; uart_rx:rx_unit|shift_reg[5]  ; clk          ; clk         ; 1.000        ; 0.253      ; 1.596      ;
; -0.348 ; uart_rx:rx_unit|state.RECEIVE ; uart_rx:rx_unit|shift_reg[4]  ; clk          ; clk         ; 1.000        ; 0.253      ; 1.596      ;
; -0.348 ; uart_rx:rx_unit|state.RECEIVE ; uart_rx:rx_unit|shift_reg[3]  ; clk          ; clk         ; 1.000        ; 0.253      ; 1.596      ;
; -0.348 ; uart_rx:rx_unit|state.RECEIVE ; uart_rx:rx_unit|shift_reg[2]  ; clk          ; clk         ; 1.000        ; 0.253      ; 1.596      ;
; -0.348 ; uart_rx:rx_unit|state.RECEIVE ; uart_rx:rx_unit|shift_reg[1]  ; clk          ; clk         ; 1.000        ; 0.253      ; 1.596      ;
; -0.348 ; uart_rx:rx_unit|state.RECEIVE ; uart_rx:rx_unit|shift_reg[0]  ; clk          ; clk         ; 1.000        ; 0.253      ; 1.596      ;
; -0.340 ; uart_tx:tx_unit|bit_cnt[2]    ; uart_tx:tx_unit|tx_busy       ; clk          ; clk         ; 1.000        ; -0.064     ; 1.271      ;
; -0.339 ; uart_tx:tx_unit|bit_cnt[2]    ; uart_tx:tx_unit|bit_cnt[2]    ; clk          ; clk         ; 1.000        ; -0.064     ; 1.270      ;
; -0.328 ; uart_rx:rx_unit|state.IDLE    ; uart_rx:rx_unit|bit_cnt[3]    ; clk          ; clk         ; 1.000        ; -0.065     ; 1.258      ;
; -0.327 ; uart_rx:rx_unit|state.IDLE    ; uart_rx:rx_unit|bit_cnt[0]    ; clk          ; clk         ; 1.000        ; -0.065     ; 1.257      ;
; -0.326 ; uart_rx:rx_unit|state.IDLE    ; uart_rx:rx_unit|bit_cnt[2]    ; clk          ; clk         ; 1.000        ; -0.065     ; 1.256      ;
; -0.324 ; uart_rx:rx_unit|state.IDLE    ; uart_rx:rx_unit|bit_cnt[1]    ; clk          ; clk         ; 1.000        ; -0.065     ; 1.254      ;
; -0.322 ; uart_rx:rx_unit|bit_cnt[3]    ; uart_rx:rx_unit|bit_cnt[0]    ; clk          ; clk         ; 1.000        ; -0.065     ; 1.252      ;
; -0.267 ; uart_tx:tx_unit|bit_cnt[3]    ; uart_tx:tx_unit|tx_busy       ; clk          ; clk         ; 1.000        ; -0.065     ; 1.197      ;
; -0.266 ; uart_tx:tx_unit|bit_cnt[3]    ; uart_tx:tx_unit|bit_cnt[2]    ; clk          ; clk         ; 1.000        ; -0.065     ; 1.196      ;
; -0.236 ; uart_rx:rx_unit|shift_reg[7]  ; uart_rx:rx_unit|data_out[7]   ; clk          ; clk         ; 1.000        ; -0.394     ; 0.837      ;
; -0.234 ; uart_rx:rx_unit|shift_reg[3]  ; uart_rx:rx_unit|data_out[3]   ; clk          ; clk         ; 1.000        ; -0.394     ; 0.835      ;
; -0.233 ; uart_rx:rx_unit|shift_reg[4]  ; uart_rx:rx_unit|data_out[4]   ; clk          ; clk         ; 1.000        ; -0.394     ; 0.834      ;
; -0.229 ; uart_rx:rx_unit|shift_reg[6]  ; uart_rx:rx_unit|data_out[6]   ; clk          ; clk         ; 1.000        ; -0.394     ; 0.830      ;
; -0.224 ; uart_rx:rx_unit|state.RECEIVE ; uart_rx:rx_unit|bit_cnt[0]    ; clk          ; clk         ; 1.000        ; -0.065     ; 1.154      ;
; -0.224 ; uart_tx:tx_unit|bit_cnt[0]    ; uart_tx:tx_unit|tx_busy       ; clk          ; clk         ; 1.000        ; -0.064     ; 1.155      ;
; -0.223 ; uart_rx:rx_unit|shift_reg[5]  ; uart_rx:rx_unit|shift_reg[4]  ; clk          ; clk         ; 1.000        ; -0.077     ; 1.141      ;
; -0.214 ; uart_rx:rx_unit|shift_reg[5]  ; uart_rx:rx_unit|data_out[5]   ; clk          ; clk         ; 1.000        ; -0.394     ; 0.815      ;
; -0.212 ; uart_rx:rx_unit|state.RECEIVE ; uart_rx:rx_unit|bit_cnt[3]    ; clk          ; clk         ; 1.000        ; -0.065     ; 1.142      ;
; -0.209 ; uart_rx:rx_unit|shift_reg[2]  ; uart_rx:rx_unit|data_out[2]   ; clk          ; clk         ; 1.000        ; -0.394     ; 0.810      ;
; -0.186 ; uart_tx:tx_unit|tx_out        ; uart_rx:rx_unit|state.RECEIVE ; clk          ; clk         ; 1.000        ; -0.052     ; 1.129      ;
; -0.186 ; uart_tx:tx_unit|tx_out        ; uart_rx:rx_unit|state.IDLE    ; clk          ; clk         ; 1.000        ; -0.052     ; 1.129      ;
; -0.185 ; uart_tx:tx_unit|shift_reg[8]  ; uart_tx:tx_unit|shift_reg[7]  ; clk          ; clk         ; 1.000        ; -0.065     ; 1.115      ;
; -0.183 ; uart_rx:rx_unit|bit_cnt[2]    ; uart_rx:rx_unit|state.DONE    ; clk          ; clk         ; 1.000        ; 0.249      ; 1.427      ;
; -0.172 ; uart_rx:rx_unit|bit_cnt[1]    ; uart_rx:rx_unit|state.DONE    ; clk          ; clk         ; 1.000        ; 0.249      ; 1.416      ;
; -0.169 ; uart_rx:rx_unit|state.RECEIVE ; uart_rx:rx_unit|bit_cnt[1]    ; clk          ; clk         ; 1.000        ; -0.065     ; 1.099      ;
; -0.165 ; uart_rx:rx_unit|state.RECEIVE ; uart_rx:rx_unit|bit_cnt[2]    ; clk          ; clk         ; 1.000        ; -0.065     ; 1.095      ;
; -0.158 ; uart_rx:rx_unit|shift_reg[6]  ; uart_rx:rx_unit|shift_reg[5]  ; clk          ; clk         ; 1.000        ; -0.077     ; 1.076      ;
; -0.117 ; uart_tx:tx_unit|shift_reg[5]  ; uart_tx:tx_unit|shift_reg[4]  ; clk          ; clk         ; 1.000        ; -0.064     ; 1.048      ;
; -0.058 ; uart_tx:tx_unit|shift_reg[7]  ; uart_tx:tx_unit|shift_reg[6]  ; clk          ; clk         ; 1.000        ; -0.064     ; 0.989      ;
; -0.056 ; uart_tx:tx_unit|shift_reg[4]  ; uart_tx:tx_unit|shift_reg[3]  ; clk          ; clk         ; 1.000        ; -0.064     ; 0.987      ;
; -0.056 ; uart_tx:tx_unit|shift_reg[3]  ; uart_tx:tx_unit|shift_reg[2]  ; clk          ; clk         ; 1.000        ; -0.064     ; 0.987      ;
; -0.055 ; uart_tx:tx_unit|shift_reg[6]  ; uart_tx:tx_unit|shift_reg[5]  ; clk          ; clk         ; 1.000        ; -0.064     ; 0.986      ;
; -0.053 ; uart_rx:rx_unit|shift_reg[4]  ; uart_rx:rx_unit|shift_reg[3]  ; clk          ; clk         ; 1.000        ; -0.077     ; 0.971      ;
; -0.052 ; uart_tx:tx_unit|shift_reg[2]  ; uart_tx:tx_unit|shift_reg[1]  ; clk          ; clk         ; 1.000        ; -0.064     ; 0.983      ;
+--------+-------------------------------+-------------------------------+--------------+-------------+--------------+------------+------------+


+---------------------------------------------------------------------------------------------------------------------------------------------+
; Slow 1200mV 85C Model Hold: 'clk'                                                                                                           ;
+-------+-------------------------------+-------------------------------+--------------+-------------+--------------+------------+------------+
; Slack ; From Node                     ; To Node                       ; Launch Clock ; Latch Clock ; Relationship ; Clock Skew ; Data Delay ;
+-------+-------------------------------+-------------------------------+--------------+-------------+--------------+------------+------------+
; 0.355 ; uart_rx:rx_unit|state.IDLE    ; uart_rx:rx_unit|state.IDLE    ; clk          ; clk         ; 0.000        ; 0.065      ; 0.577      ;
; 0.355 ; uart_rx:rx_unit|state.RECEIVE ; uart_rx:rx_unit|state.RECEIVE ; clk          ; clk         ; 0.000        ; 0.065      ; 0.577      ;
; 0.355 ; uart_rx:rx_unit|bit_cnt[0]    ; uart_rx:rx_unit|bit_cnt[0]    ; clk          ; clk         ; 0.000        ; 0.065      ; 0.577      ;
; 0.355 ; uart_rx:rx_unit|bit_cnt[1]    ; uart_rx:rx_unit|bit_cnt[1]    ; clk          ; clk         ; 0.000        ; 0.065      ; 0.577      ;
; 0.355 ; uart_rx:rx_unit|bit_cnt[2]    ; uart_rx:rx_unit|bit_cnt[2]    ; clk          ; clk         ; 0.000        ; 0.065      ; 0.577      ;
; 0.355 ; uart_rx:rx_unit|bit_cnt[3]    ; uart_rx:rx_unit|bit_cnt[3]    ; clk          ; clk         ; 0.000        ; 0.065      ; 0.577      ;
; 0.356 ; uart_tx:tx_unit|bit_cnt[1]    ; uart_tx:tx_unit|bit_cnt[1]    ; clk          ; clk         ; 0.000        ; 0.064      ; 0.577      ;
; 0.356 ; uart_tx:tx_unit|tx_busy       ; uart_tx:tx_unit|tx_busy       ; clk          ; clk         ; 0.000        ; 0.064      ; 0.577      ;
; 0.356 ; uart_tx:tx_unit|shift_reg[8]  ; uart_tx:tx_unit|shift_reg[8]  ; clk          ; clk         ; 0.000        ; 0.064      ; 0.577      ;
; 0.359 ; uart_tx:tx_unit|bit_cnt[0]    ; uart_tx:tx_unit|bit_cnt[0]    ; clk          ; clk         ; 0.000        ; 0.064      ; 0.580      ;
; 0.371 ; uart_tx:tx_unit|shift_reg[0]  ; uart_tx:tx_unit|tx_out        ; clk          ; clk         ; 0.000        ; 0.064      ; 0.592      ;
; 0.372 ; uart_tx:tx_unit|shift_reg[1]  ; uart_tx:tx_unit|shift_reg[0]  ; clk          ; clk         ; 0.000        ; 0.064      ; 0.593      ;
; 0.377 ; uart_rx:rx_unit|shift_reg[7]  ; uart_rx:rx_unit|shift_reg[6]  ; clk          ; clk         ; 0.000        ; 0.077      ; 0.611      ;
; 0.398 ; uart_rx:rx_unit|state.RECEIVE ; uart_rx:rx_unit|state.DONE    ; clk          ; clk         ; 0.000        ; 0.392      ; 0.947      ;
; 0.455 ; uart_tx:tx_unit|tx_out        ; uart_rx:rx_unit|shift_reg[7]  ; clk          ; clk         ; 0.000        ; 0.407      ; 1.019      ;
; 0.463 ; uart_rx:rx_unit|bit_cnt[3]    ; uart_rx:rx_unit|state.DONE    ; clk          ; clk         ; 0.000        ; 0.392      ; 1.012      ;
; 0.526 ; uart_rx:rx_unit|shift_reg[2]  ; uart_rx:rx_unit|shift_reg[1]  ; clk          ; clk         ; 0.000        ; 0.077      ; 0.760      ;
; 0.548 ; uart_tx:tx_unit|tx_busy       ; uart_tx:tx_unit|shift_reg[8]  ; clk          ; clk         ; 0.000        ; 0.065      ; 0.770      ;
; 0.555 ; uart_tx:tx_unit|shift_reg[3]  ; uart_tx:tx_unit|shift_reg[2]  ; clk          ; clk         ; 0.000        ; 0.064      ; 0.776      ;
; 0.558 ; uart_tx:tx_unit|shift_reg[7]  ; uart_tx:tx_unit|shift_reg[6]  ; clk          ; clk         ; 0.000        ; 0.064      ; 0.779      ;
; 0.559 ; uart_tx:tx_unit|shift_reg[6]  ; uart_tx:tx_unit|shift_reg[5]  ; clk          ; clk         ; 0.000        ; 0.064      ; 0.780      ;
; 0.560 ; uart_tx:tx_unit|shift_reg[4]  ; uart_tx:tx_unit|shift_reg[3]  ; clk          ; clk         ; 0.000        ; 0.064      ; 0.781      ;
; 0.587 ; uart_rx:rx_unit|state.IDLE    ; uart_rx:rx_unit|state.RECEIVE ; clk          ; clk         ; 0.000        ; 0.065      ; 0.809      ;
; 0.595 ; uart_tx:tx_unit|shift_reg[2]  ; uart_tx:tx_unit|shift_reg[1]  ; clk          ; clk         ; 0.000        ; 0.064      ; 0.816      ;
; 0.606 ; uart_rx:rx_unit|bit_cnt[0]    ; uart_rx:rx_unit|state.DONE    ; clk          ; clk         ; 0.000        ; 0.392      ; 1.155      ;
; 0.616 ; uart_rx:rx_unit|shift_reg[1]  ; uart_rx:rx_unit|shift_reg[0]  ; clk          ; clk         ; 0.000        ; 0.077      ; 0.850      ;
; 0.626 ; uart_rx:rx_unit|shift_reg[3]  ; uart_rx:rx_unit|shift_reg[2]  ; clk          ; clk         ; 0.000        ; 0.077      ; 0.860      ;
; 0.649 ; uart_rx:rx_unit|state.RECEIVE ; uart_rx:rx_unit|bit_cnt[1]    ; clk          ; clk         ; 0.000        ; 0.065      ; 0.871      ;
; 0.650 ; uart_rx:rx_unit|state.RECEIVE ; uart_rx:rx_unit|bit_cnt[2]    ; clk          ; clk         ; 0.000        ; 0.065      ; 0.872      ;
; 0.662 ; uart_rx:rx_unit|shift_reg[4]  ; uart_rx:rx_unit|shift_reg[3]  ; clk          ; clk         ; 0.000        ; 0.077      ; 0.896      ;
; 0.695 ; uart_tx:tx_unit|shift_reg[8]  ; uart_tx:tx_unit|shift_reg[7]  ; clk          ; clk         ; 0.000        ; 0.063      ; 0.915      ;
; 0.713 ; uart_rx:rx_unit|bit_cnt[2]    ; uart_rx:rx_unit|state.DONE    ; clk          ; clk         ; 0.000        ; 0.392      ; 1.262      ;
; 0.713 ; uart_rx:rx_unit|bit_cnt[1]    ; uart_rx:rx_unit|state.DONE    ; clk          ; clk         ; 0.000        ; 0.392      ; 1.262      ;
; 0.728 ; uart_rx:rx_unit|bit_cnt[0]    ; uart_rx:rx_unit|bit_cnt[1]    ; clk          ; clk         ; 0.000        ; 0.065      ; 0.950      ;
; 0.730 ; uart_rx:rx_unit|state.RECEIVE ; uart_rx:rx_unit|bit_cnt[0]    ; clk          ; clk         ; 0.000        ; 0.065      ; 0.952      ;
; 0.734 ; uart_tx:tx_unit|shift_reg[5]  ; uart_tx:tx_unit|shift_reg[4]  ; clk          ; clk         ; 0.000        ; 0.064      ; 0.955      ;
; 0.736 ; uart_rx:rx_unit|state.RECEIVE ; uart_rx:rx_unit|bit_cnt[3]    ; clk          ; clk         ; 0.000        ; 0.065      ; 0.958      ;
; 0.740 ; uart_rx:rx_unit|shift_reg[6]  ; uart_rx:rx_unit|shift_reg[5]  ; clk          ; clk         ; 0.000        ; 0.077      ; 0.974      ;
; 0.787 ; uart_tx:tx_unit|tx_out        ; uart_rx:rx_unit|state.RECEIVE ; clk          ; clk         ; 0.000        ; 0.077      ; 1.021      ;
; 0.788 ; uart_tx:tx_unit|tx_out        ; uart_rx:rx_unit|state.IDLE    ; clk          ; clk         ; 0.000        ; 0.077      ; 1.022      ;
; 0.829 ; uart_rx:rx_unit|shift_reg[2]  ; uart_rx:rx_unit|data_out[2]   ; clk          ; clk         ; 0.000        ; -0.253     ; 0.733      ;
; 0.836 ; uart_rx:rx_unit|shift_reg[6]  ; uart_rx:rx_unit|data_out[6]   ; clk          ; clk         ; 0.000        ; -0.253     ; 0.740      ;
; 0.837 ; uart_tx:tx_unit|bit_cnt[0]    ; uart_tx:tx_unit|bit_cnt[2]    ; clk          ; clk         ; 0.000        ; 0.064      ; 1.058      ;
; 0.838 ; uart_rx:rx_unit|shift_reg[5]  ; uart_rx:rx_unit|data_out[5]   ; clk          ; clk         ; 0.000        ; -0.253     ; 0.742      ;
; 0.838 ; uart_tx:tx_unit|bit_cnt[0]    ; uart_tx:tx_unit|tx_busy       ; clk          ; clk         ; 0.000        ; 0.064      ; 1.059      ;
; 0.847 ; uart_rx:rx_unit|shift_reg[5]  ; uart_rx:rx_unit|shift_reg[4]  ; clk          ; clk         ; 0.000        ; 0.077      ; 1.081      ;
; 0.848 ; uart_rx:rx_unit|shift_reg[4]  ; uart_rx:rx_unit|data_out[4]   ; clk          ; clk         ; 0.000        ; -0.253     ; 0.752      ;
; 0.849 ; uart_rx:rx_unit|shift_reg[3]  ; uart_rx:rx_unit|data_out[3]   ; clk          ; clk         ; 0.000        ; -0.253     ; 0.753      ;
; 0.849 ; uart_rx:rx_unit|shift_reg[7]  ; uart_rx:rx_unit|data_out[7]   ; clk          ; clk         ; 0.000        ; -0.253     ; 0.753      ;
; 0.849 ; uart_tx:tx_unit|tx_busy       ; uart_tx:tx_unit|shift_reg[6]  ; clk          ; clk         ; 0.000        ; 0.064      ; 1.070      ;
; 0.852 ; uart_tx:tx_unit|tx_busy       ; uart_tx:tx_unit|bit_cnt[0]    ; clk          ; clk         ; 0.000        ; 0.064      ; 1.073      ;
; 0.852 ; uart_tx:tx_unit|tx_busy       ; uart_tx:tx_unit|shift_reg[2]  ; clk          ; clk         ; 0.000        ; 0.064      ; 1.073      ;
; 0.852 ; uart_tx:tx_unit|tx_busy       ; uart_tx:tx_unit|shift_reg[7]  ; clk          ; clk         ; 0.000        ; 0.064      ; 1.073      ;
; 0.854 ; uart_tx:tx_unit|tx_busy       ; uart_tx:tx_unit|shift_reg[3]  ; clk          ; clk         ; 0.000        ; 0.064      ; 1.075      ;
; 0.874 ; uart_tx:tx_unit|bit_cnt[3]    ; uart_tx:tx_unit|bit_cnt[2]    ; clk          ; clk         ; 0.000        ; 0.063      ; 1.094      ;
; 0.875 ; uart_tx:tx_unit|bit_cnt[3]    ; uart_tx:tx_unit|tx_busy       ; clk          ; clk         ; 0.000        ; 0.063      ; 1.095      ;
; 0.877 ; uart_tx:tx_unit|tx_busy       ; uart_tx:tx_unit|bit_cnt[3]    ; clk          ; clk         ; 0.000        ; 0.065      ; 1.099      ;
; 0.878 ; uart_tx:tx_unit|bit_cnt[2]    ; uart_tx:tx_unit|bit_cnt[2]    ; clk          ; clk         ; 0.000        ; 0.064      ; 1.099      ;
; 0.887 ; uart_rx:rx_unit|state.IDLE    ; uart_rx:rx_unit|bit_cnt[3]    ; clk          ; clk         ; 0.000        ; 0.065      ; 1.109      ;
; 0.891 ; uart_rx:rx_unit|state.IDLE    ; uart_rx:rx_unit|bit_cnt[1]    ; clk          ; clk         ; 0.000        ; 0.065      ; 1.113      ;
; 0.892 ; uart_rx:rx_unit|state.IDLE    ; uart_rx:rx_unit|bit_cnt[2]    ; clk          ; clk         ; 0.000        ; 0.065      ; 1.114      ;
; 0.898 ; uart_rx:rx_unit|state.IDLE    ; uart_rx:rx_unit|bit_cnt[0]    ; clk          ; clk         ; 0.000        ; 0.065      ; 1.120      ;
; 0.902 ; uart_tx:tx_unit|bit_cnt[3]    ; uart_tx:tx_unit|bit_cnt[3]    ; clk          ; clk         ; 0.000        ; 0.064      ; 1.123      ;
; 0.920 ; uart_tx:tx_unit|bit_cnt[2]    ; uart_tx:tx_unit|tx_busy       ; clk          ; clk         ; 0.000        ; 0.064      ; 1.141      ;
; 0.925 ; uart_tx:tx_unit|bit_cnt[0]    ; uart_tx:tx_unit|bit_cnt[3]    ; clk          ; clk         ; 0.000        ; 0.065      ; 1.147      ;
; 0.937 ; uart_rx:rx_unit|bit_cnt[3]    ; uart_rx:rx_unit|state.RECEIVE ; clk          ; clk         ; 0.000        ; 0.065      ; 1.159      ;
; 0.939 ; uart_tx:tx_unit|bit_cnt[1]    ; uart_tx:tx_unit|bit_cnt[3]    ; clk          ; clk         ; 0.000        ; 0.065      ; 1.161      ;
; 0.953 ; uart_rx:rx_unit|bit_cnt[3]    ; uart_rx:rx_unit|bit_cnt[0]    ; clk          ; clk         ; 0.000        ; 0.065      ; 1.175      ;
; 0.972 ; uart_rx:rx_unit|shift_reg[0]  ; uart_rx:rx_unit|data_out[0]   ; clk          ; clk         ; 0.000        ; -0.253     ; 0.876      ;
; 0.988 ; uart_rx:rx_unit|shift_reg[1]  ; uart_rx:rx_unit|data_out[1]   ; clk          ; clk         ; 0.000        ; -0.253     ; 0.892      ;
; 0.998 ; uart_tx:tx_unit|bit_cnt[1]    ; uart_tx:tx_unit|bit_cnt[2]    ; clk          ; clk         ; 0.000        ; 0.064      ; 1.219      ;
; 1.003 ; uart_tx:tx_unit|bit_cnt[0]    ; uart_tx:tx_unit|bit_cnt[1]    ; clk          ; clk         ; 0.000        ; 0.064      ; 1.224      ;
; 1.003 ; uart_tx:tx_unit|tx_busy       ; uart_tx:tx_unit|shift_reg[1]  ; clk          ; clk         ; 0.000        ; 0.064      ; 1.224      ;
; 1.014 ; uart_rx:rx_unit|state.DONE    ; uart_rx:rx_unit|rx_done       ; clk          ; clk         ; 0.000        ; -0.249     ; 0.922      ;
; 1.015 ; uart_tx:tx_unit|tx_busy       ; uart_tx:tx_unit|bit_cnt[1]    ; clk          ; clk         ; 0.000        ; 0.064      ; 1.236      ;
; 1.017 ; uart_rx:rx_unit|bit_cnt[0]    ; uart_rx:rx_unit|bit_cnt[3]    ; clk          ; clk         ; 0.000        ; 0.065      ; 1.239      ;
; 1.027 ; uart_tx:tx_unit|bit_cnt[2]    ; uart_tx:tx_unit|bit_cnt[3]    ; clk          ; clk         ; 0.000        ; 0.065      ; 1.249      ;
; 1.043 ; uart_rx:rx_unit|bit_cnt[2]    ; uart_rx:rx_unit|bit_cnt[3]    ; clk          ; clk         ; 0.000        ; 0.065      ; 1.265      ;
; 1.045 ; uart_tx:tx_unit|tx_busy       ; uart_tx:tx_unit|shift_reg[4]  ; clk          ; clk         ; 0.000        ; 0.064      ; 1.266      ;
; 1.045 ; uart_rx:rx_unit|bit_cnt[1]    ; uart_rx:rx_unit|bit_cnt[3]    ; clk          ; clk         ; 0.000        ; 0.065      ; 1.267      ;
; 1.049 ; uart_tx:tx_unit|tx_busy       ; uart_tx:tx_unit|tx_out        ; clk          ; clk         ; 0.000        ; 0.064      ; 1.270      ;
; 1.049 ; uart_rx:rx_unit|bit_cnt[0]    ; uart_rx:rx_unit|state.RECEIVE ; clk          ; clk         ; 0.000        ; 0.065      ; 1.271      ;
; 1.050 ; uart_tx:tx_unit|tx_busy       ; uart_tx:tx_unit|shift_reg[5]  ; clk          ; clk         ; 0.000        ; 0.064      ; 1.271      ;
; 1.050 ; uart_tx:tx_unit|tx_busy       ; uart_tx:tx_unit|bit_cnt[2]    ; clk          ; clk         ; 0.000        ; 0.064      ; 1.271      ;
; 1.052 ; uart_rx:rx_unit|state.RECEIVE ; uart_rx:rx_unit|shift_reg[7]  ; clk          ; clk         ; 0.000        ; 0.395      ; 1.604      ;
; 1.052 ; uart_rx:rx_unit|state.RECEIVE ; uart_rx:rx_unit|shift_reg[6]  ; clk          ; clk         ; 0.000        ; 0.395      ; 1.604      ;
; 1.052 ; uart_rx:rx_unit|state.RECEIVE ; uart_rx:rx_unit|shift_reg[5]  ; clk          ; clk         ; 0.000        ; 0.395      ; 1.604      ;
; 1.052 ; uart_rx:rx_unit|state.RECEIVE ; uart_rx:rx_unit|shift_reg[4]  ; clk          ; clk         ; 0.000        ; 0.395      ; 1.604      ;
; 1.052 ; uart_rx:rx_unit|state.RECEIVE ; uart_rx:rx_unit|shift_reg[3]  ; clk          ; clk         ; 0.000        ; 0.395      ; 1.604      ;
; 1.052 ; uart_rx:rx_unit|state.RECEIVE ; uart_rx:rx_unit|shift_reg[2]  ; clk          ; clk         ; 0.000        ; 0.395      ; 1.604      ;
; 1.052 ; uart_rx:rx_unit|state.RECEIVE ; uart_rx:rx_unit|shift_reg[1]  ; clk          ; clk         ; 0.000        ; 0.395      ; 1.604      ;
; 1.052 ; uart_rx:rx_unit|state.RECEIVE ; uart_rx:rx_unit|shift_reg[0]  ; clk          ; clk         ; 0.000        ; 0.395      ; 1.604      ;
; 1.073 ; uart_tx:tx_unit|bit_cnt[1]    ; uart_tx:tx_unit|tx_busy       ; clk          ; clk         ; 0.000        ; 0.064      ; 1.294      ;
; 1.081 ; uart_tx:tx_unit|tx_out        ; uart_rx:rx_unit|bit_cnt[1]    ; clk          ; clk         ; 0.000        ; 0.077      ; 1.315      ;
; 1.082 ; uart_tx:tx_unit|tx_out        ; uart_rx:rx_unit|bit_cnt[2]    ; clk          ; clk         ; 0.000        ; 0.077      ; 1.316      ;
; 1.083 ; uart_rx:rx_unit|state.DONE    ; uart_rx:rx_unit|state.IDLE    ; clk          ; clk         ; 0.000        ; -0.249     ; 0.991      ;
; 1.083 ; uart_tx:tx_unit|tx_out        ; uart_rx:rx_unit|bit_cnt[0]    ; clk          ; clk         ; 0.000        ; 0.077      ; 1.317      ;
; 1.084 ; uart_rx:rx_unit|bit_cnt[1]    ; uart_rx:rx_unit|bit_cnt[2]    ; clk          ; clk         ; 0.000        ; 0.065      ; 1.306      ;
; 1.084 ; uart_tx:tx_unit|tx_out        ; uart_rx:rx_unit|bit_cnt[3]    ; clk          ; clk         ; 0.000        ; 0.077      ; 1.318      ;
; 1.105 ; uart_tx:tx_unit|tx_busy       ; uart_tx:tx_unit|shift_reg[0]  ; clk          ; clk         ; 0.000        ; 0.064      ; 1.326      ;
+-------+-------------------------------+-------------------------------+--------------+-------------+--------------+------------+------------+


+---------------------------------------------------------------------------------------------------------------+
; Slow 1200mV 85C Model Minimum Pulse Width: 'clk'                                                              ;
+--------+--------------+----------------+-----------------+-------+------------+-------------------------------+
; Slack  ; Actual Width ; Required Width ; Type            ; Clock ; Clock Edge ; Target                        ;
+--------+--------------+----------------+-----------------+-------+------------+-------------------------------+
; -3.000 ; 1.000        ; 4.000          ; Port Rate       ; clk   ; Rise       ; clk                           ;
; -1.000 ; 1.000        ; 2.000          ; Min Period      ; clk   ; Rise       ; uart_rx:rx_unit|bit_cnt[0]    ;
; -1.000 ; 1.000        ; 2.000          ; Min Period      ; clk   ; Rise       ; uart_rx:rx_unit|bit_cnt[1]    ;
; -1.000 ; 1.000        ; 2.000          ; Min Period      ; clk   ; Rise       ; uart_rx:rx_unit|bit_cnt[2]    ;
; -1.000 ; 1.000        ; 2.000          ; Min Period      ; clk   ; Rise       ; uart_rx:rx_unit|bit_cnt[3]    ;
; -1.000 ; 1.000        ; 2.000          ; Min Period      ; clk   ; Rise       ; uart_rx:rx_unit|data_out[0]   ;
; -1.000 ; 1.000        ; 2.000          ; Min Period      ; clk   ; Rise       ; uart_rx:rx_unit|data_out[1]   ;
; -1.000 ; 1.000        ; 2.000          ; Min Period      ; clk   ; Rise       ; uart_rx:rx_unit|data_out[2]   ;
; -1.000 ; 1.000        ; 2.000          ; Min Period      ; clk   ; Rise       ; uart_rx:rx_unit|data_out[3]   ;
; -1.000 ; 1.000        ; 2.000          ; Min Period      ; clk   ; Rise       ; uart_rx:rx_unit|data_out[4]   ;
; -1.000 ; 1.000        ; 2.000          ; Min Period      ; clk   ; Rise       ; uart_rx:rx_unit|data_out[5]   ;
; -1.000 ; 1.000        ; 2.000          ; Min Period      ; clk   ; Rise       ; uart_rx:rx_unit|data_out[6]   ;
; -1.000 ; 1.000        ; 2.000          ; Min Period      ; clk   ; Rise       ; uart_rx:rx_unit|data_out[7]   ;
; -1.000 ; 1.000        ; 2.000          ; Min Period      ; clk   ; Rise       ; uart_rx:rx_unit|rx_done       ;
; -1.000 ; 1.000        ; 2.000          ; Min Period      ; clk   ; Rise       ; uart_rx:rx_unit|shift_reg[0]  ;
; -1.000 ; 1.000        ; 2.000          ; Min Period      ; clk   ; Rise       ; uart_rx:rx_unit|shift_reg[1]  ;
; -1.000 ; 1.000        ; 2.000          ; Min Period      ; clk   ; Rise       ; uart_rx:rx_unit|shift_reg[2]  ;
; -1.000 ; 1.000        ; 2.000          ; Min Period      ; clk   ; Rise       ; uart_rx:rx_unit|shift_reg[3]  ;
; -1.000 ; 1.000        ; 2.000          ; Min Period      ; clk   ; Rise       ; uart_rx:rx_unit|shift_reg[4]  ;
; -1.000 ; 1.000        ; 2.000          ; Min Period      ; clk   ; Rise       ; uart_rx:rx_unit|shift_reg[5]  ;
; -1.000 ; 1.000        ; 2.000          ; Min Period      ; clk   ; Rise       ; uart_rx:rx_unit|shift_reg[6]  ;
; -1.000 ; 1.000        ; 2.000          ; Min Period      ; clk   ; Rise       ; uart_rx:rx_unit|shift_reg[7]  ;
; -1.000 ; 1.000        ; 2.000          ; Min Period      ; clk   ; Rise       ; uart_rx:rx_unit|state.DONE    ;
; -1.000 ; 1.000        ; 2.000          ; Min Period      ; clk   ; Rise       ; uart_rx:rx_unit|state.IDLE    ;
; -1.000 ; 1.000        ; 2.000          ; Min Period      ; clk   ; Rise       ; uart_rx:rx_unit|state.RECEIVE ;
; -1.000 ; 1.000        ; 2.000          ; Min Period      ; clk   ; Rise       ; uart_tx:tx_unit|bit_cnt[0]    ;
; -1.000 ; 1.000        ; 2.000          ; Min Period      ; clk   ; Rise       ; uart_tx:tx_unit|bit_cnt[1]    ;
; -1.000 ; 1.000        ; 2.000          ; Min Period      ; clk   ; Rise       ; uart_tx:tx_unit|bit_cnt[2]    ;
; -1.000 ; 1.000        ; 2.000          ; Min Period      ; clk   ; Rise       ; uart_tx:tx_unit|bit_cnt[3]    ;
; -1.000 ; 1.000        ; 2.000          ; Min Period      ; clk   ; Rise       ; uart_tx:tx_unit|shift_reg[0]  ;
; -1.000 ; 1.000        ; 2.000          ; Min Period      ; clk   ; Rise       ; uart_tx:tx_unit|shift_reg[1]  ;
; -1.000 ; 1.000        ; 2.000          ; Min Period      ; clk   ; Rise       ; uart_tx:tx_unit|shift_reg[2]  ;
; -1.000 ; 1.000        ; 2.000          ; Min Period      ; clk   ; Rise       ; uart_tx:tx_unit|shift_reg[3]  ;
; -1.000 ; 1.000        ; 2.000          ; Min Period      ; clk   ; Rise       ; uart_tx:tx_unit|shift_reg[4]  ;
; -1.000 ; 1.000        ; 2.000          ; Min Period      ; clk   ; Rise       ; uart_tx:tx_unit|shift_reg[5]  ;
; -1.000 ; 1.000        ; 2.000          ; Min Period      ; clk   ; Rise       ; uart_tx:tx_unit|shift_reg[6]  ;
; -1.000 ; 1.000        ; 2.000          ; Min Period      ; clk   ; Rise       ; uart_tx:tx_unit|shift_reg[7]  ;
; -1.000 ; 1.000        ; 2.000          ; Min Period      ; clk   ; Rise       ; uart_tx:tx_unit|shift_reg[8]  ;
; -1.000 ; 1.000        ; 2.000          ; Min Period      ; clk   ; Rise       ; uart_tx:tx_unit|tx_busy       ;
; -1.000 ; 1.000        ; 2.000          ; Min Period      ; clk   ; Rise       ; uart_tx:tx_unit|tx_out        ;
; 0.197  ; 0.381        ; 0.184          ; Low Pulse Width ; clk   ; Rise       ; uart_rx:rx_unit|shift_reg[0]  ;
; 0.197  ; 0.381        ; 0.184          ; Low Pulse Width ; clk   ; Rise       ; uart_rx:rx_unit|shift_reg[1]  ;
; 0.197  ; 0.381        ; 0.184          ; Low Pulse Width ; clk   ; Rise       ; uart_rx:rx_unit|shift_reg[2]  ;
; 0.197  ; 0.381        ; 0.184          ; Low Pulse Width ; clk   ; Rise       ; uart_rx:rx_unit|shift_reg[3]  ;
; 0.197  ; 0.381        ; 0.184          ; Low Pulse Width ; clk   ; Rise       ; uart_rx:rx_unit|shift_reg[4]  ;
; 0.197  ; 0.381        ; 0.184          ; Low Pulse Width ; clk   ; Rise       ; uart_rx:rx_unit|shift_reg[5]  ;
; 0.197  ; 0.381        ; 0.184          ; Low Pulse Width ; clk   ; Rise       ; uart_rx:rx_unit|shift_reg[6]  ;
; 0.197  ; 0.381        ; 0.184          ; Low Pulse Width ; clk   ; Rise       ; uart_rx:rx_unit|shift_reg[7]  ;
; 0.203  ; 0.387        ; 0.184          ; Low Pulse Width ; clk   ; Rise       ; uart_rx:rx_unit|state.DONE    ;
; 0.207  ; 0.391        ; 0.184          ; Low Pulse Width ; clk   ; Rise       ; uart_tx:tx_unit|bit_cnt[0]    ;
; 0.207  ; 0.391        ; 0.184          ; Low Pulse Width ; clk   ; Rise       ; uart_tx:tx_unit|bit_cnt[1]    ;
; 0.207  ; 0.391        ; 0.184          ; Low Pulse Width ; clk   ; Rise       ; uart_tx:tx_unit|bit_cnt[2]    ;
; 0.207  ; 0.391        ; 0.184          ; Low Pulse Width ; clk   ; Rise       ; uart_tx:tx_unit|shift_reg[0]  ;
; 0.207  ; 0.391        ; 0.184          ; Low Pulse Width ; clk   ; Rise       ; uart_tx:tx_unit|shift_reg[1]  ;
; 0.207  ; 0.391        ; 0.184          ; Low Pulse Width ; clk   ; Rise       ; uart_tx:tx_unit|shift_reg[2]  ;
; 0.207  ; 0.391        ; 0.184          ; Low Pulse Width ; clk   ; Rise       ; uart_tx:tx_unit|shift_reg[3]  ;
; 0.207  ; 0.391        ; 0.184          ; Low Pulse Width ; clk   ; Rise       ; uart_tx:tx_unit|shift_reg[4]  ;
; 0.207  ; 0.391        ; 0.184          ; Low Pulse Width ; clk   ; Rise       ; uart_tx:tx_unit|shift_reg[5]  ;
; 0.207  ; 0.391        ; 0.184          ; Low Pulse Width ; clk   ; Rise       ; uart_tx:tx_unit|shift_reg[6]  ;
; 0.207  ; 0.391        ; 0.184          ; Low Pulse Width ; clk   ; Rise       ; uart_tx:tx_unit|shift_reg[7]  ;
; 0.207  ; 0.391        ; 0.184          ; Low Pulse Width ; clk   ; Rise       ; uart_tx:tx_unit|tx_busy       ;
; 0.207  ; 0.391        ; 0.184          ; Low Pulse Width ; clk   ; Rise       ; uart_tx:tx_unit|tx_out        ;
; 0.208  ; 0.392        ; 0.184          ; Low Pulse Width ; clk   ; Rise       ; uart_tx:tx_unit|bit_cnt[3]    ;
; 0.208  ; 0.392        ; 0.184          ; Low Pulse Width ; clk   ; Rise       ; uart_tx:tx_unit|shift_reg[8]  ;
; 0.209  ; 0.393        ; 0.184          ; Low Pulse Width ; clk   ; Rise       ; uart_rx:rx_unit|bit_cnt[0]    ;
; 0.209  ; 0.393        ; 0.184          ; Low Pulse Width ; clk   ; Rise       ; uart_rx:rx_unit|bit_cnt[1]    ;
; 0.209  ; 0.393        ; 0.184          ; Low Pulse Width ; clk   ; Rise       ; uart_rx:rx_unit|bit_cnt[2]    ;
; 0.209  ; 0.393        ; 0.184          ; Low Pulse Width ; clk   ; Rise       ; uart_rx:rx_unit|bit_cnt[3]    ;
; 0.209  ; 0.393        ; 0.184          ; Low Pulse Width ; clk   ; Rise       ; uart_rx:rx_unit|rx_done       ;
; 0.209  ; 0.393        ; 0.184          ; Low Pulse Width ; clk   ; Rise       ; uart_rx:rx_unit|state.IDLE    ;
; 0.209  ; 0.393        ; 0.184          ; Low Pulse Width ; clk   ; Rise       ; uart_rx:rx_unit|state.RECEIVE ;
; 0.210  ; 0.394        ; 0.184          ; Low Pulse Width ; clk   ; Rise       ; uart_rx:rx_unit|data_out[0]   ;
; 0.210  ; 0.394        ; 0.184          ; Low Pulse Width ; clk   ; Rise       ; uart_rx:rx_unit|data_out[1]   ;
; 0.210  ; 0.394        ; 0.184          ; Low Pulse Width ; clk   ; Rise       ; uart_rx:rx_unit|data_out[2]   ;
; 0.210  ; 0.394        ; 0.184          ; Low Pulse Width ; clk   ; Rise       ; uart_rx:rx_unit|data_out[3]   ;
; 0.210  ; 0.394        ; 0.184          ; Low Pulse Width ; clk   ; Rise       ; uart_rx:rx_unit|data_out[4]   ;
; 0.210  ; 0.394        ; 0.184          ; Low Pulse Width ; clk   ; Rise       ; uart_rx:rx_unit|data_out[5]   ;
; 0.210  ; 0.394        ; 0.184          ; Low Pulse Width ; clk   ; Rise       ; uart_rx:rx_unit|data_out[6]   ;
; 0.210  ; 0.394        ; 0.184          ; Low Pulse Width ; clk   ; Rise       ; uart_rx:rx_unit|data_out[7]   ;
; 0.326  ; 0.326        ; 0.000          ; Low Pulse Width ; clk   ; Rise       ; clk~input|o                   ;
; 0.337  ; 0.337        ; 0.000          ; Low Pulse Width ; clk   ; Rise       ; clk~inputclkctrl|inclk[0]     ;
; 0.337  ; 0.337        ; 0.000          ; Low Pulse Width ; clk   ; Rise       ; clk~inputclkctrl|outclk       ;
; 0.358  ; 0.358        ; 0.000          ; Low Pulse Width ; clk   ; Rise       ; rx_unit|shift_reg[0]|clk      ;
; 0.358  ; 0.358        ; 0.000          ; Low Pulse Width ; clk   ; Rise       ; rx_unit|shift_reg[1]|clk      ;
; 0.358  ; 0.358        ; 0.000          ; Low Pulse Width ; clk   ; Rise       ; rx_unit|shift_reg[2]|clk      ;
; 0.358  ; 0.358        ; 0.000          ; Low Pulse Width ; clk   ; Rise       ; rx_unit|shift_reg[3]|clk      ;
; 0.358  ; 0.358        ; 0.000          ; Low Pulse Width ; clk   ; Rise       ; rx_unit|shift_reg[4]|clk      ;
; 0.358  ; 0.358        ; 0.000          ; Low Pulse Width ; clk   ; Rise       ; rx_unit|shift_reg[5]|clk      ;
; 0.358  ; 0.358        ; 0.000          ; Low Pulse Width ; clk   ; Rise       ; rx_unit|shift_reg[6]|clk      ;
; 0.358  ; 0.358        ; 0.000          ; Low Pulse Width ; clk   ; Rise       ; rx_unit|shift_reg[7]|clk      ;
; 0.363  ; 0.363        ; 0.000          ; Low Pulse Width ; clk   ; Rise       ; rx_unit|state.DONE|clk        ;
; 0.367  ; 0.367        ; 0.000          ; Low Pulse Width ; clk   ; Rise       ; tx_unit|bit_cnt[0]|clk        ;
; 0.367  ; 0.367        ; 0.000          ; Low Pulse Width ; clk   ; Rise       ; tx_unit|bit_cnt[1]|clk        ;
; 0.367  ; 0.367        ; 0.000          ; Low Pulse Width ; clk   ; Rise       ; tx_unit|bit_cnt[2]|clk        ;
; 0.367  ; 0.367        ; 0.000          ; Low Pulse Width ; clk   ; Rise       ; tx_unit|shift_reg[0]|clk      ;
; 0.367  ; 0.367        ; 0.000          ; Low Pulse Width ; clk   ; Rise       ; tx_unit|shift_reg[1]|clk      ;
; 0.367  ; 0.367        ; 0.000          ; Low Pulse Width ; clk   ; Rise       ; tx_unit|shift_reg[2]|clk      ;
; 0.367  ; 0.367        ; 0.000          ; Low Pulse Width ; clk   ; Rise       ; tx_unit|shift_reg[3]|clk      ;
; 0.367  ; 0.367        ; 0.000          ; Low Pulse Width ; clk   ; Rise       ; tx_unit|shift_reg[4]|clk      ;
; 0.367  ; 0.367        ; 0.000          ; Low Pulse Width ; clk   ; Rise       ; tx_unit|shift_reg[5]|clk      ;
+--------+--------------+----------------+-----------------+-------+------------+-------------------------------+


+-------------------------------------------------------------------------+
; Setup Times                                                             ;
+-------------+------------+-------+-------+------------+-----------------+
; Data Port   ; Clock Port ; Rise  ; Fall  ; Clock Edge ; Clock Reference ;
+-------------+------------+-------+-------+------------+-----------------+
; data_in[*]  ; clk        ; 2.716 ; 3.192 ; Rise       ; clk             ;
;  data_in[0] ; clk        ; 0.798 ; 0.964 ; Rise       ; clk             ;
;  data_in[1] ; clk        ; 2.276 ; 2.699 ; Rise       ; clk             ;
;  data_in[2] ; clk        ; 2.716 ; 3.192 ; Rise       ; clk             ;
;  data_in[3] ; clk        ; 2.472 ; 2.900 ; Rise       ; clk             ;
;  data_in[4] ; clk        ; 2.182 ; 2.624 ; Rise       ; clk             ;
;  data_in[5] ; clk        ; 2.156 ; 2.590 ; Rise       ; clk             ;
;  data_in[6] ; clk        ; 2.579 ; 3.047 ; Rise       ; clk             ;
; rst         ; clk        ; 0.938 ; 1.018 ; Rise       ; clk             ;
; start       ; clk        ; 0.925 ; 1.051 ; Rise       ; clk             ;
+-------------+------------+-------+-------+------------+-----------------+


+---------------------------------------------------------------------------+
; Hold Times                                                                ;
+-------------+------------+--------+--------+------------+-----------------+
; Data Port   ; Clock Port ; Rise   ; Fall   ; Clock Edge ; Clock Reference ;
+-------------+------------+--------+--------+------------+-----------------+
; data_in[*]  ; clk        ; 0.266  ; 0.108  ; Rise       ; clk             ;
;  data_in[0] ; clk        ; 0.266  ; 0.108  ; Rise       ; clk             ;
;  data_in[1] ; clk        ; -1.366 ; -1.777 ; Rise       ; clk             ;
;  data_in[2] ; clk        ; -1.849 ; -2.258 ; Rise       ; clk             ;
;  data_in[3] ; clk        ; -1.364 ; -1.788 ; Rise       ; clk             ;
;  data_in[4] ; clk        ; -1.393 ; -1.793 ; Rise       ; clk             ;
;  data_in[5] ; clk        ; -1.608 ; -2.031 ; Rise       ; clk             ;
;  data_in[6] ; clk        ; -1.732 ; -2.164 ; Rise       ; clk             ;
; rst         ; clk        ; -0.657 ; -0.732 ; Rise       ; clk             ;
; start       ; clk        ; 0.394  ; 0.258  ; Rise       ; clk             ;
+-------------+------------+--------+--------+------------+-----------------+


+--------------------------------------------------------------------------+
; Clock to Output Times                                                    ;
+--------------+------------+-------+-------+------------+-----------------+
; Data Port    ; Clock Port ; Rise  ; Fall  ; Clock Edge ; Clock Reference ;
+--------------+------------+-------+-------+------------+-----------------+
; data_out[*]  ; clk        ; 6.568 ; 6.571 ; Rise       ; clk             ;
;  data_out[0] ; clk        ; 5.895 ; 5.855 ; Rise       ; clk             ;
;  data_out[1] ; clk        ; 5.931 ; 5.908 ; Rise       ; clk             ;
;  data_out[2] ; clk        ; 5.877 ; 5.804 ; Rise       ; clk             ;
;  data_out[3] ; clk        ; 5.655 ; 5.578 ; Rise       ; clk             ;
;  data_out[4] ; clk        ; 5.899 ; 5.871 ; Rise       ; clk             ;
;  data_out[5] ; clk        ; 5.868 ; 5.799 ; Rise       ; clk             ;
;  data_out[6] ; clk        ; 6.568 ; 6.571 ; Rise       ; clk             ;
;  data_out[7] ; clk        ; 5.916 ; 5.886 ; Rise       ; clk             ;
; done         ; clk        ; 6.002 ; 5.927 ; Rise       ; clk             ;
+--------------+------------+-------+-------+------------+-----------------+


+--------------------------------------------------------------------------+
; Minimum Clock to Output Times                                            ;
+--------------+------------+-------+-------+------------+-----------------+
; Data Port    ; Clock Port ; Rise  ; Fall  ; Clock Edge ; Clock Reference ;
+--------------+------------+-------+-------+------------+-----------------+
; data_out[*]  ; clk        ; 5.469 ; 5.391 ; Rise       ; clk             ;
;  data_out[0] ; clk        ; 5.705 ; 5.664 ; Rise       ; clk             ;
;  data_out[1] ; clk        ; 5.740 ; 5.715 ; Rise       ; clk             ;
;  data_out[2] ; clk        ; 5.687 ; 5.613 ; Rise       ; clk             ;
;  data_out[3] ; clk        ; 5.469 ; 5.391 ; Rise       ; clk             ;
;  data_out[4] ; clk        ; 5.710 ; 5.680 ; Rise       ; clk             ;
;  data_out[5] ; clk        ; 5.679 ; 5.608 ; Rise       ; clk             ;
;  data_out[6] ; clk        ; 6.379 ; 6.380 ; Rise       ; clk             ;
;  data_out[7] ; clk        ; 5.726 ; 5.695 ; Rise       ; clk             ;
; done         ; clk        ; 5.811 ; 5.735 ; Rise       ; clk             ;
+--------------+------------+-------+-------+------------+-----------------+


----------------------------------------------
; Slow 1200mV 85C Model Metastability Report ;
----------------------------------------------
No synchronizer chains to report.


+----------------------------------------------------------------------------------------------------------+
; Slow 1200mV 0C Model Fmax Summary                                                                        ;
+-----------+-----------------+------------+---------------------------------------------------------------+
; Fmax      ; Restricted Fmax ; Clock Name ; Note                                                          ;
+-----------+-----------------+------------+---------------------------------------------------------------+
; 563.7 MHz ; 250.0 MHz       ; clk        ; limit due to minimum period restriction (max I/O toggle rate) ;
+-----------+-----------------+------------+---------------------------------------------------------------+
This panel reports FMAX for every clock in the design, regardless of the user-specified clock periods.  FMAX is only computed for paths where the source and destination registers or ports are driven by the same clock.  Paths of different clocks, including generated clocks, are ignored.  For paths between a clock and its inversion, FMAX is computed as if the rising and falling edges are scaled along with FMAX, such that the duty cycle (in terms of a percentage) is maintained. Altera recommends that you always use clock constraints and other slack reports for sign-off analysis.


+------------------------------------+
; Slow 1200mV 0C Model Setup Summary ;
+-------+--------+-------------------+
; Clock ; Slack  ; End Point TNS     ;
+-------+--------+-------------------+
; clk   ; -0.774 ; -14.471           ;
+-------+--------+-------------------+


+-----------------------------------+
; Slow 1200mV 0C Model Hold Summary ;
+-------+-------+-------------------+
; Clock ; Slack ; End Point TNS     ;
+-------+-------+-------------------+
; clk   ; 0.310 ; 0.000             ;
+-------+-------+-------------------+


-----------------------------------------
; Slow 1200mV 0C Model Recovery Summary ;
-----------------------------------------
No paths to report.


----------------------------------------
; Slow 1200mV 0C Model Removal Summary ;
----------------------------------------
No paths to report.


+--------------------------------------------------+
; Slow 1200mV 0C Model Minimum Pulse Width Summary ;
+-------+--------+---------------------------------+
; Clock ; Slack  ; End Point TNS                   ;
+-------+--------+---------------------------------+
; clk   ; -3.000 ; -42.000                         ;
+-------+--------+---------------------------------+


+----------------------------------------------------------------------------------------------------------------------------------------------+
; Slow 1200mV 0C Model Setup: 'clk'                                                                                                            ;
+--------+-------------------------------+-------------------------------+--------------+-------------+--------------+------------+------------+
; Slack  ; From Node                     ; To Node                       ; Launch Clock ; Latch Clock ; Relationship ; Clock Skew ; Data Delay ;
+--------+-------------------------------+-------------------------------+--------------+-------------+--------------+------------+------------+
; -0.774 ; uart_rx:rx_unit|bit_cnt[2]    ; uart_rx:rx_unit|bit_cnt[2]    ; clk          ; clk         ; 1.000        ; -0.057     ; 1.712      ;
; -0.773 ; uart_rx:rx_unit|bit_cnt[2]    ; uart_rx:rx_unit|bit_cnt[1]    ; clk          ; clk         ; 1.000        ; -0.057     ; 1.711      ;
; -0.762 ; uart_rx:rx_unit|bit_cnt[1]    ; uart_rx:rx_unit|bit_cnt[2]    ; clk          ; clk         ; 1.000        ; -0.057     ; 1.700      ;
; -0.761 ; uart_rx:rx_unit|bit_cnt[1]    ; uart_rx:rx_unit|bit_cnt[1]    ; clk          ; clk         ; 1.000        ; -0.057     ; 1.699      ;
; -0.650 ; uart_rx:rx_unit|bit_cnt[0]    ; uart_rx:rx_unit|bit_cnt[2]    ; clk          ; clk         ; 1.000        ; -0.057     ; 1.588      ;
; -0.649 ; uart_rx:rx_unit|bit_cnt[0]    ; uart_rx:rx_unit|bit_cnt[1]    ; clk          ; clk         ; 1.000        ; -0.057     ; 1.587      ;
; -0.570 ; uart_tx:tx_unit|bit_cnt[1]    ; uart_tx:tx_unit|bit_cnt[1]    ; clk          ; clk         ; 1.000        ; -0.057     ; 1.508      ;
; -0.528 ; uart_rx:rx_unit|bit_cnt[3]    ; uart_rx:rx_unit|bit_cnt[2]    ; clk          ; clk         ; 1.000        ; -0.057     ; 1.466      ;
; -0.526 ; uart_rx:rx_unit|bit_cnt[3]    ; uart_rx:rx_unit|bit_cnt[1]    ; clk          ; clk         ; 1.000        ; -0.057     ; 1.464      ;
; -0.490 ; uart_rx:rx_unit|bit_cnt[2]    ; uart_rx:rx_unit|state.RECEIVE ; clk          ; clk         ; 1.000        ; -0.057     ; 1.428      ;
; -0.478 ; uart_rx:rx_unit|bit_cnt[1]    ; uart_rx:rx_unit|state.RECEIVE ; clk          ; clk         ; 1.000        ; -0.057     ; 1.416      ;
; -0.477 ; uart_rx:rx_unit|bit_cnt[2]    ; uart_rx:rx_unit|bit_cnt[0]    ; clk          ; clk         ; 1.000        ; -0.057     ; 1.415      ;
; -0.465 ; uart_rx:rx_unit|bit_cnt[1]    ; uart_rx:rx_unit|bit_cnt[0]    ; clk          ; clk         ; 1.000        ; -0.057     ; 1.403      ;
; -0.457 ; uart_tx:tx_unit|tx_busy       ; uart_tx:tx_unit|bit_cnt[0]    ; clk          ; clk         ; 1.000        ; -0.057     ; 1.395      ;
; -0.457 ; uart_tx:tx_unit|tx_busy       ; uart_tx:tx_unit|bit_cnt[1]    ; clk          ; clk         ; 1.000        ; -0.057     ; 1.395      ;
; -0.457 ; uart_tx:tx_unit|tx_busy       ; uart_tx:tx_unit|bit_cnt[2]    ; clk          ; clk         ; 1.000        ; -0.057     ; 1.395      ;
; -0.457 ; uart_tx:tx_unit|tx_busy       ; uart_tx:tx_unit|shift_reg[7]  ; clk          ; clk         ; 1.000        ; -0.057     ; 1.395      ;
; -0.457 ; uart_tx:tx_unit|tx_busy       ; uart_tx:tx_unit|shift_reg[6]  ; clk          ; clk         ; 1.000        ; -0.057     ; 1.395      ;
; -0.457 ; uart_tx:tx_unit|tx_busy       ; uart_tx:tx_unit|shift_reg[5]  ; clk          ; clk         ; 1.000        ; -0.057     ; 1.395      ;
; -0.457 ; uart_tx:tx_unit|tx_busy       ; uart_tx:tx_unit|shift_reg[4]  ; clk          ; clk         ; 1.000        ; -0.057     ; 1.395      ;
; -0.457 ; uart_tx:tx_unit|tx_busy       ; uart_tx:tx_unit|shift_reg[3]  ; clk          ; clk         ; 1.000        ; -0.057     ; 1.395      ;
; -0.457 ; uart_tx:tx_unit|tx_busy       ; uart_tx:tx_unit|shift_reg[2]  ; clk          ; clk         ; 1.000        ; -0.057     ; 1.395      ;
; -0.457 ; uart_tx:tx_unit|tx_busy       ; uart_tx:tx_unit|shift_reg[1]  ; clk          ; clk         ; 1.000        ; -0.057     ; 1.395      ;
; -0.457 ; uart_tx:tx_unit|tx_busy       ; uart_tx:tx_unit|shift_reg[0]  ; clk          ; clk         ; 1.000        ; -0.057     ; 1.395      ;
; -0.457 ; uart_tx:tx_unit|tx_busy       ; uart_tx:tx_unit|tx_out        ; clk          ; clk         ; 1.000        ; -0.057     ; 1.395      ;
; -0.451 ; uart_tx:tx_unit|bit_cnt[2]    ; uart_tx:tx_unit|bit_cnt[1]    ; clk          ; clk         ; 1.000        ; -0.057     ; 1.389      ;
; -0.444 ; uart_tx:tx_unit|tx_busy       ; uart_tx:tx_unit|bit_cnt[3]    ; clk          ; clk         ; 1.000        ; -0.057     ; 1.382      ;
; -0.423 ; uart_tx:tx_unit|bit_cnt[2]    ; uart_tx:tx_unit|bit_cnt[3]    ; clk          ; clk         ; 1.000        ; -0.057     ; 1.361      ;
; -0.423 ; uart_rx:rx_unit|bit_cnt[2]    ; uart_rx:rx_unit|bit_cnt[3]    ; clk          ; clk         ; 1.000        ; -0.057     ; 1.361      ;
; -0.421 ; uart_rx:rx_unit|bit_cnt[1]    ; uart_rx:rx_unit|bit_cnt[3]    ; clk          ; clk         ; 1.000        ; -0.057     ; 1.359      ;
; -0.419 ; uart_tx:tx_unit|bit_cnt[0]    ; uart_tx:tx_unit|bit_cnt[2]    ; clk          ; clk         ; 1.000        ; -0.057     ; 1.357      ;
; -0.411 ; uart_tx:tx_unit|bit_cnt[0]    ; uart_tx:tx_unit|bit_cnt[3]    ; clk          ; clk         ; 1.000        ; -0.057     ; 1.349      ;
; -0.403 ; uart_tx:tx_unit|bit_cnt[1]    ; uart_tx:tx_unit|bit_cnt[3]    ; clk          ; clk         ; 1.000        ; -0.057     ; 1.341      ;
; -0.386 ; uart_rx:rx_unit|state.DONE    ; uart_rx:rx_unit|state.IDLE    ; clk          ; clk         ; 1.000        ; -0.355     ; 1.026      ;
; -0.367 ; uart_tx:tx_unit|bit_cnt[3]    ; uart_tx:tx_unit|bit_cnt[1]    ; clk          ; clk         ; 1.000        ; -0.057     ; 1.305      ;
; -0.366 ; uart_rx:rx_unit|bit_cnt[0]    ; uart_rx:rx_unit|state.RECEIVE ; clk          ; clk         ; 1.000        ; -0.057     ; 1.304      ;
; -0.353 ; uart_rx:rx_unit|bit_cnt[0]    ; uart_rx:rx_unit|bit_cnt[0]    ; clk          ; clk         ; 1.000        ; -0.057     ; 1.291      ;
; -0.351 ; uart_rx:rx_unit|state.DONE    ; uart_rx:rx_unit|data_out[0]   ; clk          ; clk         ; 1.000        ; -0.355     ; 0.991      ;
; -0.351 ; uart_rx:rx_unit|state.DONE    ; uart_rx:rx_unit|data_out[1]   ; clk          ; clk         ; 1.000        ; -0.355     ; 0.991      ;
; -0.351 ; uart_rx:rx_unit|state.DONE    ; uart_rx:rx_unit|data_out[2]   ; clk          ; clk         ; 1.000        ; -0.355     ; 0.991      ;
; -0.351 ; uart_rx:rx_unit|state.DONE    ; uart_rx:rx_unit|data_out[3]   ; clk          ; clk         ; 1.000        ; -0.355     ; 0.991      ;
; -0.351 ; uart_rx:rx_unit|state.DONE    ; uart_rx:rx_unit|data_out[4]   ; clk          ; clk         ; 1.000        ; -0.355     ; 0.991      ;
; -0.351 ; uart_rx:rx_unit|state.DONE    ; uart_rx:rx_unit|data_out[5]   ; clk          ; clk         ; 1.000        ; -0.355     ; 0.991      ;
; -0.351 ; uart_rx:rx_unit|state.DONE    ; uart_rx:rx_unit|data_out[6]   ; clk          ; clk         ; 1.000        ; -0.355     ; 0.991      ;
; -0.351 ; uart_rx:rx_unit|state.DONE    ; uart_rx:rx_unit|data_out[7]   ; clk          ; clk         ; 1.000        ; -0.355     ; 0.991      ;
; -0.351 ; uart_tx:tx_unit|tx_out        ; uart_rx:rx_unit|bit_cnt[2]    ; clk          ; clk         ; 1.000        ; -0.047     ; 1.299      ;
; -0.351 ; uart_tx:tx_unit|tx_out        ; uart_rx:rx_unit|bit_cnt[3]    ; clk          ; clk         ; 1.000        ; -0.047     ; 1.299      ;
; -0.350 ; uart_tx:tx_unit|tx_out        ; uart_rx:rx_unit|bit_cnt[0]    ; clk          ; clk         ; 1.000        ; -0.047     ; 1.298      ;
; -0.349 ; uart_tx:tx_unit|tx_out        ; uart_rx:rx_unit|bit_cnt[1]    ; clk          ; clk         ; 1.000        ; -0.047     ; 1.297      ;
; -0.340 ; uart_rx:rx_unit|bit_cnt[0]    ; uart_rx:rx_unit|bit_cnt[3]    ; clk          ; clk         ; 1.000        ; -0.057     ; 1.278      ;
; -0.325 ; uart_tx:tx_unit|bit_cnt[0]    ; uart_tx:tx_unit|bit_cnt[1]    ; clk          ; clk         ; 1.000        ; -0.057     ; 1.263      ;
; -0.316 ; uart_tx:tx_unit|bit_cnt[1]    ; uart_tx:tx_unit|bit_cnt[2]    ; clk          ; clk         ; 1.000        ; -0.057     ; 1.254      ;
; -0.309 ; uart_tx:tx_unit|bit_cnt[1]    ; uart_tx:tx_unit|tx_busy       ; clk          ; clk         ; 1.000        ; -0.057     ; 1.247      ;
; -0.266 ; uart_rx:rx_unit|state.DONE    ; uart_rx:rx_unit|rx_done       ; clk          ; clk         ; 1.000        ; -0.355     ; 0.906      ;
; -0.248 ; uart_tx:tx_unit|bit_cnt[3]    ; uart_tx:tx_unit|bit_cnt[3]    ; clk          ; clk         ; 1.000        ; -0.057     ; 1.186      ;
; -0.235 ; uart_rx:rx_unit|bit_cnt[3]    ; uart_rx:rx_unit|state.RECEIVE ; clk          ; clk         ; 1.000        ; -0.057     ; 1.173      ;
; -0.229 ; uart_rx:rx_unit|shift_reg[1]  ; uart_rx:rx_unit|data_out[1]   ; clk          ; clk         ; 1.000        ; -0.358     ; 0.866      ;
; -0.213 ; uart_rx:rx_unit|shift_reg[0]  ; uart_rx:rx_unit|data_out[0]   ; clk          ; clk         ; 1.000        ; -0.358     ; 0.850      ;
; -0.210 ; uart_rx:rx_unit|state.RECEIVE ; uart_rx:rx_unit|shift_reg[7]  ; clk          ; clk         ; 1.000        ; 0.232      ; 1.437      ;
; -0.210 ; uart_rx:rx_unit|state.RECEIVE ; uart_rx:rx_unit|shift_reg[6]  ; clk          ; clk         ; 1.000        ; 0.232      ; 1.437      ;
; -0.210 ; uart_rx:rx_unit|state.RECEIVE ; uart_rx:rx_unit|shift_reg[5]  ; clk          ; clk         ; 1.000        ; 0.232      ; 1.437      ;
; -0.210 ; uart_rx:rx_unit|state.RECEIVE ; uart_rx:rx_unit|shift_reg[4]  ; clk          ; clk         ; 1.000        ; 0.232      ; 1.437      ;
; -0.210 ; uart_rx:rx_unit|state.RECEIVE ; uart_rx:rx_unit|shift_reg[3]  ; clk          ; clk         ; 1.000        ; 0.232      ; 1.437      ;
; -0.210 ; uart_rx:rx_unit|state.RECEIVE ; uart_rx:rx_unit|shift_reg[2]  ; clk          ; clk         ; 1.000        ; 0.232      ; 1.437      ;
; -0.210 ; uart_rx:rx_unit|state.RECEIVE ; uart_rx:rx_unit|shift_reg[1]  ; clk          ; clk         ; 1.000        ; 0.232      ; 1.437      ;
; -0.210 ; uart_rx:rx_unit|state.RECEIVE ; uart_rx:rx_unit|shift_reg[0]  ; clk          ; clk         ; 1.000        ; 0.232      ; 1.437      ;
; -0.190 ; uart_tx:tx_unit|bit_cnt[2]    ; uart_tx:tx_unit|tx_busy       ; clk          ; clk         ; 1.000        ; -0.057     ; 1.128      ;
; -0.189 ; uart_rx:rx_unit|bit_cnt[3]    ; uart_rx:rx_unit|bit_cnt[0]    ; clk          ; clk         ; 1.000        ; -0.057     ; 1.127      ;
; -0.189 ; uart_tx:tx_unit|bit_cnt[2]    ; uart_tx:tx_unit|bit_cnt[2]    ; clk          ; clk         ; 1.000        ; -0.057     ; 1.127      ;
; -0.185 ; uart_rx:rx_unit|state.IDLE    ; uart_rx:rx_unit|bit_cnt[3]    ; clk          ; clk         ; 1.000        ; -0.057     ; 1.123      ;
; -0.182 ; uart_rx:rx_unit|state.IDLE    ; uart_rx:rx_unit|bit_cnt[2]    ; clk          ; clk         ; 1.000        ; -0.057     ; 1.120      ;
; -0.182 ; uart_rx:rx_unit|state.IDLE    ; uart_rx:rx_unit|bit_cnt[0]    ; clk          ; clk         ; 1.000        ; -0.057     ; 1.120      ;
; -0.181 ; uart_rx:rx_unit|state.IDLE    ; uart_rx:rx_unit|bit_cnt[1]    ; clk          ; clk         ; 1.000        ; -0.057     ; 1.119      ;
; -0.139 ; uart_tx:tx_unit|bit_cnt[3]    ; uart_tx:tx_unit|tx_busy       ; clk          ; clk         ; 1.000        ; -0.057     ; 1.077      ;
; -0.138 ; uart_tx:tx_unit|bit_cnt[3]    ; uart_tx:tx_unit|bit_cnt[2]    ; clk          ; clk         ; 1.000        ; -0.057     ; 1.076      ;
; -0.106 ; uart_rx:rx_unit|shift_reg[7]  ; uart_rx:rx_unit|data_out[7]   ; clk          ; clk         ; 1.000        ; -0.358     ; 0.743      ;
; -0.105 ; uart_tx:tx_unit|bit_cnt[0]    ; uart_tx:tx_unit|tx_busy       ; clk          ; clk         ; 1.000        ; -0.057     ; 1.043      ;
; -0.104 ; uart_rx:rx_unit|shift_reg[3]  ; uart_rx:rx_unit|data_out[3]   ; clk          ; clk         ; 1.000        ; -0.358     ; 0.741      ;
; -0.104 ; uart_rx:rx_unit|shift_reg[4]  ; uart_rx:rx_unit|data_out[4]   ; clk          ; clk         ; 1.000        ; -0.358     ; 0.741      ;
; -0.098 ; uart_rx:rx_unit|shift_reg[6]  ; uart_rx:rx_unit|data_out[6]   ; clk          ; clk         ; 1.000        ; -0.358     ; 0.735      ;
; -0.095 ; uart_rx:rx_unit|shift_reg[5]  ; uart_rx:rx_unit|shift_reg[4]  ; clk          ; clk         ; 1.000        ; -0.069     ; 1.021      ;
; -0.086 ; uart_rx:rx_unit|shift_reg[5]  ; uart_rx:rx_unit|data_out[5]   ; clk          ; clk         ; 1.000        ; -0.358     ; 0.723      ;
; -0.085 ; uart_rx:rx_unit|state.RECEIVE ; uart_rx:rx_unit|bit_cnt[0]    ; clk          ; clk         ; 1.000        ; -0.057     ; 1.023      ;
; -0.084 ; uart_rx:rx_unit|state.RECEIVE ; uart_rx:rx_unit|bit_cnt[3]    ; clk          ; clk         ; 1.000        ; -0.057     ; 1.022      ;
; -0.083 ; uart_rx:rx_unit|shift_reg[2]  ; uart_rx:rx_unit|data_out[2]   ; clk          ; clk         ; 1.000        ; -0.358     ; 0.720      ;
; -0.059 ; uart_tx:tx_unit|tx_out        ; uart_rx:rx_unit|state.IDLE    ; clk          ; clk         ; 1.000        ; -0.047     ; 1.007      ;
; -0.058 ; uart_tx:tx_unit|tx_out        ; uart_rx:rx_unit|state.RECEIVE ; clk          ; clk         ; 1.000        ; -0.047     ; 1.006      ;
; -0.048 ; uart_tx:tx_unit|shift_reg[8]  ; uart_tx:tx_unit|shift_reg[7]  ; clk          ; clk         ; 1.000        ; -0.057     ; 0.986      ;
; -0.044 ; uart_rx:rx_unit|bit_cnt[2]    ; uart_rx:rx_unit|state.DONE    ; clk          ; clk         ; 1.000        ; 0.229      ; 1.268      ;
; -0.035 ; uart_rx:rx_unit|state.RECEIVE ; uart_rx:rx_unit|bit_cnt[1]    ; clk          ; clk         ; 1.000        ; -0.057     ; 0.973      ;
; -0.032 ; uart_rx:rx_unit|bit_cnt[1]    ; uart_rx:rx_unit|state.DONE    ; clk          ; clk         ; 1.000        ; 0.229      ; 1.256      ;
; -0.030 ; uart_rx:rx_unit|state.RECEIVE ; uart_rx:rx_unit|bit_cnt[2]    ; clk          ; clk         ; 1.000        ; -0.057     ; 0.968      ;
; -0.024 ; uart_rx:rx_unit|shift_reg[6]  ; uart_rx:rx_unit|shift_reg[5]  ; clk          ; clk         ; 1.000        ; -0.069     ; 0.950      ;
; 0.012  ; uart_tx:tx_unit|shift_reg[5]  ; uart_tx:tx_unit|shift_reg[4]  ; clk          ; clk         ; 1.000        ; -0.057     ; 0.926      ;
; 0.057  ; uart_rx:rx_unit|shift_reg[4]  ; uart_rx:rx_unit|shift_reg[3]  ; clk          ; clk         ; 1.000        ; -0.069     ; 0.869      ;
; 0.062  ; uart_tx:tx_unit|shift_reg[7]  ; uart_tx:tx_unit|shift_reg[6]  ; clk          ; clk         ; 1.000        ; -0.057     ; 0.876      ;
; 0.064  ; uart_rx:rx_unit|shift_reg[3]  ; uart_rx:rx_unit|shift_reg[2]  ; clk          ; clk         ; 1.000        ; -0.069     ; 0.862      ;
; 0.064  ; uart_tx:tx_unit|shift_reg[4]  ; uart_tx:tx_unit|shift_reg[3]  ; clk          ; clk         ; 1.000        ; -0.057     ; 0.874      ;
; 0.064  ; uart_tx:tx_unit|shift_reg[3]  ; uart_tx:tx_unit|shift_reg[2]  ; clk          ; clk         ; 1.000        ; -0.057     ; 0.874      ;
; 0.066  ; uart_tx:tx_unit|shift_reg[6]  ; uart_tx:tx_unit|shift_reg[5]  ; clk          ; clk         ; 1.000        ; -0.057     ; 0.872      ;
+--------+-------------------------------+-------------------------------+--------------+-------------+--------------+------------+------------+


+---------------------------------------------------------------------------------------------------------------------------------------------+
; Slow 1200mV 0C Model Hold: 'clk'                                                                                                            ;
+-------+-------------------------------+-------------------------------+--------------+-------------+--------------+------------+------------+
; Slack ; From Node                     ; To Node                       ; Launch Clock ; Latch Clock ; Relationship ; Clock Skew ; Data Delay ;
+-------+-------------------------------+-------------------------------+--------------+-------------+--------------+------------+------------+
; 0.310 ; uart_tx:tx_unit|bit_cnt[1]    ; uart_tx:tx_unit|bit_cnt[1]    ; clk          ; clk         ; 0.000        ; 0.057      ; 0.511      ;
; 0.310 ; uart_tx:tx_unit|tx_busy       ; uart_tx:tx_unit|tx_busy       ; clk          ; clk         ; 0.000        ; 0.057      ; 0.511      ;
; 0.310 ; uart_tx:tx_unit|shift_reg[8]  ; uart_tx:tx_unit|shift_reg[8]  ; clk          ; clk         ; 0.000        ; 0.057      ; 0.511      ;
; 0.310 ; uart_rx:rx_unit|state.IDLE    ; uart_rx:rx_unit|state.IDLE    ; clk          ; clk         ; 0.000        ; 0.057      ; 0.511      ;
; 0.310 ; uart_rx:rx_unit|state.RECEIVE ; uart_rx:rx_unit|state.RECEIVE ; clk          ; clk         ; 0.000        ; 0.057      ; 0.511      ;
; 0.310 ; uart_rx:rx_unit|bit_cnt[0]    ; uart_rx:rx_unit|bit_cnt[0]    ; clk          ; clk         ; 0.000        ; 0.057      ; 0.511      ;
; 0.310 ; uart_rx:rx_unit|bit_cnt[1]    ; uart_rx:rx_unit|bit_cnt[1]    ; clk          ; clk         ; 0.000        ; 0.057      ; 0.511      ;
; 0.310 ; uart_rx:rx_unit|bit_cnt[2]    ; uart_rx:rx_unit|bit_cnt[2]    ; clk          ; clk         ; 0.000        ; 0.057      ; 0.511      ;
; 0.310 ; uart_rx:rx_unit|bit_cnt[3]    ; uart_rx:rx_unit|bit_cnt[3]    ; clk          ; clk         ; 0.000        ; 0.057      ; 0.511      ;
; 0.318 ; uart_tx:tx_unit|bit_cnt[0]    ; uart_tx:tx_unit|bit_cnt[0]    ; clk          ; clk         ; 0.000        ; 0.057      ; 0.519      ;
; 0.335 ; uart_tx:tx_unit|shift_reg[0]  ; uart_tx:tx_unit|tx_out        ; clk          ; clk         ; 0.000        ; 0.057      ; 0.536      ;
; 0.337 ; uart_tx:tx_unit|shift_reg[1]  ; uart_tx:tx_unit|shift_reg[0]  ; clk          ; clk         ; 0.000        ; 0.057      ; 0.538      ;
; 0.340 ; uart_rx:rx_unit|shift_reg[7]  ; uart_rx:rx_unit|shift_reg[6]  ; clk          ; clk         ; 0.000        ; 0.069      ; 0.553      ;
; 0.365 ; uart_rx:rx_unit|state.RECEIVE ; uart_rx:rx_unit|state.DONE    ; clk          ; clk         ; 0.000        ; 0.355      ; 0.864      ;
; 0.408 ; uart_rx:rx_unit|bit_cnt[3]    ; uart_rx:rx_unit|state.DONE    ; clk          ; clk         ; 0.000        ; 0.355      ; 0.907      ;
; 0.415 ; uart_tx:tx_unit|tx_out        ; uart_rx:rx_unit|shift_reg[7]  ; clk          ; clk         ; 0.000        ; 0.368      ; 0.927      ;
; 0.475 ; uart_rx:rx_unit|shift_reg[2]  ; uart_rx:rx_unit|shift_reg[1]  ; clk          ; clk         ; 0.000        ; 0.069      ; 0.688      ;
; 0.496 ; uart_tx:tx_unit|tx_busy       ; uart_tx:tx_unit|shift_reg[8]  ; clk          ; clk         ; 0.000        ; 0.057      ; 0.697      ;
; 0.501 ; uart_tx:tx_unit|shift_reg[3]  ; uart_tx:tx_unit|shift_reg[2]  ; clk          ; clk         ; 0.000        ; 0.057      ; 0.702      ;
; 0.503 ; uart_tx:tx_unit|shift_reg[7]  ; uart_tx:tx_unit|shift_reg[6]  ; clk          ; clk         ; 0.000        ; 0.057      ; 0.704      ;
; 0.504 ; uart_tx:tx_unit|shift_reg[6]  ; uart_tx:tx_unit|shift_reg[5]  ; clk          ; clk         ; 0.000        ; 0.057      ; 0.705      ;
; 0.505 ; uart_tx:tx_unit|shift_reg[4]  ; uart_tx:tx_unit|shift_reg[3]  ; clk          ; clk         ; 0.000        ; 0.057      ; 0.706      ;
; 0.528 ; uart_rx:rx_unit|state.IDLE    ; uart_rx:rx_unit|state.RECEIVE ; clk          ; clk         ; 0.000        ; 0.057      ; 0.729      ;
; 0.536 ; uart_tx:tx_unit|shift_reg[2]  ; uart_tx:tx_unit|shift_reg[1]  ; clk          ; clk         ; 0.000        ; 0.057      ; 0.737      ;
; 0.557 ; uart_rx:rx_unit|bit_cnt[0]    ; uart_rx:rx_unit|state.DONE    ; clk          ; clk         ; 0.000        ; 0.355      ; 1.056      ;
; 0.561 ; uart_rx:rx_unit|shift_reg[1]  ; uart_rx:rx_unit|shift_reg[0]  ; clk          ; clk         ; 0.000        ; 0.069      ; 0.774      ;
; 0.570 ; uart_rx:rx_unit|shift_reg[3]  ; uart_rx:rx_unit|shift_reg[2]  ; clk          ; clk         ; 0.000        ; 0.069      ; 0.783      ;
; 0.579 ; uart_rx:rx_unit|state.RECEIVE ; uart_rx:rx_unit|bit_cnt[1]    ; clk          ; clk         ; 0.000        ; 0.057      ; 0.780      ;
; 0.580 ; uart_rx:rx_unit|state.RECEIVE ; uart_rx:rx_unit|bit_cnt[2]    ; clk          ; clk         ; 0.000        ; 0.057      ; 0.781      ;
; 0.602 ; uart_rx:rx_unit|shift_reg[4]  ; uart_rx:rx_unit|shift_reg[3]  ; clk          ; clk         ; 0.000        ; 0.069      ; 0.815      ;
; 0.635 ; uart_tx:tx_unit|shift_reg[8]  ; uart_tx:tx_unit|shift_reg[7]  ; clk          ; clk         ; 0.000        ; 0.057      ; 0.836      ;
; 0.651 ; uart_rx:rx_unit|bit_cnt[2]    ; uart_rx:rx_unit|state.DONE    ; clk          ; clk         ; 0.000        ; 0.355      ; 1.150      ;
; 0.653 ; uart_rx:rx_unit|bit_cnt[1]    ; uart_rx:rx_unit|state.DONE    ; clk          ; clk         ; 0.000        ; 0.355      ; 1.152      ;
; 0.664 ; uart_rx:rx_unit|state.RECEIVE ; uart_rx:rx_unit|bit_cnt[0]    ; clk          ; clk         ; 0.000        ; 0.057      ; 0.865      ;
; 0.665 ; uart_rx:rx_unit|bit_cnt[0]    ; uart_rx:rx_unit|bit_cnt[1]    ; clk          ; clk         ; 0.000        ; 0.057      ; 0.866      ;
; 0.671 ; uart_rx:rx_unit|state.RECEIVE ; uart_rx:rx_unit|bit_cnt[3]    ; clk          ; clk         ; 0.000        ; 0.057      ; 0.872      ;
; 0.677 ; uart_tx:tx_unit|shift_reg[5]  ; uart_tx:tx_unit|shift_reg[4]  ; clk          ; clk         ; 0.000        ; 0.057      ; 0.878      ;
; 0.682 ; uart_rx:rx_unit|shift_reg[6]  ; uart_rx:rx_unit|shift_reg[5]  ; clk          ; clk         ; 0.000        ; 0.069      ; 0.895      ;
; 0.724 ; uart_tx:tx_unit|tx_out        ; uart_rx:rx_unit|state.RECEIVE ; clk          ; clk         ; 0.000        ; 0.067      ; 0.935      ;
; 0.725 ; uart_tx:tx_unit|tx_out        ; uart_rx:rx_unit|state.IDLE    ; clk          ; clk         ; 0.000        ; 0.067      ; 0.936      ;
; 0.747 ; uart_tx:tx_unit|bit_cnt[0]    ; uart_tx:tx_unit|bit_cnt[2]    ; clk          ; clk         ; 0.000        ; 0.057      ; 0.948      ;
; 0.747 ; uart_tx:tx_unit|bit_cnt[0]    ; uart_tx:tx_unit|tx_busy       ; clk          ; clk         ; 0.000        ; 0.057      ; 0.948      ;
; 0.759 ; uart_rx:rx_unit|shift_reg[2]  ; uart_rx:rx_unit|data_out[2]   ; clk          ; clk         ; 0.000        ; -0.232     ; 0.671      ;
; 0.765 ; uart_rx:rx_unit|shift_reg[5]  ; uart_rx:rx_unit|data_out[5]   ; clk          ; clk         ; 0.000        ; -0.232     ; 0.677      ;
; 0.766 ; uart_rx:rx_unit|shift_reg[6]  ; uart_rx:rx_unit|data_out[6]   ; clk          ; clk         ; 0.000        ; -0.232     ; 0.678      ;
; 0.766 ; uart_tx:tx_unit|tx_busy       ; uart_tx:tx_unit|shift_reg[6]  ; clk          ; clk         ; 0.000        ; 0.057      ; 0.967      ;
; 0.769 ; uart_tx:tx_unit|tx_busy       ; uart_tx:tx_unit|shift_reg[2]  ; clk          ; clk         ; 0.000        ; 0.057      ; 0.970      ;
; 0.769 ; uart_tx:tx_unit|tx_busy       ; uart_tx:tx_unit|shift_reg[7]  ; clk          ; clk         ; 0.000        ; 0.057      ; 0.970      ;
; 0.771 ; uart_tx:tx_unit|tx_busy       ; uart_tx:tx_unit|shift_reg[3]  ; clk          ; clk         ; 0.000        ; 0.057      ; 0.972      ;
; 0.773 ; uart_rx:rx_unit|shift_reg[5]  ; uart_rx:rx_unit|shift_reg[4]  ; clk          ; clk         ; 0.000        ; 0.069      ; 0.986      ;
; 0.776 ; uart_tx:tx_unit|tx_busy       ; uart_tx:tx_unit|bit_cnt[0]    ; clk          ; clk         ; 0.000        ; 0.057      ; 0.977      ;
; 0.778 ; uart_rx:rx_unit|shift_reg[4]  ; uart_rx:rx_unit|data_out[4]   ; clk          ; clk         ; 0.000        ; -0.232     ; 0.690      ;
; 0.778 ; uart_rx:rx_unit|shift_reg[7]  ; uart_rx:rx_unit|data_out[7]   ; clk          ; clk         ; 0.000        ; -0.232     ; 0.690      ;
; 0.779 ; uart_rx:rx_unit|shift_reg[3]  ; uart_rx:rx_unit|data_out[3]   ; clk          ; clk         ; 0.000        ; -0.232     ; 0.691      ;
; 0.791 ; uart_tx:tx_unit|bit_cnt[3]    ; uart_tx:tx_unit|bit_cnt[2]    ; clk          ; clk         ; 0.000        ; 0.057      ; 0.992      ;
; 0.791 ; uart_tx:tx_unit|bit_cnt[3]    ; uart_tx:tx_unit|tx_busy       ; clk          ; clk         ; 0.000        ; 0.057      ; 0.992      ;
; 0.795 ; uart_tx:tx_unit|bit_cnt[2]    ; uart_tx:tx_unit|bit_cnt[2]    ; clk          ; clk         ; 0.000        ; 0.057      ; 0.996      ;
; 0.798 ; uart_rx:rx_unit|state.IDLE    ; uart_rx:rx_unit|bit_cnt[3]    ; clk          ; clk         ; 0.000        ; 0.057      ; 0.999      ;
; 0.799 ; uart_rx:rx_unit|state.IDLE    ; uart_rx:rx_unit|bit_cnt[1]    ; clk          ; clk         ; 0.000        ; 0.057      ; 1.000      ;
; 0.800 ; uart_rx:rx_unit|state.IDLE    ; uart_rx:rx_unit|bit_cnt[2]    ; clk          ; clk         ; 0.000        ; 0.057      ; 1.001      ;
; 0.808 ; uart_tx:tx_unit|tx_busy       ; uart_tx:tx_unit|bit_cnt[3]    ; clk          ; clk         ; 0.000        ; 0.057      ; 1.009      ;
; 0.812 ; uart_rx:rx_unit|state.IDLE    ; uart_rx:rx_unit|bit_cnt[0]    ; clk          ; clk         ; 0.000        ; 0.057      ; 1.013      ;
; 0.819 ; uart_tx:tx_unit|bit_cnt[3]    ; uart_tx:tx_unit|bit_cnt[3]    ; clk          ; clk         ; 0.000        ; 0.057      ; 1.020      ;
; 0.827 ; uart_tx:tx_unit|bit_cnt[0]    ; uart_tx:tx_unit|bit_cnt[3]    ; clk          ; clk         ; 0.000        ; 0.057      ; 1.028      ;
; 0.835 ; uart_tx:tx_unit|bit_cnt[2]    ; uart_tx:tx_unit|tx_busy       ; clk          ; clk         ; 0.000        ; 0.057      ; 1.036      ;
; 0.837 ; uart_rx:rx_unit|bit_cnt[3]    ; uart_rx:rx_unit|state.RECEIVE ; clk          ; clk         ; 0.000        ; 0.057      ; 1.038      ;
; 0.848 ; uart_rx:rx_unit|bit_cnt[3]    ; uart_rx:rx_unit|bit_cnt[0]    ; clk          ; clk         ; 0.000        ; 0.057      ; 1.049      ;
; 0.858 ; uart_tx:tx_unit|bit_cnt[1]    ; uart_tx:tx_unit|bit_cnt[3]    ; clk          ; clk         ; 0.000        ; 0.057      ; 1.059      ;
; 0.894 ; uart_rx:rx_unit|shift_reg[0]  ; uart_rx:rx_unit|data_out[0]   ; clk          ; clk         ; 0.000        ; -0.232     ; 0.806      ;
; 0.898 ; uart_tx:tx_unit|tx_busy       ; uart_tx:tx_unit|shift_reg[1]  ; clk          ; clk         ; 0.000        ; 0.057      ; 1.099      ;
; 0.904 ; uart_tx:tx_unit|bit_cnt[1]    ; uart_tx:tx_unit|bit_cnt[2]    ; clk          ; clk         ; 0.000        ; 0.057      ; 1.105      ;
; 0.908 ; uart_rx:rx_unit|shift_reg[1]  ; uart_rx:rx_unit|data_out[1]   ; clk          ; clk         ; 0.000        ; -0.232     ; 0.820      ;
; 0.912 ; uart_tx:tx_unit|tx_busy       ; uart_tx:tx_unit|bit_cnt[1]    ; clk          ; clk         ; 0.000        ; 0.057      ; 1.113      ;
; 0.917 ; uart_tx:tx_unit|bit_cnt[0]    ; uart_tx:tx_unit|bit_cnt[1]    ; clk          ; clk         ; 0.000        ; 0.057      ; 1.118      ;
; 0.929 ; uart_rx:rx_unit|bit_cnt[0]    ; uart_rx:rx_unit|bit_cnt[3]    ; clk          ; clk         ; 0.000        ; 0.057      ; 1.130      ;
; 0.931 ; uart_rx:rx_unit|state.DONE    ; uart_rx:rx_unit|rx_done       ; clk          ; clk         ; 0.000        ; -0.229     ; 0.846      ;
; 0.939 ; uart_tx:tx_unit|bit_cnt[2]    ; uart_tx:tx_unit|bit_cnt[3]    ; clk          ; clk         ; 0.000        ; 0.057      ; 1.140      ;
; 0.944 ; uart_rx:rx_unit|bit_cnt[2]    ; uart_rx:rx_unit|bit_cnt[3]    ; clk          ; clk         ; 0.000        ; 0.057      ; 1.145      ;
; 0.946 ; uart_rx:rx_unit|bit_cnt[0]    ; uart_rx:rx_unit|state.RECEIVE ; clk          ; clk         ; 0.000        ; 0.057      ; 1.147      ;
; 0.946 ; uart_rx:rx_unit|bit_cnt[1]    ; uart_rx:rx_unit|bit_cnt[3]    ; clk          ; clk         ; 0.000        ; 0.057      ; 1.147      ;
; 0.948 ; uart_tx:tx_unit|tx_busy       ; uart_tx:tx_unit|shift_reg[4]  ; clk          ; clk         ; 0.000        ; 0.057      ; 1.149      ;
; 0.951 ; uart_tx:tx_unit|tx_busy       ; uart_tx:tx_unit|tx_out        ; clk          ; clk         ; 0.000        ; 0.057      ; 1.152      ;
; 0.952 ; uart_tx:tx_unit|tx_busy       ; uart_tx:tx_unit|bit_cnt[2]    ; clk          ; clk         ; 0.000        ; 0.057      ; 1.153      ;
; 0.953 ; uart_tx:tx_unit|tx_busy       ; uart_tx:tx_unit|shift_reg[5]  ; clk          ; clk         ; 0.000        ; 0.057      ; 1.154      ;
; 0.958 ; uart_rx:rx_unit|state.RECEIVE ; uart_rx:rx_unit|shift_reg[7]  ; clk          ; clk         ; 0.000        ; 0.358      ; 1.460      ;
; 0.958 ; uart_rx:rx_unit|state.RECEIVE ; uart_rx:rx_unit|shift_reg[6]  ; clk          ; clk         ; 0.000        ; 0.358      ; 1.460      ;
; 0.958 ; uart_rx:rx_unit|state.RECEIVE ; uart_rx:rx_unit|shift_reg[5]  ; clk          ; clk         ; 0.000        ; 0.358      ; 1.460      ;
; 0.958 ; uart_rx:rx_unit|state.RECEIVE ; uart_rx:rx_unit|shift_reg[4]  ; clk          ; clk         ; 0.000        ; 0.358      ; 1.460      ;
; 0.958 ; uart_rx:rx_unit|state.RECEIVE ; uart_rx:rx_unit|shift_reg[3]  ; clk          ; clk         ; 0.000        ; 0.358      ; 1.460      ;
; 0.958 ; uart_rx:rx_unit|state.RECEIVE ; uart_rx:rx_unit|shift_reg[2]  ; clk          ; clk         ; 0.000        ; 0.358      ; 1.460      ;
; 0.958 ; uart_rx:rx_unit|state.RECEIVE ; uart_rx:rx_unit|shift_reg[1]  ; clk          ; clk         ; 0.000        ; 0.358      ; 1.460      ;
; 0.958 ; uart_rx:rx_unit|state.RECEIVE ; uart_rx:rx_unit|shift_reg[0]  ; clk          ; clk         ; 0.000        ; 0.358      ; 1.460      ;
; 0.978 ; uart_tx:tx_unit|bit_cnt[1]    ; uart_tx:tx_unit|tx_busy       ; clk          ; clk         ; 0.000        ; 0.057      ; 1.179      ;
; 0.981 ; uart_rx:rx_unit|bit_cnt[1]    ; uart_rx:rx_unit|bit_cnt[2]    ; clk          ; clk         ; 0.000        ; 0.057      ; 1.182      ;
; 0.986 ; uart_tx:tx_unit|tx_out        ; uart_rx:rx_unit|bit_cnt[1]    ; clk          ; clk         ; 0.000        ; 0.067      ; 1.197      ;
; 0.987 ; uart_tx:tx_unit|tx_out        ; uart_rx:rx_unit|bit_cnt[2]    ; clk          ; clk         ; 0.000        ; 0.067      ; 1.198      ;
; 0.988 ; uart_rx:rx_unit|state.DONE    ; uart_rx:rx_unit|state.IDLE    ; clk          ; clk         ; 0.000        ; -0.229     ; 0.903      ;
; 0.988 ; uart_tx:tx_unit|tx_out        ; uart_rx:rx_unit|bit_cnt[0]    ; clk          ; clk         ; 0.000        ; 0.067      ; 1.199      ;
; 0.989 ; uart_tx:tx_unit|tx_out        ; uart_rx:rx_unit|bit_cnt[3]    ; clk          ; clk         ; 0.000        ; 0.067      ; 1.200      ;
; 1.001 ; uart_tx:tx_unit|tx_busy       ; uart_tx:tx_unit|shift_reg[0]  ; clk          ; clk         ; 0.000        ; 0.057      ; 1.202      ;
+-------+-------------------------------+-------------------------------+--------------+-------------+--------------+------------+------------+


+---------------------------------------------------------------------------------------------------------------+
; Slow 1200mV 0C Model Minimum Pulse Width: 'clk'                                                               ;
+--------+--------------+----------------+-----------------+-------+------------+-------------------------------+
; Slack  ; Actual Width ; Required Width ; Type            ; Clock ; Clock Edge ; Target                        ;
+--------+--------------+----------------+-----------------+-------+------------+-------------------------------+
; -3.000 ; 1.000        ; 4.000          ; Port Rate       ; clk   ; Rise       ; clk                           ;
; -1.000 ; 1.000        ; 2.000          ; Min Period      ; clk   ; Rise       ; uart_rx:rx_unit|bit_cnt[0]    ;
; -1.000 ; 1.000        ; 2.000          ; Min Period      ; clk   ; Rise       ; uart_rx:rx_unit|bit_cnt[1]    ;
; -1.000 ; 1.000        ; 2.000          ; Min Period      ; clk   ; Rise       ; uart_rx:rx_unit|bit_cnt[2]    ;
; -1.000 ; 1.000        ; 2.000          ; Min Period      ; clk   ; Rise       ; uart_rx:rx_unit|bit_cnt[3]    ;
; -1.000 ; 1.000        ; 2.000          ; Min Period      ; clk   ; Rise       ; uart_rx:rx_unit|data_out[0]   ;
; -1.000 ; 1.000        ; 2.000          ; Min Period      ; clk   ; Rise       ; uart_rx:rx_unit|data_out[1]   ;
; -1.000 ; 1.000        ; 2.000          ; Min Period      ; clk   ; Rise       ; uart_rx:rx_unit|data_out[2]   ;
; -1.000 ; 1.000        ; 2.000          ; Min Period      ; clk   ; Rise       ; uart_rx:rx_unit|data_out[3]   ;
; -1.000 ; 1.000        ; 2.000          ; Min Period      ; clk   ; Rise       ; uart_rx:rx_unit|data_out[4]   ;
; -1.000 ; 1.000        ; 2.000          ; Min Period      ; clk   ; Rise       ; uart_rx:rx_unit|data_out[5]   ;
; -1.000 ; 1.000        ; 2.000          ; Min Period      ; clk   ; Rise       ; uart_rx:rx_unit|data_out[6]   ;
; -1.000 ; 1.000        ; 2.000          ; Min Period      ; clk   ; Rise       ; uart_rx:rx_unit|data_out[7]   ;
; -1.000 ; 1.000        ; 2.000          ; Min Period      ; clk   ; Rise       ; uart_rx:rx_unit|rx_done       ;
; -1.000 ; 1.000        ; 2.000          ; Min Period      ; clk   ; Rise       ; uart_rx:rx_unit|shift_reg[0]  ;
; -1.000 ; 1.000        ; 2.000          ; Min Period      ; clk   ; Rise       ; uart_rx:rx_unit|shift_reg[1]  ;
; -1.000 ; 1.000        ; 2.000          ; Min Period      ; clk   ; Rise       ; uart_rx:rx_unit|shift_reg[2]  ;
; -1.000 ; 1.000        ; 2.000          ; Min Period      ; clk   ; Rise       ; uart_rx:rx_unit|shift_reg[3]  ;
; -1.000 ; 1.000        ; 2.000          ; Min Period      ; clk   ; Rise       ; uart_rx:rx_unit|shift_reg[4]  ;
; -1.000 ; 1.000        ; 2.000          ; Min Period      ; clk   ; Rise       ; uart_rx:rx_unit|shift_reg[5]  ;
; -1.000 ; 1.000        ; 2.000          ; Min Period      ; clk   ; Rise       ; uart_rx:rx_unit|shift_reg[6]  ;
; -1.000 ; 1.000        ; 2.000          ; Min Period      ; clk   ; Rise       ; uart_rx:rx_unit|shift_reg[7]  ;
; -1.000 ; 1.000        ; 2.000          ; Min Period      ; clk   ; Rise       ; uart_rx:rx_unit|state.DONE    ;
; -1.000 ; 1.000        ; 2.000          ; Min Period      ; clk   ; Rise       ; uart_rx:rx_unit|state.IDLE    ;
; -1.000 ; 1.000        ; 2.000          ; Min Period      ; clk   ; Rise       ; uart_rx:rx_unit|state.RECEIVE ;
; -1.000 ; 1.000        ; 2.000          ; Min Period      ; clk   ; Rise       ; uart_tx:tx_unit|bit_cnt[0]    ;
; -1.000 ; 1.000        ; 2.000          ; Min Period      ; clk   ; Rise       ; uart_tx:tx_unit|bit_cnt[1]    ;
; -1.000 ; 1.000        ; 2.000          ; Min Period      ; clk   ; Rise       ; uart_tx:tx_unit|bit_cnt[2]    ;
; -1.000 ; 1.000        ; 2.000          ; Min Period      ; clk   ; Rise       ; uart_tx:tx_unit|bit_cnt[3]    ;
; -1.000 ; 1.000        ; 2.000          ; Min Period      ; clk   ; Rise       ; uart_tx:tx_unit|shift_reg[0]  ;
; -1.000 ; 1.000        ; 2.000          ; Min Period      ; clk   ; Rise       ; uart_tx:tx_unit|shift_reg[1]  ;
; -1.000 ; 1.000        ; 2.000          ; Min Period      ; clk   ; Rise       ; uart_tx:tx_unit|shift_reg[2]  ;
; -1.000 ; 1.000        ; 2.000          ; Min Period      ; clk   ; Rise       ; uart_tx:tx_unit|shift_reg[3]  ;
; -1.000 ; 1.000        ; 2.000          ; Min Period      ; clk   ; Rise       ; uart_tx:tx_unit|shift_reg[4]  ;
; -1.000 ; 1.000        ; 2.000          ; Min Period      ; clk   ; Rise       ; uart_tx:tx_unit|shift_reg[5]  ;
; -1.000 ; 1.000        ; 2.000          ; Min Period      ; clk   ; Rise       ; uart_tx:tx_unit|shift_reg[6]  ;
; -1.000 ; 1.000        ; 2.000          ; Min Period      ; clk   ; Rise       ; uart_tx:tx_unit|shift_reg[7]  ;
; -1.000 ; 1.000        ; 2.000          ; Min Period      ; clk   ; Rise       ; uart_tx:tx_unit|shift_reg[8]  ;
; -1.000 ; 1.000        ; 2.000          ; Min Period      ; clk   ; Rise       ; uart_tx:tx_unit|tx_busy       ;
; -1.000 ; 1.000        ; 2.000          ; Min Period      ; clk   ; Rise       ; uart_tx:tx_unit|tx_out        ;
; 0.214  ; 0.398        ; 0.184          ; Low Pulse Width ; clk   ; Rise       ; uart_rx:rx_unit|bit_cnt[0]    ;
; 0.214  ; 0.398        ; 0.184          ; Low Pulse Width ; clk   ; Rise       ; uart_rx:rx_unit|bit_cnt[1]    ;
; 0.214  ; 0.398        ; 0.184          ; Low Pulse Width ; clk   ; Rise       ; uart_rx:rx_unit|bit_cnt[2]    ;
; 0.214  ; 0.398        ; 0.184          ; Low Pulse Width ; clk   ; Rise       ; uart_rx:rx_unit|bit_cnt[3]    ;
; 0.214  ; 0.398        ; 0.184          ; Low Pulse Width ; clk   ; Rise       ; uart_rx:rx_unit|data_out[0]   ;
; 0.214  ; 0.398        ; 0.184          ; Low Pulse Width ; clk   ; Rise       ; uart_rx:rx_unit|data_out[1]   ;
; 0.214  ; 0.398        ; 0.184          ; Low Pulse Width ; clk   ; Rise       ; uart_rx:rx_unit|data_out[2]   ;
; 0.214  ; 0.398        ; 0.184          ; Low Pulse Width ; clk   ; Rise       ; uart_rx:rx_unit|data_out[3]   ;
; 0.214  ; 0.398        ; 0.184          ; Low Pulse Width ; clk   ; Rise       ; uart_rx:rx_unit|data_out[4]   ;
; 0.214  ; 0.398        ; 0.184          ; Low Pulse Width ; clk   ; Rise       ; uart_rx:rx_unit|data_out[5]   ;
; 0.214  ; 0.398        ; 0.184          ; Low Pulse Width ; clk   ; Rise       ; uart_rx:rx_unit|data_out[6]   ;
; 0.214  ; 0.398        ; 0.184          ; Low Pulse Width ; clk   ; Rise       ; uart_rx:rx_unit|data_out[7]   ;
; 0.214  ; 0.398        ; 0.184          ; Low Pulse Width ; clk   ; Rise       ; uart_rx:rx_unit|rx_done       ;
; 0.214  ; 0.398        ; 0.184          ; Low Pulse Width ; clk   ; Rise       ; uart_rx:rx_unit|shift_reg[0]  ;
; 0.214  ; 0.398        ; 0.184          ; Low Pulse Width ; clk   ; Rise       ; uart_rx:rx_unit|shift_reg[1]  ;
; 0.214  ; 0.398        ; 0.184          ; Low Pulse Width ; clk   ; Rise       ; uart_rx:rx_unit|shift_reg[2]  ;
; 0.214  ; 0.398        ; 0.184          ; Low Pulse Width ; clk   ; Rise       ; uart_rx:rx_unit|shift_reg[3]  ;
; 0.214  ; 0.398        ; 0.184          ; Low Pulse Width ; clk   ; Rise       ; uart_rx:rx_unit|shift_reg[4]  ;
; 0.214  ; 0.398        ; 0.184          ; Low Pulse Width ; clk   ; Rise       ; uart_rx:rx_unit|shift_reg[5]  ;
; 0.214  ; 0.398        ; 0.184          ; Low Pulse Width ; clk   ; Rise       ; uart_rx:rx_unit|shift_reg[6]  ;
; 0.214  ; 0.398        ; 0.184          ; Low Pulse Width ; clk   ; Rise       ; uart_rx:rx_unit|shift_reg[7]  ;
; 0.214  ; 0.398        ; 0.184          ; Low Pulse Width ; clk   ; Rise       ; uart_rx:rx_unit|state.IDLE    ;
; 0.214  ; 0.398        ; 0.184          ; Low Pulse Width ; clk   ; Rise       ; uart_rx:rx_unit|state.RECEIVE ;
; 0.215  ; 0.399        ; 0.184          ; Low Pulse Width ; clk   ; Rise       ; uart_tx:tx_unit|bit_cnt[0]    ;
; 0.215  ; 0.399        ; 0.184          ; Low Pulse Width ; clk   ; Rise       ; uart_tx:tx_unit|bit_cnt[1]    ;
; 0.215  ; 0.399        ; 0.184          ; Low Pulse Width ; clk   ; Rise       ; uart_tx:tx_unit|bit_cnt[2]    ;
; 0.215  ; 0.399        ; 0.184          ; Low Pulse Width ; clk   ; Rise       ; uart_tx:tx_unit|bit_cnt[3]    ;
; 0.215  ; 0.399        ; 0.184          ; Low Pulse Width ; clk   ; Rise       ; uart_tx:tx_unit|shift_reg[0]  ;
; 0.215  ; 0.399        ; 0.184          ; Low Pulse Width ; clk   ; Rise       ; uart_tx:tx_unit|shift_reg[1]  ;
; 0.215  ; 0.399        ; 0.184          ; Low Pulse Width ; clk   ; Rise       ; uart_tx:tx_unit|shift_reg[2]  ;
; 0.215  ; 0.399        ; 0.184          ; Low Pulse Width ; clk   ; Rise       ; uart_tx:tx_unit|shift_reg[3]  ;
; 0.215  ; 0.399        ; 0.184          ; Low Pulse Width ; clk   ; Rise       ; uart_tx:tx_unit|shift_reg[4]  ;
; 0.215  ; 0.399        ; 0.184          ; Low Pulse Width ; clk   ; Rise       ; uart_tx:tx_unit|shift_reg[5]  ;
; 0.215  ; 0.399        ; 0.184          ; Low Pulse Width ; clk   ; Rise       ; uart_tx:tx_unit|shift_reg[6]  ;
; 0.215  ; 0.399        ; 0.184          ; Low Pulse Width ; clk   ; Rise       ; uart_tx:tx_unit|shift_reg[7]  ;
; 0.215  ; 0.399        ; 0.184          ; Low Pulse Width ; clk   ; Rise       ; uart_tx:tx_unit|shift_reg[8]  ;
; 0.215  ; 0.399        ; 0.184          ; Low Pulse Width ; clk   ; Rise       ; uart_tx:tx_unit|tx_busy       ;
; 0.215  ; 0.399        ; 0.184          ; Low Pulse Width ; clk   ; Rise       ; uart_tx:tx_unit|tx_out        ;
; 0.219  ; 0.403        ; 0.184          ; Low Pulse Width ; clk   ; Rise       ; uart_rx:rx_unit|state.DONE    ;
; 0.344  ; 0.344        ; 0.000          ; Low Pulse Width ; clk   ; Rise       ; clk~input|o                   ;
; 0.346  ; 0.346        ; 0.000          ; Low Pulse Width ; clk   ; Rise       ; clk~inputclkctrl|inclk[0]     ;
; 0.346  ; 0.346        ; 0.000          ; Low Pulse Width ; clk   ; Rise       ; clk~inputclkctrl|outclk       ;
; 0.374  ; 0.374        ; 0.000          ; Low Pulse Width ; clk   ; Rise       ; rx_unit|bit_cnt[0]|clk        ;
; 0.374  ; 0.374        ; 0.000          ; Low Pulse Width ; clk   ; Rise       ; rx_unit|bit_cnt[1]|clk        ;
; 0.374  ; 0.374        ; 0.000          ; Low Pulse Width ; clk   ; Rise       ; rx_unit|bit_cnt[2]|clk        ;
; 0.374  ; 0.374        ; 0.000          ; Low Pulse Width ; clk   ; Rise       ; rx_unit|bit_cnt[3]|clk        ;
; 0.374  ; 0.374        ; 0.000          ; Low Pulse Width ; clk   ; Rise       ; rx_unit|data_out[0]|clk       ;
; 0.374  ; 0.374        ; 0.000          ; Low Pulse Width ; clk   ; Rise       ; rx_unit|data_out[1]|clk       ;
; 0.374  ; 0.374        ; 0.000          ; Low Pulse Width ; clk   ; Rise       ; rx_unit|data_out[2]|clk       ;
; 0.374  ; 0.374        ; 0.000          ; Low Pulse Width ; clk   ; Rise       ; rx_unit|data_out[3]|clk       ;
; 0.374  ; 0.374        ; 0.000          ; Low Pulse Width ; clk   ; Rise       ; rx_unit|data_out[4]|clk       ;
; 0.374  ; 0.374        ; 0.000          ; Low Pulse Width ; clk   ; Rise       ; rx_unit|data_out[5]|clk       ;
; 0.374  ; 0.374        ; 0.000          ; Low Pulse Width ; clk   ; Rise       ; rx_unit|data_out[6]|clk       ;
; 0.374  ; 0.374        ; 0.000          ; Low Pulse Width ; clk   ; Rise       ; rx_unit|data_out[7]|clk       ;
; 0.374  ; 0.374        ; 0.000          ; Low Pulse Width ; clk   ; Rise       ; rx_unit|rx_done|clk           ;
; 0.374  ; 0.374        ; 0.000          ; Low Pulse Width ; clk   ; Rise       ; rx_unit|shift_reg[0]|clk      ;
; 0.374  ; 0.374        ; 0.000          ; Low Pulse Width ; clk   ; Rise       ; rx_unit|shift_reg[1]|clk      ;
; 0.374  ; 0.374        ; 0.000          ; Low Pulse Width ; clk   ; Rise       ; rx_unit|shift_reg[2]|clk      ;
; 0.374  ; 0.374        ; 0.000          ; Low Pulse Width ; clk   ; Rise       ; rx_unit|shift_reg[3]|clk      ;
; 0.374  ; 0.374        ; 0.000          ; Low Pulse Width ; clk   ; Rise       ; rx_unit|shift_reg[4]|clk      ;
+--------+--------------+----------------+-----------------+-------+------------+-------------------------------+


+-------------------------------------------------------------------------+
; Setup Times                                                             ;
+-------------+------------+-------+-------+------------+-----------------+
; Data Port   ; Clock Port ; Rise  ; Fall  ; Clock Edge ; Clock Reference ;
+-------------+------------+-------+-------+------------+-----------------+
; data_in[*]  ; clk        ; 2.367 ; 2.736 ; Rise       ; clk             ;
;  data_in[0] ; clk        ; 0.713 ; 0.889 ; Rise       ; clk             ;
;  data_in[1] ; clk        ; 1.944 ; 2.297 ; Rise       ; clk             ;
;  data_in[2] ; clk        ; 2.367 ; 2.736 ; Rise       ; clk             ;
;  data_in[3] ; clk        ; 2.149 ; 2.479 ; Rise       ; clk             ;
;  data_in[4] ; clk        ; 1.860 ; 2.215 ; Rise       ; clk             ;
;  data_in[5] ; clk        ; 1.842 ; 2.195 ; Rise       ; clk             ;
;  data_in[6] ; clk        ; 2.231 ; 2.606 ; Rise       ; clk             ;
; rst         ; clk        ; 0.855 ; 0.962 ; Rise       ; clk             ;
; start       ; clk        ; 0.850 ; 0.990 ; Rise       ; clk             ;
+-------------+------------+-------+-------+------------+-----------------+


+---------------------------------------------------------------------------+
; Hold Times                                                                ;
+-------------+------------+--------+--------+------------+-----------------+
; Data Port   ; Clock Port ; Rise   ; Fall   ; Clock Edge ; Clock Reference ;
+-------------+------------+--------+--------+------------+-----------------+
; data_in[*]  ; clk        ; 0.232  ; 0.070  ; Rise       ; clk             ;
;  data_in[0] ; clk        ; 0.232  ; 0.070  ; Rise       ; clk             ;
;  data_in[1] ; clk        ; -1.146 ; -1.471 ; Rise       ; clk             ;
;  data_in[2] ; clk        ; -1.584 ; -1.907 ; Rise       ; clk             ;
;  data_in[3] ; clk        ; -1.149 ; -1.481 ; Rise       ; clk             ;
;  data_in[4] ; clk        ; -1.171 ; -1.483 ; Rise       ; clk             ;
;  data_in[5] ; clk        ; -1.371 ; -1.698 ; Rise       ; clk             ;
;  data_in[6] ; clk        ; -1.478 ; -1.824 ; Rise       ; clk             ;
; rst         ; clk        ; -0.604 ; -0.703 ; Rise       ; clk             ;
; start       ; clk        ; 0.348  ; 0.198  ; Rise       ; clk             ;
+-------------+------------+--------+--------+------------+-----------------+


+--------------------------------------------------------------------------+
; Clock to Output Times                                                    ;
+--------------+------------+-------+-------+------------+-----------------+
; Data Port    ; Clock Port ; Rise  ; Fall  ; Clock Edge ; Clock Reference ;
+--------------+------------+-------+-------+------------+-----------------+
; data_out[*]  ; clk        ; 5.844 ; 5.828 ; Rise       ; clk             ;
;  data_out[0] ; clk        ; 5.284 ; 5.208 ; Rise       ; clk             ;
;  data_out[1] ; clk        ; 5.317 ; 5.256 ; Rise       ; clk             ;
;  data_out[2] ; clk        ; 5.248 ; 5.176 ; Rise       ; clk             ;
;  data_out[3] ; clk        ; 5.044 ; 4.973 ; Rise       ; clk             ;
;  data_out[4] ; clk        ; 5.289 ; 5.222 ; Rise       ; clk             ;
;  data_out[5] ; clk        ; 5.238 ; 5.173 ; Rise       ; clk             ;
;  data_out[6] ; clk        ; 5.844 ; 5.828 ; Rise       ; clk             ;
;  data_out[7] ; clk        ; 5.304 ; 5.236 ; Rise       ; clk             ;
; done         ; clk        ; 5.388 ; 5.283 ; Rise       ; clk             ;
+--------------+------------+-------+-------+------------+-----------------+


+--------------------------------------------------------------------------+
; Minimum Clock to Output Times                                            ;
+--------------+------------+-------+-------+------------+-----------------+
; Data Port    ; Clock Port ; Rise  ; Fall  ; Clock Edge ; Clock Reference ;
+--------------+------------+-------+-------+------------+-----------------+
; data_out[*]  ; clk        ; 4.879 ; 4.808 ; Rise       ; clk             ;
;  data_out[0] ; clk        ; 5.116 ; 5.039 ; Rise       ; clk             ;
;  data_out[1] ; clk        ; 5.147 ; 5.085 ; Rise       ; clk             ;
;  data_out[2] ; clk        ; 5.075 ; 5.004 ; Rise       ; clk             ;
;  data_out[3] ; clk        ; 4.879 ; 4.808 ; Rise       ; clk             ;
;  data_out[4] ; clk        ; 5.121 ; 5.053 ; Rise       ; clk             ;
;  data_out[5] ; clk        ; 5.066 ; 5.001 ; Rise       ; clk             ;
;  data_out[6] ; clk        ; 5.676 ; 5.659 ; Rise       ; clk             ;
;  data_out[7] ; clk        ; 5.135 ; 5.066 ; Rise       ; clk             ;
; done         ; clk        ; 5.216 ; 5.111 ; Rise       ; clk             ;
+--------------+------------+-------+-------+------------+-----------------+


---------------------------------------------
; Slow 1200mV 0C Model Metastability Report ;
---------------------------------------------
No synchronizer chains to report.


+------------------------------------+
; Fast 1200mV 0C Model Setup Summary ;
+-------+--------+-------------------+
; Clock ; Slack  ; End Point TNS     ;
+-------+--------+-------------------+
; clk   ; -0.115 ; -0.229            ;
+-------+--------+-------------------+


+-----------------------------------+
; Fast 1200mV 0C Model Hold Summary ;
+-------+-------+-------------------+
; Clock ; Slack ; End Point TNS     ;
+-------+-------+-------------------+
; clk   ; 0.186 ; 0.000             ;
+-------+-------+-------------------+


-----------------------------------------
; Fast 1200mV 0C Model Recovery Summary ;
-----------------------------------------
No paths to report.


----------------------------------------
; Fast 1200mV 0C Model Removal Summary ;
----------------------------------------
No paths to report.


+--------------------------------------------------+
; Fast 1200mV 0C Model Minimum Pulse Width Summary ;
+-------+--------+---------------------------------+
; Clock ; Slack  ; End Point TNS                   ;
+-------+--------+---------------------------------+
; clk   ; -3.000 ; -43.354                         ;
+-------+--------+---------------------------------+


+----------------------------------------------------------------------------------------------------------------------------------------------+
; Fast 1200mV 0C Model Setup: 'clk'                                                                                                            ;
+--------+-------------------------------+-------------------------------+--------------+-------------+--------------+------------+------------+
; Slack  ; From Node                     ; To Node                       ; Launch Clock ; Latch Clock ; Relationship ; Clock Skew ; Data Delay ;
+--------+-------------------------------+-------------------------------+--------------+-------------+--------------+------------+------------+
; -0.115 ; uart_rx:rx_unit|bit_cnt[2]    ; uart_rx:rx_unit|bit_cnt[2]    ; clk          ; clk         ; 1.000        ; -0.037     ; 1.065      ;
; -0.114 ; uart_rx:rx_unit|bit_cnt[2]    ; uart_rx:rx_unit|bit_cnt[1]    ; clk          ; clk         ; 1.000        ; -0.037     ; 1.064      ;
; -0.111 ; uart_rx:rx_unit|bit_cnt[1]    ; uart_rx:rx_unit|bit_cnt[2]    ; clk          ; clk         ; 1.000        ; -0.037     ; 1.061      ;
; -0.110 ; uart_rx:rx_unit|bit_cnt[1]    ; uart_rx:rx_unit|bit_cnt[1]    ; clk          ; clk         ; 1.000        ; -0.037     ; 1.060      ;
; -0.031 ; uart_rx:rx_unit|bit_cnt[0]    ; uart_rx:rx_unit|bit_cnt[2]    ; clk          ; clk         ; 1.000        ; -0.037     ; 0.981      ;
; -0.030 ; uart_rx:rx_unit|bit_cnt[0]    ; uart_rx:rx_unit|bit_cnt[1]    ; clk          ; clk         ; 1.000        ; -0.037     ; 0.980      ;
; 0.001  ; uart_tx:tx_unit|bit_cnt[1]    ; uart_tx:tx_unit|bit_cnt[1]    ; clk          ; clk         ; 1.000        ; -0.037     ; 0.949      ;
; 0.059  ; uart_rx:rx_unit|bit_cnt[3]    ; uart_rx:rx_unit|bit_cnt[2]    ; clk          ; clk         ; 1.000        ; -0.037     ; 0.891      ;
; 0.060  ; uart_rx:rx_unit|bit_cnt[2]    ; uart_rx:rx_unit|state.RECEIVE ; clk          ; clk         ; 1.000        ; -0.037     ; 0.890      ;
; 0.060  ; uart_rx:rx_unit|bit_cnt[3]    ; uart_rx:rx_unit|bit_cnt[1]    ; clk          ; clk         ; 1.000        ; -0.037     ; 0.890      ;
; 0.064  ; uart_rx:rx_unit|bit_cnt[2]    ; uart_rx:rx_unit|bit_cnt[0]    ; clk          ; clk         ; 1.000        ; -0.037     ; 0.886      ;
; 0.064  ; uart_rx:rx_unit|bit_cnt[1]    ; uart_rx:rx_unit|state.RECEIVE ; clk          ; clk         ; 1.000        ; -0.037     ; 0.886      ;
; 0.068  ; uart_rx:rx_unit|bit_cnt[1]    ; uart_rx:rx_unit|bit_cnt[0]    ; clk          ; clk         ; 1.000        ; -0.037     ; 0.882      ;
; 0.082  ; uart_tx:tx_unit|bit_cnt[2]    ; uart_tx:tx_unit|bit_cnt[1]    ; clk          ; clk         ; 1.000        ; -0.037     ; 0.868      ;
; 0.095  ; uart_tx:tx_unit|tx_busy       ; uart_tx:tx_unit|bit_cnt[0]    ; clk          ; clk         ; 1.000        ; -0.037     ; 0.855      ;
; 0.095  ; uart_tx:tx_unit|tx_busy       ; uart_tx:tx_unit|bit_cnt[1]    ; clk          ; clk         ; 1.000        ; -0.037     ; 0.855      ;
; 0.095  ; uart_tx:tx_unit|tx_busy       ; uart_tx:tx_unit|bit_cnt[2]    ; clk          ; clk         ; 1.000        ; -0.037     ; 0.855      ;
; 0.095  ; uart_tx:tx_unit|tx_busy       ; uart_tx:tx_unit|shift_reg[7]  ; clk          ; clk         ; 1.000        ; -0.037     ; 0.855      ;
; 0.095  ; uart_tx:tx_unit|tx_busy       ; uart_tx:tx_unit|shift_reg[6]  ; clk          ; clk         ; 1.000        ; -0.037     ; 0.855      ;
; 0.095  ; uart_tx:tx_unit|tx_busy       ; uart_tx:tx_unit|shift_reg[5]  ; clk          ; clk         ; 1.000        ; -0.037     ; 0.855      ;
; 0.095  ; uart_tx:tx_unit|tx_busy       ; uart_tx:tx_unit|shift_reg[4]  ; clk          ; clk         ; 1.000        ; -0.037     ; 0.855      ;
; 0.095  ; uart_tx:tx_unit|tx_busy       ; uart_tx:tx_unit|shift_reg[3]  ; clk          ; clk         ; 1.000        ; -0.037     ; 0.855      ;
; 0.095  ; uart_tx:tx_unit|tx_busy       ; uart_tx:tx_unit|shift_reg[2]  ; clk          ; clk         ; 1.000        ; -0.037     ; 0.855      ;
; 0.095  ; uart_tx:tx_unit|tx_busy       ; uart_tx:tx_unit|shift_reg[1]  ; clk          ; clk         ; 1.000        ; -0.037     ; 0.855      ;
; 0.095  ; uart_tx:tx_unit|tx_busy       ; uart_tx:tx_unit|shift_reg[0]  ; clk          ; clk         ; 1.000        ; -0.037     ; 0.855      ;
; 0.095  ; uart_tx:tx_unit|tx_busy       ; uart_tx:tx_unit|tx_out        ; clk          ; clk         ; 1.000        ; -0.037     ; 0.855      ;
; 0.097  ; uart_tx:tx_unit|bit_cnt[0]    ; uart_tx:tx_unit|bit_cnt[2]    ; clk          ; clk         ; 1.000        ; -0.037     ; 0.853      ;
; 0.101  ; uart_tx:tx_unit|bit_cnt[2]    ; uart_tx:tx_unit|bit_cnt[3]    ; clk          ; clk         ; 1.000        ; -0.036     ; 0.850      ;
; 0.101  ; uart_rx:rx_unit|bit_cnt[1]    ; uart_rx:rx_unit|bit_cnt[3]    ; clk          ; clk         ; 1.000        ; -0.037     ; 0.849      ;
; 0.102  ; uart_rx:rx_unit|bit_cnt[2]    ; uart_rx:rx_unit|bit_cnt[3]    ; clk          ; clk         ; 1.000        ; -0.037     ; 0.848      ;
; 0.105  ; uart_tx:tx_unit|tx_busy       ; uart_tx:tx_unit|bit_cnt[3]    ; clk          ; clk         ; 1.000        ; -0.036     ; 0.846      ;
; 0.111  ; uart_tx:tx_unit|bit_cnt[0]    ; uart_tx:tx_unit|bit_cnt[3]    ; clk          ; clk         ; 1.000        ; -0.036     ; 0.840      ;
; 0.116  ; uart_tx:tx_unit|bit_cnt[1]    ; uart_tx:tx_unit|bit_cnt[3]    ; clk          ; clk         ; 1.000        ; -0.036     ; 0.835      ;
; 0.127  ; uart_rx:rx_unit|state.DONE    ; uart_rx:rx_unit|state.IDLE    ; clk          ; clk         ; 1.000        ; -0.217     ; 0.643      ;
; 0.130  ; uart_tx:tx_unit|tx_out        ; uart_rx:rx_unit|bit_cnt[3]    ; clk          ; clk         ; 1.000        ; -0.026     ; 0.831      ;
; 0.131  ; uart_tx:tx_unit|tx_out        ; uart_rx:rx_unit|bit_cnt[2]    ; clk          ; clk         ; 1.000        ; -0.026     ; 0.830      ;
; 0.132  ; uart_tx:tx_unit|tx_out        ; uart_rx:rx_unit|bit_cnt[1]    ; clk          ; clk         ; 1.000        ; -0.026     ; 0.829      ;
; 0.136  ; uart_tx:tx_unit|tx_out        ; uart_rx:rx_unit|bit_cnt[0]    ; clk          ; clk         ; 1.000        ; -0.026     ; 0.825      ;
; 0.144  ; uart_rx:rx_unit|bit_cnt[0]    ; uart_rx:rx_unit|state.RECEIVE ; clk          ; clk         ; 1.000        ; -0.037     ; 0.806      ;
; 0.148  ; uart_rx:rx_unit|bit_cnt[0]    ; uart_rx:rx_unit|bit_cnt[0]    ; clk          ; clk         ; 1.000        ; -0.037     ; 0.802      ;
; 0.152  ; uart_rx:rx_unit|bit_cnt[0]    ; uart_rx:rx_unit|bit_cnt[3]    ; clk          ; clk         ; 1.000        ; -0.037     ; 0.798      ;
; 0.159  ; uart_tx:tx_unit|bit_cnt[3]    ; uart_tx:tx_unit|bit_cnt[1]    ; clk          ; clk         ; 1.000        ; -0.037     ; 0.791      ;
; 0.167  ; uart_tx:tx_unit|bit_cnt[1]    ; uart_tx:tx_unit|tx_busy       ; clk          ; clk         ; 1.000        ; -0.037     ; 0.783      ;
; 0.168  ; uart_tx:tx_unit|bit_cnt[1]    ; uart_tx:tx_unit|bit_cnt[2]    ; clk          ; clk         ; 1.000        ; -0.037     ; 0.782      ;
; 0.172  ; uart_tx:tx_unit|bit_cnt[0]    ; uart_tx:tx_unit|bit_cnt[1]    ; clk          ; clk         ; 1.000        ; -0.037     ; 0.778      ;
; 0.173  ; uart_rx:rx_unit|state.DONE    ; uart_rx:rx_unit|data_out[0]   ; clk          ; clk         ; 1.000        ; -0.217     ; 0.597      ;
; 0.173  ; uart_rx:rx_unit|state.DONE    ; uart_rx:rx_unit|data_out[1]   ; clk          ; clk         ; 1.000        ; -0.217     ; 0.597      ;
; 0.173  ; uart_rx:rx_unit|state.DONE    ; uart_rx:rx_unit|data_out[2]   ; clk          ; clk         ; 1.000        ; -0.217     ; 0.597      ;
; 0.173  ; uart_rx:rx_unit|state.DONE    ; uart_rx:rx_unit|data_out[3]   ; clk          ; clk         ; 1.000        ; -0.217     ; 0.597      ;
; 0.173  ; uart_rx:rx_unit|state.DONE    ; uart_rx:rx_unit|data_out[4]   ; clk          ; clk         ; 1.000        ; -0.217     ; 0.597      ;
; 0.173  ; uart_rx:rx_unit|state.DONE    ; uart_rx:rx_unit|data_out[5]   ; clk          ; clk         ; 1.000        ; -0.217     ; 0.597      ;
; 0.173  ; uart_rx:rx_unit|state.DONE    ; uart_rx:rx_unit|data_out[6]   ; clk          ; clk         ; 1.000        ; -0.217     ; 0.597      ;
; 0.173  ; uart_rx:rx_unit|state.DONE    ; uart_rx:rx_unit|data_out[7]   ; clk          ; clk         ; 1.000        ; -0.217     ; 0.597      ;
; 0.222  ; uart_rx:rx_unit|shift_reg[1]  ; uart_rx:rx_unit|data_out[1]   ; clk          ; clk         ; 1.000        ; -0.218     ; 0.547      ;
; 0.223  ; uart_rx:rx_unit|state.DONE    ; uart_rx:rx_unit|rx_done       ; clk          ; clk         ; 1.000        ; -0.217     ; 0.547      ;
; 0.234  ; uart_rx:rx_unit|shift_reg[0]  ; uart_rx:rx_unit|data_out[0]   ; clk          ; clk         ; 1.000        ; -0.218     ; 0.535      ;
; 0.238  ; uart_rx:rx_unit|bit_cnt[3]    ; uart_rx:rx_unit|state.RECEIVE ; clk          ; clk         ; 1.000        ; -0.037     ; 0.712      ;
; 0.239  ; uart_rx:rx_unit|state.RECEIVE ; uart_rx:rx_unit|shift_reg[7]  ; clk          ; clk         ; 1.000        ; 0.137      ; 0.885      ;
; 0.239  ; uart_rx:rx_unit|state.RECEIVE ; uart_rx:rx_unit|shift_reg[6]  ; clk          ; clk         ; 1.000        ; 0.137      ; 0.885      ;
; 0.239  ; uart_rx:rx_unit|state.RECEIVE ; uart_rx:rx_unit|shift_reg[5]  ; clk          ; clk         ; 1.000        ; 0.137      ; 0.885      ;
; 0.239  ; uart_rx:rx_unit|state.RECEIVE ; uart_rx:rx_unit|shift_reg[4]  ; clk          ; clk         ; 1.000        ; 0.137      ; 0.885      ;
; 0.239  ; uart_rx:rx_unit|state.RECEIVE ; uart_rx:rx_unit|shift_reg[3]  ; clk          ; clk         ; 1.000        ; 0.137      ; 0.885      ;
; 0.239  ; uart_rx:rx_unit|state.RECEIVE ; uart_rx:rx_unit|shift_reg[2]  ; clk          ; clk         ; 1.000        ; 0.137      ; 0.885      ;
; 0.239  ; uart_rx:rx_unit|state.RECEIVE ; uart_rx:rx_unit|shift_reg[1]  ; clk          ; clk         ; 1.000        ; 0.137      ; 0.885      ;
; 0.239  ; uart_rx:rx_unit|state.RECEIVE ; uart_rx:rx_unit|shift_reg[0]  ; clk          ; clk         ; 1.000        ; 0.137      ; 0.885      ;
; 0.244  ; uart_tx:tx_unit|bit_cnt[3]    ; uart_tx:tx_unit|bit_cnt[3]    ; clk          ; clk         ; 1.000        ; -0.036     ; 0.707      ;
; 0.246  ; uart_tx:tx_unit|bit_cnt[2]    ; uart_tx:tx_unit|bit_cnt[2]    ; clk          ; clk         ; 1.000        ; -0.037     ; 0.704      ;
; 0.248  ; uart_tx:tx_unit|bit_cnt[2]    ; uart_tx:tx_unit|tx_busy       ; clk          ; clk         ; 1.000        ; -0.037     ; 0.702      ;
; 0.257  ; uart_rx:rx_unit|state.IDLE    ; uart_rx:rx_unit|bit_cnt[3]    ; clk          ; clk         ; 1.000        ; -0.037     ; 0.693      ;
; 0.258  ; uart_rx:rx_unit|state.IDLE    ; uart_rx:rx_unit|bit_cnt[0]    ; clk          ; clk         ; 1.000        ; -0.037     ; 0.692      ;
; 0.259  ; uart_rx:rx_unit|state.IDLE    ; uart_rx:rx_unit|bit_cnt[2]    ; clk          ; clk         ; 1.000        ; -0.037     ; 0.691      ;
; 0.260  ; uart_rx:rx_unit|state.IDLE    ; uart_rx:rx_unit|bit_cnt[1]    ; clk          ; clk         ; 1.000        ; -0.037     ; 0.690      ;
; 0.266  ; uart_rx:rx_unit|bit_cnt[3]    ; uart_rx:rx_unit|bit_cnt[0]    ; clk          ; clk         ; 1.000        ; -0.037     ; 0.684      ;
; 0.302  ; uart_tx:tx_unit|bit_cnt[3]    ; uart_tx:tx_unit|tx_busy       ; clk          ; clk         ; 1.000        ; -0.037     ; 0.648      ;
; 0.302  ; uart_tx:tx_unit|bit_cnt[3]    ; uart_tx:tx_unit|bit_cnt[2]    ; clk          ; clk         ; 1.000        ; -0.037     ; 0.648      ;
; 0.308  ; uart_rx:rx_unit|shift_reg[7]  ; uart_rx:rx_unit|data_out[7]   ; clk          ; clk         ; 1.000        ; -0.218     ; 0.461      ;
; 0.310  ; uart_rx:rx_unit|shift_reg[3]  ; uart_rx:rx_unit|data_out[3]   ; clk          ; clk         ; 1.000        ; -0.218     ; 0.459      ;
; 0.310  ; uart_rx:rx_unit|state.RECEIVE ; uart_rx:rx_unit|bit_cnt[0]    ; clk          ; clk         ; 1.000        ; -0.037     ; 0.640      ;
; 0.310  ; uart_tx:tx_unit|tx_out        ; uart_rx:rx_unit|state.RECEIVE ; clk          ; clk         ; 1.000        ; -0.026     ; 0.651      ;
; 0.310  ; uart_tx:tx_unit|tx_out        ; uart_rx:rx_unit|state.IDLE    ; clk          ; clk         ; 1.000        ; -0.026     ; 0.651      ;
; 0.311  ; uart_rx:rx_unit|shift_reg[4]  ; uart_rx:rx_unit|data_out[4]   ; clk          ; clk         ; 1.000        ; -0.218     ; 0.458      ;
; 0.311  ; uart_rx:rx_unit|state.RECEIVE ; uart_rx:rx_unit|bit_cnt[3]    ; clk          ; clk         ; 1.000        ; -0.037     ; 0.639      ;
; 0.313  ; uart_rx:rx_unit|shift_reg[6]  ; uart_rx:rx_unit|data_out[6]   ; clk          ; clk         ; 1.000        ; -0.218     ; 0.456      ;
; 0.320  ; uart_rx:rx_unit|shift_reg[5]  ; uart_rx:rx_unit|data_out[5]   ; clk          ; clk         ; 1.000        ; -0.218     ; 0.449      ;
; 0.322  ; uart_rx:rx_unit|shift_reg[5]  ; uart_rx:rx_unit|shift_reg[4]  ; clk          ; clk         ; 1.000        ; -0.044     ; 0.621      ;
; 0.324  ; uart_rx:rx_unit|shift_reg[2]  ; uart_rx:rx_unit|data_out[2]   ; clk          ; clk         ; 1.000        ; -0.218     ; 0.445      ;
; 0.332  ; uart_tx:tx_unit|shift_reg[8]  ; uart_tx:tx_unit|shift_reg[7]  ; clk          ; clk         ; 1.000        ; -0.037     ; 0.618      ;
; 0.333  ; uart_rx:rx_unit|bit_cnt[2]    ; uart_rx:rx_unit|state.DONE    ; clk          ; clk         ; 1.000        ; 0.136      ; 0.790      ;
; 0.333  ; uart_tx:tx_unit|bit_cnt[0]    ; uart_tx:tx_unit|tx_busy       ; clk          ; clk         ; 1.000        ; -0.037     ; 0.617      ;
; 0.337  ; uart_rx:rx_unit|bit_cnt[1]    ; uart_rx:rx_unit|state.DONE    ; clk          ; clk         ; 1.000        ; 0.136      ; 0.786      ;
; 0.338  ; uart_rx:rx_unit|state.RECEIVE ; uart_rx:rx_unit|bit_cnt[1]    ; clk          ; clk         ; 1.000        ; -0.037     ; 0.612      ;
; 0.341  ; uart_rx:rx_unit|state.RECEIVE ; uart_rx:rx_unit|bit_cnt[2]    ; clk          ; clk         ; 1.000        ; -0.037     ; 0.609      ;
; 0.344  ; uart_rx:rx_unit|shift_reg[6]  ; uart_rx:rx_unit|shift_reg[5]  ; clk          ; clk         ; 1.000        ; -0.044     ; 0.599      ;
; 0.367  ; uart_tx:tx_unit|shift_reg[5]  ; uart_tx:tx_unit|shift_reg[4]  ; clk          ; clk         ; 1.000        ; -0.037     ; 0.583      ;
; 0.406  ; uart_tx:tx_unit|shift_reg[4]  ; uart_tx:tx_unit|shift_reg[3]  ; clk          ; clk         ; 1.000        ; -0.037     ; 0.544      ;
; 0.408  ; uart_tx:tx_unit|shift_reg[6]  ; uart_tx:tx_unit|shift_reg[5]  ; clk          ; clk         ; 1.000        ; -0.037     ; 0.542      ;
; 0.408  ; uart_tx:tx_unit|shift_reg[7]  ; uart_tx:tx_unit|shift_reg[6]  ; clk          ; clk         ; 1.000        ; -0.037     ; 0.542      ;
; 0.409  ; uart_tx:tx_unit|shift_reg[3]  ; uart_tx:tx_unit|shift_reg[2]  ; clk          ; clk         ; 1.000        ; -0.037     ; 0.541      ;
; 0.410  ; uart_tx:tx_unit|shift_reg[2]  ; uart_tx:tx_unit|shift_reg[1]  ; clk          ; clk         ; 1.000        ; -0.037     ; 0.540      ;
; 0.412  ; uart_rx:rx_unit|shift_reg[3]  ; uart_rx:rx_unit|shift_reg[2]  ; clk          ; clk         ; 1.000        ; -0.044     ; 0.531      ;
+--------+-------------------------------+-------------------------------+--------------+-------------+--------------+------------+------------+


+---------------------------------------------------------------------------------------------------------------------------------------------+
; Fast 1200mV 0C Model Hold: 'clk'                                                                                                            ;
+-------+-------------------------------+-------------------------------+--------------+-------------+--------------+------------+------------+
; Slack ; From Node                     ; To Node                       ; Launch Clock ; Latch Clock ; Relationship ; Clock Skew ; Data Delay ;
+-------+-------------------------------+-------------------------------+--------------+-------------+--------------+------------+------------+
; 0.186 ; uart_tx:tx_unit|bit_cnt[1]    ; uart_tx:tx_unit|bit_cnt[1]    ; clk          ; clk         ; 0.000        ; 0.037      ; 0.307      ;
; 0.186 ; uart_tx:tx_unit|tx_busy       ; uart_tx:tx_unit|tx_busy       ; clk          ; clk         ; 0.000        ; 0.037      ; 0.307      ;
; 0.186 ; uart_rx:rx_unit|state.IDLE    ; uart_rx:rx_unit|state.IDLE    ; clk          ; clk         ; 0.000        ; 0.037      ; 0.307      ;
; 0.186 ; uart_rx:rx_unit|state.RECEIVE ; uart_rx:rx_unit|state.RECEIVE ; clk          ; clk         ; 0.000        ; 0.037      ; 0.307      ;
; 0.186 ; uart_rx:rx_unit|bit_cnt[0]    ; uart_rx:rx_unit|bit_cnt[0]    ; clk          ; clk         ; 0.000        ; 0.037      ; 0.307      ;
; 0.186 ; uart_rx:rx_unit|bit_cnt[1]    ; uart_rx:rx_unit|bit_cnt[1]    ; clk          ; clk         ; 0.000        ; 0.037      ; 0.307      ;
; 0.186 ; uart_rx:rx_unit|bit_cnt[2]    ; uart_rx:rx_unit|bit_cnt[2]    ; clk          ; clk         ; 0.000        ; 0.037      ; 0.307      ;
; 0.186 ; uart_rx:rx_unit|bit_cnt[3]    ; uart_rx:rx_unit|bit_cnt[3]    ; clk          ; clk         ; 0.000        ; 0.037      ; 0.307      ;
; 0.187 ; uart_tx:tx_unit|shift_reg[8]  ; uart_tx:tx_unit|shift_reg[8]  ; clk          ; clk         ; 0.000        ; 0.036      ; 0.307      ;
; 0.193 ; uart_tx:tx_unit|bit_cnt[0]    ; uart_tx:tx_unit|bit_cnt[0]    ; clk          ; clk         ; 0.000        ; 0.037      ; 0.314      ;
; 0.193 ; uart_tx:tx_unit|shift_reg[0]  ; uart_tx:tx_unit|tx_out        ; clk          ; clk         ; 0.000        ; 0.037      ; 0.314      ;
; 0.194 ; uart_tx:tx_unit|shift_reg[1]  ; uart_tx:tx_unit|shift_reg[0]  ; clk          ; clk         ; 0.000        ; 0.037      ; 0.315      ;
; 0.197 ; uart_rx:rx_unit|shift_reg[7]  ; uart_rx:rx_unit|shift_reg[6]  ; clk          ; clk         ; 0.000        ; 0.044      ; 0.325      ;
; 0.199 ; uart_rx:rx_unit|state.RECEIVE ; uart_rx:rx_unit|state.DONE    ; clk          ; clk         ; 0.000        ; 0.217      ; 0.500      ;
; 0.238 ; uart_tx:tx_unit|tx_out        ; uart_rx:rx_unit|shift_reg[7]  ; clk          ; clk         ; 0.000        ; 0.229      ; 0.551      ;
; 0.257 ; uart_rx:rx_unit|bit_cnt[3]    ; uart_rx:rx_unit|state.DONE    ; clk          ; clk         ; 0.000        ; 0.217      ; 0.558      ;
; 0.275 ; uart_rx:rx_unit|shift_reg[2]  ; uart_rx:rx_unit|shift_reg[1]  ; clk          ; clk         ; 0.000        ; 0.044      ; 0.403      ;
; 0.288 ; uart_tx:tx_unit|tx_busy       ; uart_tx:tx_unit|shift_reg[8]  ; clk          ; clk         ; 0.000        ; 0.037      ; 0.409      ;
; 0.297 ; uart_tx:tx_unit|shift_reg[3]  ; uart_tx:tx_unit|shift_reg[2]  ; clk          ; clk         ; 0.000        ; 0.037      ; 0.418      ;
; 0.299 ; uart_tx:tx_unit|shift_reg[7]  ; uart_tx:tx_unit|shift_reg[6]  ; clk          ; clk         ; 0.000        ; 0.037      ; 0.420      ;
; 0.300 ; uart_tx:tx_unit|shift_reg[6]  ; uart_tx:tx_unit|shift_reg[5]  ; clk          ; clk         ; 0.000        ; 0.037      ; 0.421      ;
; 0.301 ; uart_tx:tx_unit|shift_reg[4]  ; uart_tx:tx_unit|shift_reg[3]  ; clk          ; clk         ; 0.000        ; 0.037      ; 0.422      ;
; 0.310 ; uart_rx:rx_unit|bit_cnt[0]    ; uart_rx:rx_unit|state.DONE    ; clk          ; clk         ; 0.000        ; 0.217      ; 0.611      ;
; 0.314 ; uart_rx:rx_unit|state.IDLE    ; uart_rx:rx_unit|state.RECEIVE ; clk          ; clk         ; 0.000        ; 0.037      ; 0.435      ;
; 0.319 ; uart_tx:tx_unit|shift_reg[2]  ; uart_tx:tx_unit|shift_reg[1]  ; clk          ; clk         ; 0.000        ; 0.037      ; 0.440      ;
; 0.322 ; uart_rx:rx_unit|shift_reg[1]  ; uart_rx:rx_unit|shift_reg[0]  ; clk          ; clk         ; 0.000        ; 0.044      ; 0.450      ;
; 0.327 ; uart_rx:rx_unit|shift_reg[3]  ; uart_rx:rx_unit|shift_reg[2]  ; clk          ; clk         ; 0.000        ; 0.044      ; 0.455      ;
; 0.340 ; uart_rx:rx_unit|shift_reg[4]  ; uart_rx:rx_unit|shift_reg[3]  ; clk          ; clk         ; 0.000        ; 0.044      ; 0.468      ;
; 0.342 ; uart_rx:rx_unit|state.RECEIVE ; uart_rx:rx_unit|bit_cnt[1]    ; clk          ; clk         ; 0.000        ; 0.037      ; 0.463      ;
; 0.343 ; uart_rx:rx_unit|state.RECEIVE ; uart_rx:rx_unit|bit_cnt[2]    ; clk          ; clk         ; 0.000        ; 0.037      ; 0.464      ;
; 0.367 ; uart_tx:tx_unit|shift_reg[8]  ; uart_tx:tx_unit|shift_reg[7]  ; clk          ; clk         ; 0.000        ; 0.036      ; 0.487      ;
; 0.370 ; uart_rx:rx_unit|bit_cnt[1]    ; uart_rx:rx_unit|state.DONE    ; clk          ; clk         ; 0.000        ; 0.217      ; 0.671      ;
; 0.373 ; uart_rx:rx_unit|bit_cnt[2]    ; uart_rx:rx_unit|state.DONE    ; clk          ; clk         ; 0.000        ; 0.217      ; 0.674      ;
; 0.376 ; uart_tx:tx_unit|shift_reg[5]  ; uart_tx:tx_unit|shift_reg[4]  ; clk          ; clk         ; 0.000        ; 0.037      ; 0.497      ;
; 0.378 ; uart_rx:rx_unit|shift_reg[6]  ; uart_rx:rx_unit|shift_reg[5]  ; clk          ; clk         ; 0.000        ; 0.044      ; 0.506      ;
; 0.388 ; uart_rx:rx_unit|state.RECEIVE ; uart_rx:rx_unit|bit_cnt[0]    ; clk          ; clk         ; 0.000        ; 0.037      ; 0.509      ;
; 0.388 ; uart_rx:rx_unit|bit_cnt[0]    ; uart_rx:rx_unit|bit_cnt[1]    ; clk          ; clk         ; 0.000        ; 0.037      ; 0.509      ;
; 0.393 ; uart_rx:rx_unit|state.RECEIVE ; uart_rx:rx_unit|bit_cnt[3]    ; clk          ; clk         ; 0.000        ; 0.037      ; 0.514      ;
; 0.415 ; uart_tx:tx_unit|tx_out        ; uart_rx:rx_unit|state.IDLE    ; clk          ; clk         ; 0.000        ; 0.048      ; 0.547      ;
; 0.415 ; uart_tx:tx_unit|tx_out        ; uart_rx:rx_unit|state.RECEIVE ; clk          ; clk         ; 0.000        ; 0.048      ; 0.547      ;
; 0.431 ; uart_rx:rx_unit|shift_reg[5]  ; uart_rx:rx_unit|shift_reg[4]  ; clk          ; clk         ; 0.000        ; 0.044      ; 0.559      ;
; 0.436 ; uart_rx:rx_unit|shift_reg[2]  ; uart_rx:rx_unit|data_out[2]   ; clk          ; clk         ; 0.000        ; -0.137     ; 0.383      ;
; 0.439 ; uart_tx:tx_unit|tx_busy       ; uart_tx:tx_unit|shift_reg[6]  ; clk          ; clk         ; 0.000        ; 0.037      ; 0.560      ;
; 0.440 ; uart_rx:rx_unit|shift_reg[5]  ; uart_rx:rx_unit|data_out[5]   ; clk          ; clk         ; 0.000        ; -0.137     ; 0.387      ;
; 0.440 ; uart_rx:rx_unit|shift_reg[6]  ; uart_rx:rx_unit|data_out[6]   ; clk          ; clk         ; 0.000        ; -0.137     ; 0.387      ;
; 0.440 ; uart_tx:tx_unit|tx_busy       ; uart_tx:tx_unit|bit_cnt[0]    ; clk          ; clk         ; 0.000        ; 0.037      ; 0.561      ;
; 0.442 ; uart_tx:tx_unit|tx_busy       ; uart_tx:tx_unit|shift_reg[2]  ; clk          ; clk         ; 0.000        ; 0.037      ; 0.563      ;
; 0.442 ; uart_tx:tx_unit|tx_busy       ; uart_tx:tx_unit|shift_reg[7]  ; clk          ; clk         ; 0.000        ; 0.037      ; 0.563      ;
; 0.444 ; uart_tx:tx_unit|tx_busy       ; uart_tx:tx_unit|shift_reg[3]  ; clk          ; clk         ; 0.000        ; 0.037      ; 0.565      ;
; 0.445 ; uart_rx:rx_unit|shift_reg[4]  ; uart_rx:rx_unit|data_out[4]   ; clk          ; clk         ; 0.000        ; -0.137     ; 0.392      ;
; 0.446 ; uart_rx:rx_unit|shift_reg[3]  ; uart_rx:rx_unit|data_out[3]   ; clk          ; clk         ; 0.000        ; -0.137     ; 0.393      ;
; 0.447 ; uart_rx:rx_unit|shift_reg[7]  ; uart_rx:rx_unit|data_out[7]   ; clk          ; clk         ; 0.000        ; -0.137     ; 0.394      ;
; 0.458 ; uart_tx:tx_unit|bit_cnt[0]    ; uart_tx:tx_unit|bit_cnt[2]    ; clk          ; clk         ; 0.000        ; 0.037      ; 0.579      ;
; 0.458 ; uart_tx:tx_unit|tx_busy       ; uart_tx:tx_unit|bit_cnt[3]    ; clk          ; clk         ; 0.000        ; 0.037      ; 0.579      ;
; 0.459 ; uart_tx:tx_unit|bit_cnt[0]    ; uart_tx:tx_unit|tx_busy       ; clk          ; clk         ; 0.000        ; 0.037      ; 0.580      ;
; 0.469 ; uart_tx:tx_unit|bit_cnt[2]    ; uart_tx:tx_unit|bit_cnt[2]    ; clk          ; clk         ; 0.000        ; 0.037      ; 0.590      ;
; 0.473 ; uart_tx:tx_unit|bit_cnt[3]    ; uart_tx:tx_unit|bit_cnt[2]    ; clk          ; clk         ; 0.000        ; 0.036      ; 0.593      ;
; 0.474 ; uart_tx:tx_unit|bit_cnt[3]    ; uart_tx:tx_unit|tx_busy       ; clk          ; clk         ; 0.000        ; 0.036      ; 0.594      ;
; 0.483 ; uart_tx:tx_unit|bit_cnt[3]    ; uart_tx:tx_unit|bit_cnt[3]    ; clk          ; clk         ; 0.000        ; 0.036      ; 0.603      ;
; 0.485 ; uart_rx:rx_unit|state.IDLE    ; uart_rx:rx_unit|bit_cnt[1]    ; clk          ; clk         ; 0.000        ; 0.037      ; 0.606      ;
; 0.486 ; uart_rx:rx_unit|state.IDLE    ; uart_rx:rx_unit|bit_cnt[3]    ; clk          ; clk         ; 0.000        ; 0.037      ; 0.607      ;
; 0.486 ; uart_rx:rx_unit|state.IDLE    ; uart_rx:rx_unit|bit_cnt[2]    ; clk          ; clk         ; 0.000        ; 0.037      ; 0.607      ;
; 0.488 ; uart_rx:rx_unit|state.IDLE    ; uart_rx:rx_unit|bit_cnt[0]    ; clk          ; clk         ; 0.000        ; 0.037      ; 0.609      ;
; 0.492 ; uart_tx:tx_unit|bit_cnt[2]    ; uart_tx:tx_unit|tx_busy       ; clk          ; clk         ; 0.000        ; 0.037      ; 0.613      ;
; 0.492 ; uart_tx:tx_unit|bit_cnt[1]    ; uart_tx:tx_unit|bit_cnt[3]    ; clk          ; clk         ; 0.000        ; 0.037      ; 0.613      ;
; 0.508 ; uart_tx:tx_unit|bit_cnt[0]    ; uart_tx:tx_unit|bit_cnt[3]    ; clk          ; clk         ; 0.000        ; 0.037      ; 0.629      ;
; 0.512 ; uart_rx:rx_unit|shift_reg[0]  ; uart_rx:rx_unit|data_out[0]   ; clk          ; clk         ; 0.000        ; -0.137     ; 0.459      ;
; 0.521 ; uart_rx:rx_unit|shift_reg[1]  ; uart_rx:rx_unit|data_out[1]   ; clk          ; clk         ; 0.000        ; -0.137     ; 0.468      ;
; 0.521 ; uart_rx:rx_unit|bit_cnt[3]    ; uart_rx:rx_unit|state.RECEIVE ; clk          ; clk         ; 0.000        ; 0.037      ; 0.642      ;
; 0.527 ; uart_tx:tx_unit|bit_cnt[0]    ; uart_tx:tx_unit|bit_cnt[1]    ; clk          ; clk         ; 0.000        ; 0.037      ; 0.648      ;
; 0.528 ; uart_rx:rx_unit|bit_cnt[3]    ; uart_rx:rx_unit|bit_cnt[0]    ; clk          ; clk         ; 0.000        ; 0.037      ; 0.649      ;
; 0.532 ; uart_rx:rx_unit|state.DONE    ; uart_rx:rx_unit|rx_done       ; clk          ; clk         ; 0.000        ; -0.136     ; 0.480      ;
; 0.537 ; uart_tx:tx_unit|bit_cnt[1]    ; uart_tx:tx_unit|bit_cnt[2]    ; clk          ; clk         ; 0.000        ; 0.037      ; 0.658      ;
; 0.538 ; uart_rx:rx_unit|bit_cnt[0]    ; uart_rx:rx_unit|bit_cnt[3]    ; clk          ; clk         ; 0.000        ; 0.037      ; 0.659      ;
; 0.544 ; uart_tx:tx_unit|bit_cnt[2]    ; uart_tx:tx_unit|bit_cnt[3]    ; clk          ; clk         ; 0.000        ; 0.037      ; 0.665      ;
; 0.547 ; uart_tx:tx_unit|tx_busy       ; uart_tx:tx_unit|shift_reg[4]  ; clk          ; clk         ; 0.000        ; 0.037      ; 0.668      ;
; 0.548 ; uart_tx:tx_unit|tx_busy       ; uart_tx:tx_unit|shift_reg[1]  ; clk          ; clk         ; 0.000        ; 0.037      ; 0.669      ;
; 0.550 ; uart_tx:tx_unit|tx_busy       ; uart_tx:tx_unit|bit_cnt[1]    ; clk          ; clk         ; 0.000        ; 0.037      ; 0.671      ;
; 0.550 ; uart_tx:tx_unit|tx_busy       ; uart_tx:tx_unit|tx_out        ; clk          ; clk         ; 0.000        ; 0.037      ; 0.671      ;
; 0.551 ; uart_tx:tx_unit|tx_busy       ; uart_tx:tx_unit|shift_reg[5]  ; clk          ; clk         ; 0.000        ; 0.037      ; 0.672      ;
; 0.551 ; uart_tx:tx_unit|tx_busy       ; uart_tx:tx_unit|bit_cnt[2]    ; clk          ; clk         ; 0.000        ; 0.037      ; 0.672      ;
; 0.558 ; uart_rx:rx_unit|state.RECEIVE ; uart_rx:rx_unit|shift_reg[7]  ; clk          ; clk         ; 0.000        ; 0.218      ; 0.860      ;
; 0.558 ; uart_rx:rx_unit|state.RECEIVE ; uart_rx:rx_unit|shift_reg[6]  ; clk          ; clk         ; 0.000        ; 0.218      ; 0.860      ;
; 0.558 ; uart_rx:rx_unit|state.RECEIVE ; uart_rx:rx_unit|shift_reg[5]  ; clk          ; clk         ; 0.000        ; 0.218      ; 0.860      ;
; 0.558 ; uart_rx:rx_unit|state.RECEIVE ; uart_rx:rx_unit|shift_reg[4]  ; clk          ; clk         ; 0.000        ; 0.218      ; 0.860      ;
; 0.558 ; uart_rx:rx_unit|state.RECEIVE ; uart_rx:rx_unit|shift_reg[3]  ; clk          ; clk         ; 0.000        ; 0.218      ; 0.860      ;
; 0.558 ; uart_rx:rx_unit|state.RECEIVE ; uart_rx:rx_unit|shift_reg[2]  ; clk          ; clk         ; 0.000        ; 0.218      ; 0.860      ;
; 0.558 ; uart_rx:rx_unit|state.RECEIVE ; uart_rx:rx_unit|shift_reg[1]  ; clk          ; clk         ; 0.000        ; 0.218      ; 0.860      ;
; 0.558 ; uart_rx:rx_unit|state.RECEIVE ; uart_rx:rx_unit|shift_reg[0]  ; clk          ; clk         ; 0.000        ; 0.218      ; 0.860      ;
; 0.562 ; uart_rx:rx_unit|bit_cnt[2]    ; uart_rx:rx_unit|bit_cnt[3]    ; clk          ; clk         ; 0.000        ; 0.037      ; 0.683      ;
; 0.562 ; uart_rx:rx_unit|bit_cnt[1]    ; uart_rx:rx_unit|bit_cnt[3]    ; clk          ; clk         ; 0.000        ; 0.037      ; 0.683      ;
; 0.564 ; uart_rx:rx_unit|bit_cnt[0]    ; uart_rx:rx_unit|state.RECEIVE ; clk          ; clk         ; 0.000        ; 0.037      ; 0.685      ;
; 0.567 ; uart_tx:tx_unit|bit_cnt[1]    ; uart_tx:tx_unit|tx_busy       ; clk          ; clk         ; 0.000        ; 0.037      ; 0.688      ;
; 0.571 ; uart_tx:tx_unit|tx_out        ; uart_rx:rx_unit|bit_cnt[1]    ; clk          ; clk         ; 0.000        ; 0.048      ; 0.703      ;
; 0.572 ; uart_tx:tx_unit|tx_out        ; uart_rx:rx_unit|bit_cnt[2]    ; clk          ; clk         ; 0.000        ; 0.048      ; 0.704      ;
; 0.573 ; uart_tx:tx_unit|tx_out        ; uart_rx:rx_unit|bit_cnt[3]    ; clk          ; clk         ; 0.000        ; 0.048      ; 0.705      ;
; 0.576 ; uart_tx:tx_unit|tx_out        ; uart_rx:rx_unit|bit_cnt[0]    ; clk          ; clk         ; 0.000        ; 0.048      ; 0.708      ;
; 0.578 ; uart_rx:rx_unit|state.DONE    ; uart_rx:rx_unit|state.IDLE    ; clk          ; clk         ; 0.000        ; -0.136     ; 0.526      ;
; 0.581 ; uart_tx:tx_unit|tx_busy       ; uart_tx:tx_unit|shift_reg[0]  ; clk          ; clk         ; 0.000        ; 0.037      ; 0.702      ;
; 0.585 ; uart_rx:rx_unit|bit_cnt[1]    ; uart_rx:rx_unit|bit_cnt[2]    ; clk          ; clk         ; 0.000        ; 0.037      ; 0.706      ;
+-------+-------------------------------+-------------------------------+--------------+-------------+--------------+------------+------------+


+---------------------------------------------------------------------------------------------------------------+
; Fast 1200mV 0C Model Minimum Pulse Width: 'clk'                                                               ;
+--------+--------------+----------------+-----------------+-------+------------+-------------------------------+
; Slack  ; Actual Width ; Required Width ; Type            ; Clock ; Clock Edge ; Target                        ;
+--------+--------------+----------------+-----------------+-------+------------+-------------------------------+
; -3.000 ; 1.000        ; 4.000          ; Port Rate       ; clk   ; Rise       ; clk                           ;
; -1.000 ; 1.000        ; 2.000          ; Min Period      ; clk   ; Rise       ; uart_rx:rx_unit|bit_cnt[0]    ;
; -1.000 ; 1.000        ; 2.000          ; Min Period      ; clk   ; Rise       ; uart_rx:rx_unit|bit_cnt[1]    ;
; -1.000 ; 1.000        ; 2.000          ; Min Period      ; clk   ; Rise       ; uart_rx:rx_unit|bit_cnt[2]    ;
; -1.000 ; 1.000        ; 2.000          ; Min Period      ; clk   ; Rise       ; uart_rx:rx_unit|bit_cnt[3]    ;
; -1.000 ; 1.000        ; 2.000          ; Min Period      ; clk   ; Rise       ; uart_rx:rx_unit|data_out[0]   ;
; -1.000 ; 1.000        ; 2.000          ; Min Period      ; clk   ; Rise       ; uart_rx:rx_unit|data_out[1]   ;
; -1.000 ; 1.000        ; 2.000          ; Min Period      ; clk   ; Rise       ; uart_rx:rx_unit|data_out[2]   ;
; -1.000 ; 1.000        ; 2.000          ; Min Period      ; clk   ; Rise       ; uart_rx:rx_unit|data_out[3]   ;
; -1.000 ; 1.000        ; 2.000          ; Min Period      ; clk   ; Rise       ; uart_rx:rx_unit|data_out[4]   ;
; -1.000 ; 1.000        ; 2.000          ; Min Period      ; clk   ; Rise       ; uart_rx:rx_unit|data_out[5]   ;
; -1.000 ; 1.000        ; 2.000          ; Min Period      ; clk   ; Rise       ; uart_rx:rx_unit|data_out[6]   ;
; -1.000 ; 1.000        ; 2.000          ; Min Period      ; clk   ; Rise       ; uart_rx:rx_unit|data_out[7]   ;
; -1.000 ; 1.000        ; 2.000          ; Min Period      ; clk   ; Rise       ; uart_rx:rx_unit|rx_done       ;
; -1.000 ; 1.000        ; 2.000          ; Min Period      ; clk   ; Rise       ; uart_rx:rx_unit|shift_reg[0]  ;
; -1.000 ; 1.000        ; 2.000          ; Min Period      ; clk   ; Rise       ; uart_rx:rx_unit|shift_reg[1]  ;
; -1.000 ; 1.000        ; 2.000          ; Min Period      ; clk   ; Rise       ; uart_rx:rx_unit|shift_reg[2]  ;
; -1.000 ; 1.000        ; 2.000          ; Min Period      ; clk   ; Rise       ; uart_rx:rx_unit|shift_reg[3]  ;
; -1.000 ; 1.000        ; 2.000          ; Min Period      ; clk   ; Rise       ; uart_rx:rx_unit|shift_reg[4]  ;
; -1.000 ; 1.000        ; 2.000          ; Min Period      ; clk   ; Rise       ; uart_rx:rx_unit|shift_reg[5]  ;
; -1.000 ; 1.000        ; 2.000          ; Min Period      ; clk   ; Rise       ; uart_rx:rx_unit|shift_reg[6]  ;
; -1.000 ; 1.000        ; 2.000          ; Min Period      ; clk   ; Rise       ; uart_rx:rx_unit|shift_reg[7]  ;
; -1.000 ; 1.000        ; 2.000          ; Min Period      ; clk   ; Rise       ; uart_rx:rx_unit|state.DONE    ;
; -1.000 ; 1.000        ; 2.000          ; Min Period      ; clk   ; Rise       ; uart_rx:rx_unit|state.IDLE    ;
; -1.000 ; 1.000        ; 2.000          ; Min Period      ; clk   ; Rise       ; uart_rx:rx_unit|state.RECEIVE ;
; -1.000 ; 1.000        ; 2.000          ; Min Period      ; clk   ; Rise       ; uart_tx:tx_unit|bit_cnt[0]    ;
; -1.000 ; 1.000        ; 2.000          ; Min Period      ; clk   ; Rise       ; uart_tx:tx_unit|bit_cnt[1]    ;
; -1.000 ; 1.000        ; 2.000          ; Min Period      ; clk   ; Rise       ; uart_tx:tx_unit|bit_cnt[2]    ;
; -1.000 ; 1.000        ; 2.000          ; Min Period      ; clk   ; Rise       ; uart_tx:tx_unit|bit_cnt[3]    ;
; -1.000 ; 1.000        ; 2.000          ; Min Period      ; clk   ; Rise       ; uart_tx:tx_unit|shift_reg[0]  ;
; -1.000 ; 1.000        ; 2.000          ; Min Period      ; clk   ; Rise       ; uart_tx:tx_unit|shift_reg[1]  ;
; -1.000 ; 1.000        ; 2.000          ; Min Period      ; clk   ; Rise       ; uart_tx:tx_unit|shift_reg[2]  ;
; -1.000 ; 1.000        ; 2.000          ; Min Period      ; clk   ; Rise       ; uart_tx:tx_unit|shift_reg[3]  ;
; -1.000 ; 1.000        ; 2.000          ; Min Period      ; clk   ; Rise       ; uart_tx:tx_unit|shift_reg[4]  ;
; -1.000 ; 1.000        ; 2.000          ; Min Period      ; clk   ; Rise       ; uart_tx:tx_unit|shift_reg[5]  ;
; -1.000 ; 1.000        ; 2.000          ; Min Period      ; clk   ; Rise       ; uart_tx:tx_unit|shift_reg[6]  ;
; -1.000 ; 1.000        ; 2.000          ; Min Period      ; clk   ; Rise       ; uart_tx:tx_unit|shift_reg[7]  ;
; -1.000 ; 1.000        ; 2.000          ; Min Period      ; clk   ; Rise       ; uart_tx:tx_unit|shift_reg[8]  ;
; -1.000 ; 1.000        ; 2.000          ; Min Period      ; clk   ; Rise       ; uart_tx:tx_unit|tx_busy       ;
; -1.000 ; 1.000        ; 2.000          ; Min Period      ; clk   ; Rise       ; uart_tx:tx_unit|tx_out        ;
; -0.049 ; 0.135        ; 0.184          ; Low Pulse Width ; clk   ; Rise       ; uart_rx:rx_unit|shift_reg[0]  ;
; -0.049 ; 0.135        ; 0.184          ; Low Pulse Width ; clk   ; Rise       ; uart_rx:rx_unit|shift_reg[1]  ;
; -0.049 ; 0.135        ; 0.184          ; Low Pulse Width ; clk   ; Rise       ; uart_rx:rx_unit|shift_reg[2]  ;
; -0.049 ; 0.135        ; 0.184          ; Low Pulse Width ; clk   ; Rise       ; uart_rx:rx_unit|shift_reg[3]  ;
; -0.049 ; 0.135        ; 0.184          ; Low Pulse Width ; clk   ; Rise       ; uart_rx:rx_unit|shift_reg[4]  ;
; -0.049 ; 0.135        ; 0.184          ; Low Pulse Width ; clk   ; Rise       ; uart_rx:rx_unit|shift_reg[5]  ;
; -0.049 ; 0.135        ; 0.184          ; Low Pulse Width ; clk   ; Rise       ; uart_rx:rx_unit|shift_reg[6]  ;
; -0.049 ; 0.135        ; 0.184          ; Low Pulse Width ; clk   ; Rise       ; uart_rx:rx_unit|shift_reg[7]  ;
; -0.045 ; 0.139        ; 0.184          ; Low Pulse Width ; clk   ; Rise       ; uart_rx:rx_unit|state.DONE    ;
; -0.032 ; 0.152        ; 0.184          ; Low Pulse Width ; clk   ; Rise       ; uart_tx:tx_unit|bit_cnt[3]    ;
; -0.032 ; 0.152        ; 0.184          ; Low Pulse Width ; clk   ; Rise       ; uart_tx:tx_unit|shift_reg[8]  ;
; -0.031 ; 0.153        ; 0.184          ; Low Pulse Width ; clk   ; Rise       ; uart_tx:tx_unit|bit_cnt[0]    ;
; -0.031 ; 0.153        ; 0.184          ; Low Pulse Width ; clk   ; Rise       ; uart_tx:tx_unit|bit_cnt[1]    ;
; -0.031 ; 0.153        ; 0.184          ; Low Pulse Width ; clk   ; Rise       ; uart_tx:tx_unit|bit_cnt[2]    ;
; -0.031 ; 0.153        ; 0.184          ; Low Pulse Width ; clk   ; Rise       ; uart_tx:tx_unit|shift_reg[0]  ;
; -0.031 ; 0.153        ; 0.184          ; Low Pulse Width ; clk   ; Rise       ; uart_tx:tx_unit|shift_reg[1]  ;
; -0.031 ; 0.153        ; 0.184          ; Low Pulse Width ; clk   ; Rise       ; uart_tx:tx_unit|shift_reg[2]  ;
; -0.031 ; 0.153        ; 0.184          ; Low Pulse Width ; clk   ; Rise       ; uart_tx:tx_unit|shift_reg[3]  ;
; -0.031 ; 0.153        ; 0.184          ; Low Pulse Width ; clk   ; Rise       ; uart_tx:tx_unit|shift_reg[4]  ;
; -0.031 ; 0.153        ; 0.184          ; Low Pulse Width ; clk   ; Rise       ; uart_tx:tx_unit|shift_reg[5]  ;
; -0.031 ; 0.153        ; 0.184          ; Low Pulse Width ; clk   ; Rise       ; uart_tx:tx_unit|shift_reg[6]  ;
; -0.031 ; 0.153        ; 0.184          ; Low Pulse Width ; clk   ; Rise       ; uart_tx:tx_unit|shift_reg[7]  ;
; -0.031 ; 0.153        ; 0.184          ; Low Pulse Width ; clk   ; Rise       ; uart_tx:tx_unit|tx_busy       ;
; -0.031 ; 0.153        ; 0.184          ; Low Pulse Width ; clk   ; Rise       ; uart_tx:tx_unit|tx_out        ;
; -0.030 ; 0.154        ; 0.184          ; Low Pulse Width ; clk   ; Rise       ; uart_rx:rx_unit|bit_cnt[0]    ;
; -0.030 ; 0.154        ; 0.184          ; Low Pulse Width ; clk   ; Rise       ; uart_rx:rx_unit|bit_cnt[1]    ;
; -0.030 ; 0.154        ; 0.184          ; Low Pulse Width ; clk   ; Rise       ; uart_rx:rx_unit|bit_cnt[2]    ;
; -0.030 ; 0.154        ; 0.184          ; Low Pulse Width ; clk   ; Rise       ; uart_rx:rx_unit|bit_cnt[3]    ;
; -0.030 ; 0.154        ; 0.184          ; Low Pulse Width ; clk   ; Rise       ; uart_rx:rx_unit|data_out[0]   ;
; -0.030 ; 0.154        ; 0.184          ; Low Pulse Width ; clk   ; Rise       ; uart_rx:rx_unit|data_out[1]   ;
; -0.030 ; 0.154        ; 0.184          ; Low Pulse Width ; clk   ; Rise       ; uart_rx:rx_unit|data_out[2]   ;
; -0.030 ; 0.154        ; 0.184          ; Low Pulse Width ; clk   ; Rise       ; uart_rx:rx_unit|data_out[3]   ;
; -0.030 ; 0.154        ; 0.184          ; Low Pulse Width ; clk   ; Rise       ; uart_rx:rx_unit|data_out[4]   ;
; -0.030 ; 0.154        ; 0.184          ; Low Pulse Width ; clk   ; Rise       ; uart_rx:rx_unit|data_out[5]   ;
; -0.030 ; 0.154        ; 0.184          ; Low Pulse Width ; clk   ; Rise       ; uart_rx:rx_unit|data_out[6]   ;
; -0.030 ; 0.154        ; 0.184          ; Low Pulse Width ; clk   ; Rise       ; uart_rx:rx_unit|data_out[7]   ;
; -0.030 ; 0.154        ; 0.184          ; Low Pulse Width ; clk   ; Rise       ; uart_rx:rx_unit|rx_done       ;
; -0.030 ; 0.154        ; 0.184          ; Low Pulse Width ; clk   ; Rise       ; uart_rx:rx_unit|state.IDLE    ;
; -0.030 ; 0.154        ; 0.184          ; Low Pulse Width ; clk   ; Rise       ; uart_rx:rx_unit|state.RECEIVE ;
; 0.125  ; 0.125        ; 0.000          ; Low Pulse Width ; clk   ; Rise       ; clk~input|o                   ;
; 0.131  ; 0.131        ; 0.000          ; Low Pulse Width ; clk   ; Rise       ; rx_unit|shift_reg[0]|clk      ;
; 0.131  ; 0.131        ; 0.000          ; Low Pulse Width ; clk   ; Rise       ; rx_unit|shift_reg[1]|clk      ;
; 0.131  ; 0.131        ; 0.000          ; Low Pulse Width ; clk   ; Rise       ; rx_unit|shift_reg[2]|clk      ;
; 0.131  ; 0.131        ; 0.000          ; Low Pulse Width ; clk   ; Rise       ; rx_unit|shift_reg[3]|clk      ;
; 0.131  ; 0.131        ; 0.000          ; Low Pulse Width ; clk   ; Rise       ; rx_unit|shift_reg[4]|clk      ;
; 0.131  ; 0.131        ; 0.000          ; Low Pulse Width ; clk   ; Rise       ; rx_unit|shift_reg[5]|clk      ;
; 0.131  ; 0.131        ; 0.000          ; Low Pulse Width ; clk   ; Rise       ; rx_unit|shift_reg[6]|clk      ;
; 0.131  ; 0.131        ; 0.000          ; Low Pulse Width ; clk   ; Rise       ; rx_unit|shift_reg[7]|clk      ;
; 0.135  ; 0.135        ; 0.000          ; Low Pulse Width ; clk   ; Rise       ; rx_unit|state.DONE|clk        ;
; 0.139  ; 0.139        ; 0.000          ; Low Pulse Width ; clk   ; Rise       ; clk~inputclkctrl|inclk[0]     ;
; 0.139  ; 0.139        ; 0.000          ; Low Pulse Width ; clk   ; Rise       ; clk~inputclkctrl|outclk       ;
; 0.148  ; 0.148        ; 0.000          ; Low Pulse Width ; clk   ; Rise       ; tx_unit|bit_cnt[0]|clk        ;
; 0.148  ; 0.148        ; 0.000          ; Low Pulse Width ; clk   ; Rise       ; tx_unit|bit_cnt[1]|clk        ;
; 0.148  ; 0.148        ; 0.000          ; Low Pulse Width ; clk   ; Rise       ; tx_unit|bit_cnt[2]|clk        ;
; 0.148  ; 0.148        ; 0.000          ; Low Pulse Width ; clk   ; Rise       ; tx_unit|bit_cnt[3]|clk        ;
; 0.148  ; 0.148        ; 0.000          ; Low Pulse Width ; clk   ; Rise       ; tx_unit|shift_reg[0]|clk      ;
; 0.148  ; 0.148        ; 0.000          ; Low Pulse Width ; clk   ; Rise       ; tx_unit|shift_reg[1]|clk      ;
; 0.148  ; 0.148        ; 0.000          ; Low Pulse Width ; clk   ; Rise       ; tx_unit|shift_reg[2]|clk      ;
; 0.148  ; 0.148        ; 0.000          ; Low Pulse Width ; clk   ; Rise       ; tx_unit|shift_reg[3]|clk      ;
; 0.148  ; 0.148        ; 0.000          ; Low Pulse Width ; clk   ; Rise       ; tx_unit|shift_reg[4]|clk      ;
+--------+--------------+----------------+-----------------+-------+------------+-------------------------------+


+-------------------------------------------------------------------------+
; Setup Times                                                             ;
+-------------+------------+-------+-------+------------+-----------------+
; Data Port   ; Clock Port ; Rise  ; Fall  ; Clock Edge ; Clock Reference ;
+-------------+------------+-------+-------+------------+-----------------+
; data_in[*]  ; clk        ; 1.541 ; 2.145 ; Rise       ; clk             ;
;  data_in[0] ; clk        ; 0.447 ; 0.740 ; Rise       ; clk             ;
;  data_in[1] ; clk        ; 1.278 ; 1.811 ; Rise       ; clk             ;
;  data_in[2] ; clk        ; 1.541 ; 2.145 ; Rise       ; clk             ;
;  data_in[3] ; clk        ; 1.382 ; 1.950 ; Rise       ; clk             ;
;  data_in[4] ; clk        ; 1.217 ; 1.766 ; Rise       ; clk             ;
;  data_in[5] ; clk        ; 1.211 ; 1.768 ; Rise       ; clk             ;
;  data_in[6] ; clk        ; 1.463 ; 2.057 ; Rise       ; clk             ;
; rst         ; clk        ; 0.574 ; 0.818 ; Rise       ; clk             ;
; start       ; clk        ; 0.509 ; 0.819 ; Rise       ; clk             ;
+-------------+------------+-------+-------+------------+-----------------+


+---------------------------------------------------------------------------+
; Hold Times                                                                ;
+-------------+------------+--------+--------+------------+-----------------+
; Data Port   ; Clock Port ; Rise   ; Fall   ; Clock Edge ; Clock Reference ;
+-------------+------------+--------+--------+------------+-----------------+
; data_in[*]  ; clk        ; 0.153  ; -0.158 ; Rise       ; clk             ;
;  data_in[0] ; clk        ; 0.153  ; -0.158 ; Rise       ; clk             ;
;  data_in[1] ; clk        ; -0.752 ; -1.306 ; Rise       ; clk             ;
;  data_in[2] ; clk        ; -1.038 ; -1.615 ; Rise       ; clk             ;
;  data_in[3] ; clk        ; -0.757 ; -1.318 ; Rise       ; clk             ;
;  data_in[4] ; clk        ; -0.754 ; -1.307 ; Rise       ; clk             ;
;  data_in[5] ; clk        ; -0.884 ; -1.460 ; Rise       ; clk             ;
;  data_in[6] ; clk        ; -0.984 ; -1.566 ; Rise       ; clk             ;
; rst         ; clk        ; -0.411 ; -0.651 ; Rise       ; clk             ;
; start       ; clk        ; 0.219  ; -0.090 ; Rise       ; clk             ;
+-------------+------------+--------+--------+------------+-----------------+


+--------------------------------------------------------------------------+
; Clock to Output Times                                                    ;
+--------------+------------+-------+-------+------------+-----------------+
; Data Port    ; Clock Port ; Rise  ; Fall  ; Clock Edge ; Clock Reference ;
+--------------+------------+-------+-------+------------+-----------------+
; data_out[*]  ; clk        ; 3.974 ; 4.016 ; Rise       ; clk             ;
;  data_out[0] ; clk        ; 3.506 ; 3.507 ; Rise       ; clk             ;
;  data_out[1] ; clk        ; 3.527 ; 3.541 ; Rise       ; clk             ;
;  data_out[2] ; clk        ; 3.427 ; 3.459 ; Rise       ; clk             ;
;  data_out[3] ; clk        ; 3.295 ; 3.312 ; Rise       ; clk             ;
;  data_out[4] ; clk        ; 3.511 ; 3.517 ; Rise       ; clk             ;
;  data_out[5] ; clk        ; 3.430 ; 3.463 ; Rise       ; clk             ;
;  data_out[6] ; clk        ; 3.974 ; 4.016 ; Rise       ; clk             ;
;  data_out[7] ; clk        ; 3.521 ; 3.526 ; Rise       ; clk             ;
; done         ; clk        ; 3.513 ; 3.562 ; Rise       ; clk             ;
+--------------+------------+-------+-------+------------+-----------------+


+--------------------------------------------------------------------------+
; Minimum Clock to Output Times                                            ;
+--------------+------------+-------+-------+------------+-----------------+
; Data Port    ; Clock Port ; Rise  ; Fall  ; Clock Edge ; Clock Reference ;
+--------------+------------+-------+-------+------------+-----------------+
; data_out[*]  ; clk        ; 3.185 ; 3.200 ; Rise       ; clk             ;
;  data_out[0] ; clk        ; 3.393 ; 3.392 ; Rise       ; clk             ;
;  data_out[1] ; clk        ; 3.413 ; 3.425 ; Rise       ; clk             ;
;  data_out[2] ; clk        ; 3.313 ; 3.343 ; Rise       ; clk             ;
;  data_out[3] ; clk        ; 3.185 ; 3.200 ; Rise       ; clk             ;
;  data_out[4] ; clk        ; 3.398 ; 3.402 ; Rise       ; clk             ;
;  data_out[5] ; clk        ; 3.316 ; 3.347 ; Rise       ; clk             ;
;  data_out[6] ; clk        ; 3.862 ; 3.901 ; Rise       ; clk             ;
;  data_out[7] ; clk        ; 3.407 ; 3.410 ; Rise       ; clk             ;
; done         ; clk        ; 3.399 ; 3.446 ; Rise       ; clk             ;
+--------------+------------+-------+-------+------------+-----------------+


---------------------------------------------
; Fast 1200mV 0C Model Metastability Report ;
---------------------------------------------
No synchronizer chains to report.


+-------------------------------------------------------------------------------+
; Multicorner Timing Analysis Summary                                           ;
+------------------+---------+-------+----------+---------+---------------------+
; Clock            ; Setup   ; Hold  ; Recovery ; Removal ; Minimum Pulse Width ;
+------------------+---------+-------+----------+---------+---------------------+
; Worst-case Slack ; -0.989  ; 0.186 ; N/A      ; N/A     ; -3.000              ;
;  clk             ; -0.989  ; 0.186 ; N/A      ; N/A     ; -3.000              ;
; Design-wide TNS  ; -20.403 ; 0.0   ; 0.0      ; 0.0     ; -43.354             ;
;  clk             ; -20.403 ; 0.000 ; N/A      ; N/A     ; -43.354             ;
+------------------+---------+-------+----------+---------+---------------------+


+-------------------------------------------------------------------------+
; Setup Times                                                             ;
+-------------+------------+-------+-------+------------+-----------------+
; Data Port   ; Clock Port ; Rise  ; Fall  ; Clock Edge ; Clock Reference ;
+-------------+------------+-------+-------+------------+-----------------+
; data_in[*]  ; clk        ; 2.716 ; 3.192 ; Rise       ; clk             ;
;  data_in[0] ; clk        ; 0.798 ; 0.964 ; Rise       ; clk             ;
;  data_in[1] ; clk        ; 2.276 ; 2.699 ; Rise       ; clk             ;
;  data_in[2] ; clk        ; 2.716 ; 3.192 ; Rise       ; clk             ;
;  data_in[3] ; clk        ; 2.472 ; 2.900 ; Rise       ; clk             ;
;  data_in[4] ; clk        ; 2.182 ; 2.624 ; Rise       ; clk             ;
;  data_in[5] ; clk        ; 2.156 ; 2.590 ; Rise       ; clk             ;
;  data_in[6] ; clk        ; 2.579 ; 3.047 ; Rise       ; clk             ;
; rst         ; clk        ; 0.938 ; 1.018 ; Rise       ; clk             ;
; start       ; clk        ; 0.925 ; 1.051 ; Rise       ; clk             ;
+-------------+------------+-------+-------+------------+-----------------+


+---------------------------------------------------------------------------+
; Hold Times                                                                ;
+-------------+------------+--------+--------+------------+-----------------+
; Data Port   ; Clock Port ; Rise   ; Fall   ; Clock Edge ; Clock Reference ;
+-------------+------------+--------+--------+------------+-----------------+
; data_in[*]  ; clk        ; 0.266  ; 0.108  ; Rise       ; clk             ;
;  data_in[0] ; clk        ; 0.266  ; 0.108  ; Rise       ; clk             ;
;  data_in[1] ; clk        ; -0.752 ; -1.306 ; Rise       ; clk             ;
;  data_in[2] ; clk        ; -1.038 ; -1.615 ; Rise       ; clk             ;
;  data_in[3] ; clk        ; -0.757 ; -1.318 ; Rise       ; clk             ;
;  data_in[4] ; clk        ; -0.754 ; -1.307 ; Rise       ; clk             ;
;  data_in[5] ; clk        ; -0.884 ; -1.460 ; Rise       ; clk             ;
;  data_in[6] ; clk        ; -0.984 ; -1.566 ; Rise       ; clk             ;
; rst         ; clk        ; -0.411 ; -0.651 ; Rise       ; clk             ;
; start       ; clk        ; 0.394  ; 0.258  ; Rise       ; clk             ;
+-------------+------------+--------+--------+------------+-----------------+


+--------------------------------------------------------------------------+
; Clock to Output Times                                                    ;
+--------------+------------+-------+-------+------------+-----------------+
; Data Port    ; Clock Port ; Rise  ; Fall  ; Clock Edge ; Clock Reference ;
+--------------+------------+-------+-------+------------+-----------------+
; data_out[*]  ; clk        ; 6.568 ; 6.571 ; Rise       ; clk             ;
;  data_out[0] ; clk        ; 5.895 ; 5.855 ; Rise       ; clk             ;
;  data_out[1] ; clk        ; 5.931 ; 5.908 ; Rise       ; clk             ;
;  data_out[2] ; clk        ; 5.877 ; 5.804 ; Rise       ; clk             ;
;  data_out[3] ; clk        ; 5.655 ; 5.578 ; Rise       ; clk             ;
;  data_out[4] ; clk        ; 5.899 ; 5.871 ; Rise       ; clk             ;
;  data_out[5] ; clk        ; 5.868 ; 5.799 ; Rise       ; clk             ;
;  data_out[6] ; clk        ; 6.568 ; 6.571 ; Rise       ; clk             ;
;  data_out[7] ; clk        ; 5.916 ; 5.886 ; Rise       ; clk             ;
; done         ; clk        ; 6.002 ; 5.927 ; Rise       ; clk             ;
+--------------+------------+-------+-------+------------+-----------------+


+--------------------------------------------------------------------------+
; Minimum Clock to Output Times                                            ;
+--------------+------------+-------+-------+------------+-----------------+
; Data Port    ; Clock Port ; Rise  ; Fall  ; Clock Edge ; Clock Reference ;
+--------------+------------+-------+-------+------------+-----------------+
; data_out[*]  ; clk        ; 3.185 ; 3.200 ; Rise       ; clk             ;
;  data_out[0] ; clk        ; 3.393 ; 3.392 ; Rise       ; clk             ;
;  data_out[1] ; clk        ; 3.413 ; 3.425 ; Rise       ; clk             ;
;  data_out[2] ; clk        ; 3.313 ; 3.343 ; Rise       ; clk             ;
;  data_out[3] ; clk        ; 3.185 ; 3.200 ; Rise       ; clk             ;
;  data_out[4] ; clk        ; 3.398 ; 3.402 ; Rise       ; clk             ;
;  data_out[5] ; clk        ; 3.316 ; 3.347 ; Rise       ; clk             ;
;  data_out[6] ; clk        ; 3.862 ; 3.901 ; Rise       ; clk             ;
;  data_out[7] ; clk        ; 3.407 ; 3.410 ; Rise       ; clk             ;
; done         ; clk        ; 3.399 ; 3.446 ; Rise       ; clk             ;
+--------------+------------+-------+-------+------------+-----------------+


+------------------------------------------------------------------------------------------------------------------------------------------------------------------------------------------------------------------------------------------------------------------------------------------------------------------------------------------------------------------------------------------------------------------+
; Board Trace Model Assignments                                                                                                                                                                                                                                                                                                                                                                                    ;
+---------------+--------------+-------------------+-------------------------+-------------------------+---------------+---------------------+----------------+------------------+--------+------------------+------------------------+------------------------+--------------+---------------+-----------------+-------+---------------------+--------------------+---------------+-----------------+-------------+
; Pin           ; I/O Standard ; Near Tline Length ; Near Tline L per Length ; Near Tline C per Length ; Near Series R ; Near Differential R ; Near Pull-up R ; Near Pull-down R ; Near C ; Far Tline Length ; Far Tline L per Length ; Far Tline C per Length ; Far Series R ; Far Pull-up R ; Far Pull-down R ; Far C ; Termination Voltage ; Far Differential R ; EBD File Name ; EBD Signal Name ; EBD Far-end ;
+---------------+--------------+-------------------+-------------------------+-------------------------+---------------+---------------------+----------------+------------------+--------+------------------+------------------------+------------------------+--------------+---------------+-----------------+-------+---------------------+--------------------+---------------+-----------------+-------------+
; data_out[0]   ; 2.5 V        ; 0 in              ; 0 H/in                  ; 0 F/in                  ; short         ; -                   ; open           ; open             ; open   ; 0 in             ; 0 H/in                 ; 0 F/in                 ; short        ; open          ; open            ; open  ; 0 V                 ; -                  ; n/a           ; n/a             ; n/a         ;
; data_out[1]   ; 2.5 V        ; 0 in              ; 0 H/in                  ; 0 F/in                  ; short         ; -                   ; open           ; open             ; open   ; 0 in             ; 0 H/in                 ; 0 F/in                 ; short        ; open          ; open            ; open  ; 0 V                 ; -                  ; n/a           ; n/a             ; n/a         ;
; data_out[2]   ; 2.5 V        ; 0 in              ; 0 H/in                  ; 0 F/in                  ; short         ; -                   ; open           ; open             ; open   ; 0 in             ; 0 H/in                 ; 0 F/in                 ; short        ; open          ; open            ; open  ; 0 V                 ; -                  ; n/a           ; n/a             ; n/a         ;
; data_out[3]   ; 2.5 V        ; 0 in              ; 0 H/in                  ; 0 F/in                  ; short         ; -                   ; open           ; open             ; open   ; 0 in             ; 0 H/in                 ; 0 F/in                 ; short        ; open          ; open            ; open  ; 0 V                 ; -                  ; n/a           ; n/a             ; n/a         ;
; data_out[4]   ; 2.5 V        ; 0 in              ; 0 H/in                  ; 0 F/in                  ; short         ; -                   ; open           ; open             ; open   ; 0 in             ; 0 H/in                 ; 0 F/in                 ; short        ; open          ; open            ; open  ; 0 V                 ; -                  ; n/a           ; n/a             ; n/a         ;
; data_out[5]   ; 2.5 V        ; 0 in              ; 0 H/in                  ; 0 F/in                  ; short         ; -                   ; open           ; open             ; open   ; 0 in             ; 0 H/in                 ; 0 F/in                 ; short        ; open          ; open            ; open  ; 0 V                 ; -                  ; n/a           ; n/a             ; n/a         ;
; data_out[6]   ; 2.5 V        ; 0 in              ; 0 H/in                  ; 0 F/in                  ; short         ; -                   ; open           ; open             ; open   ; 0 in             ; 0 H/in                 ; 0 F/in                 ; short        ; open          ; open            ; open  ; 0 V                 ; -                  ; n/a           ; n/a             ; n/a         ;
; data_out[7]   ; 2.5 V        ; 0 in              ; 0 H/in                  ; 0 F/in                  ; short         ; -                   ; open           ; open             ; open   ; 0 in             ; 0 H/in                 ; 0 F/in                 ; short        ; open          ; open            ; open  ; 0 V                 ; -                  ; n/a           ; n/a             ; n/a         ;
; done          ; 2.5 V        ; 0 in              ; 0 H/in                  ; 0 F/in                  ; short         ; -                   ; open           ; open             ; open   ; 0 in             ; 0 H/in                 ; 0 F/in                 ; short        ; open          ; open            ; open  ; 0 V                 ; -                  ; n/a           ; n/a             ; n/a         ;
; ~ALTERA_NCEO~ ; 2.5 V        ; 0 in              ; 0 H/in                  ; 0 F/in                  ; short         ; -                   ; open           ; open             ; open   ; 0 in             ; 0 H/in                 ; 0 F/in                 ; short        ; open          ; open            ; open  ; 0 V                 ; -                  ; n/a           ; n/a             ; n/a         ;
; ~ALTERA_DCLK~ ; 2.5 V        ; 0 in              ; 0 H/in                  ; 0 F/in                  ; short         ; -                   ; open           ; open             ; open   ; 0 in             ; 0 H/in                 ; 0 F/in                 ; short        ; open          ; open            ; open  ; 0 V                 ; -                  ; n/a           ; n/a             ; n/a         ;
+---------------+--------------+-------------------+-------------------------+-------------------------+---------------+---------------------+----------------+------------------+--------+------------------+------------------------+------------------------+--------------+---------------+-----------------+-------+---------------------+--------------------+---------------+-----------------+-------------+


+-------------------------------------------------------------------+
; Input Transition Times                                            ;
+----------------+--------------+-----------------+-----------------+
; Pin            ; I/O Standard ; 10-90 Rise Time ; 90-10 Fall Time ;
+----------------+--------------+-----------------+-----------------+
; clk            ; 2.5 V        ; 2000 ps         ; 2000 ps         ;
; rst            ; 2.5 V        ; 2000 ps         ; 2000 ps         ;
; start          ; 2.5 V        ; 2000 ps         ; 2000 ps         ;
; data_in[0]     ; 2.5 V        ; 2000 ps         ; 2000 ps         ;
; data_in[1]     ; 2.5 V        ; 2000 ps         ; 2000 ps         ;
; data_in[2]     ; 2.5 V        ; 2000 ps         ; 2000 ps         ;
; data_in[3]     ; 2.5 V        ; 2000 ps         ; 2000 ps         ;
; data_in[4]     ; 2.5 V        ; 2000 ps         ; 2000 ps         ;
; data_in[5]     ; 2.5 V        ; 2000 ps         ; 2000 ps         ;
; data_in[6]     ; 2.5 V        ; 2000 ps         ; 2000 ps         ;
; ~ALTERA_DATA0~ ; 2.5 V        ; 2000 ps         ; 2000 ps         ;
; ~ALTERA_ASDO~  ; 2.5 V        ; 2000 ps         ; 2000 ps         ;
; ~ALTERA_NCSO~  ; 2.5 V        ; 2000 ps         ; 2000 ps         ;
+----------------+--------------+-----------------+-----------------+


+--------------------------------------------------------------------------------------------------------------------------------------------------------------------------------------------------------------------------------------------------------------------------------------------------------------------------------------------------------------------------------------------------------------------------------------------------------------------------------------------------------------------------------------------------------------------------------------------------------------------------------------------------------------------------------------------+
; Signal Integrity Metrics (Slow 1200mv 0c Model)                                                                                                                                                                                                                                                                                                                                                                                                                                                                                                                                                                                                                                            ;
+---------------+--------------+---------------------+---------------------+------------------------------+------------------------------+---------------------+---------------------+--------------------------------------+--------------------------------------+-----------------------------+-----------------------------+----------------------------+----------------------------+-----------------------------+-----------------------------+--------------------+--------------------+-------------------------------------+-------------------------------------+----------------------------+----------------------------+---------------------------+---------------------------+
; Pin           ; I/O Standard ; Board Delay on Rise ; Board Delay on Fall ; Steady State Voh at FPGA Pin ; Steady State Vol at FPGA Pin ; Voh Max at FPGA Pin ; Vol Min at FPGA Pin ; Ringback Voltage on Rise at FPGA Pin ; Ringback Voltage on Fall at FPGA Pin ; 10-90 Rise Time at FPGA Pin ; 90-10 Fall Time at FPGA Pin ; Monotonic Rise at FPGA Pin ; Monotonic Fall at FPGA Pin ; Steady State Voh at Far-end ; Steady State Vol at Far-end ; Voh Max at Far-end ; Vol Min at Far-end ; Ringback Voltage on Rise at Far-end ; Ringback Voltage on Fall at Far-end ; 10-90 Rise Time at Far-end ; 90-10 Fall Time at Far-end ; Monotonic Rise at Far-end ; Monotonic Fall at Far-end ;
+---------------+--------------+---------------------+---------------------+------------------------------+------------------------------+---------------------+---------------------+--------------------------------------+--------------------------------------+-----------------------------+-----------------------------+----------------------------+----------------------------+-----------------------------+-----------------------------+--------------------+--------------------+-------------------------------------+-------------------------------------+----------------------------+----------------------------+---------------------------+---------------------------+
; data_out[0]   ; 2.5 V        ; 0 s                 ; 0 s                 ; 2.32 V                       ; 5.16e-09 V                   ; 2.37 V              ; -0.00861 V          ; 0.168 V                              ; 0.038 V                              ; 6.79e-10 s                  ; 6.49e-10 s                  ; No                         ; Yes                        ; 2.32 V                      ; 5.16e-09 V                  ; 2.37 V             ; -0.00861 V         ; 0.168 V                             ; 0.038 V                             ; 6.79e-10 s                 ; 6.49e-10 s                 ; No                        ; Yes                       ;
; data_out[1]   ; 2.5 V        ; 0 s                 ; 0 s                 ; 2.32 V                       ; 5.16e-09 V                   ; 2.37 V              ; -0.00861 V          ; 0.168 V                              ; 0.038 V                              ; 6.79e-10 s                  ; 6.49e-10 s                  ; No                         ; Yes                        ; 2.32 V                      ; 5.16e-09 V                  ; 2.37 V             ; -0.00861 V         ; 0.168 V                             ; 0.038 V                             ; 6.79e-10 s                 ; 6.49e-10 s                 ; No                        ; Yes                       ;
; data_out[2]   ; 2.5 V        ; 0 s                 ; 0 s                 ; 2.32 V                       ; 7.29e-09 V                   ; 2.39 V              ; -0.00339 V          ; 0.206 V                              ; 0.007 V                              ; 2.77e-10 s                  ; 3.24e-10 s                  ; Yes                        ; Yes                        ; 2.32 V                      ; 7.29e-09 V                  ; 2.39 V             ; -0.00339 V         ; 0.206 V                             ; 0.007 V                             ; 2.77e-10 s                 ; 3.24e-10 s                 ; Yes                       ; Yes                       ;
; data_out[3]   ; 2.5 V        ; 0 s                 ; 0 s                 ; 2.32 V                       ; 5.16e-09 V                   ; 2.4 V               ; -0.00557 V          ; 0.238 V                              ; 0.014 V                              ; 2.9e-10 s                   ; 3.48e-10 s                  ; No                         ; Yes                        ; 2.32 V                      ; 5.16e-09 V                  ; 2.4 V              ; -0.00557 V         ; 0.238 V                             ; 0.014 V                             ; 2.9e-10 s                  ; 3.48e-10 s                 ; No                        ; Yes                       ;
; data_out[4]   ; 2.5 V        ; 0 s                 ; 0 s                 ; 2.32 V                       ; 5.16e-09 V                   ; 2.37 V              ; -0.00861 V          ; 0.168 V                              ; 0.038 V                              ; 6.79e-10 s                  ; 6.49e-10 s                  ; No                         ; Yes                        ; 2.32 V                      ; 5.16e-09 V                  ; 2.37 V             ; -0.00861 V         ; 0.168 V                             ; 0.038 V                             ; 6.79e-10 s                 ; 6.49e-10 s                 ; No                        ; Yes                       ;
; data_out[5]   ; 2.5 V        ; 0 s                 ; 0 s                 ; 2.32 V                       ; 7.29e-09 V                   ; 2.39 V              ; -0.00339 V          ; 0.206 V                              ; 0.007 V                              ; 2.77e-10 s                  ; 3.24e-10 s                  ; Yes                        ; Yes                        ; 2.32 V                      ; 7.29e-09 V                  ; 2.39 V             ; -0.00339 V         ; 0.206 V                             ; 0.007 V                             ; 2.77e-10 s                 ; 3.24e-10 s                 ; Yes                       ; Yes                       ;
; data_out[6]   ; 2.5 V        ; 0 s                 ; 0 s                 ; 2.32 V                       ; 5.16e-09 V                   ; 2.34 V              ; -0.00633 V          ; 0.232 V                              ; 0.083 V                              ; 1.94e-09 s                  ; 1.83e-09 s                  ; No                         ; Yes                        ; 2.32 V                      ; 5.16e-09 V                  ; 2.34 V             ; -0.00633 V         ; 0.232 V                             ; 0.083 V                             ; 1.94e-09 s                 ; 1.83e-09 s                 ; No                        ; Yes                       ;
; data_out[7]   ; 2.5 V        ; 0 s                 ; 0 s                 ; 2.32 V                       ; 5.16e-09 V                   ; 2.37 V              ; -0.00861 V          ; 0.168 V                              ; 0.038 V                              ; 6.79e-10 s                  ; 6.49e-10 s                  ; No                         ; Yes                        ; 2.32 V                      ; 5.16e-09 V                  ; 2.37 V             ; -0.00861 V         ; 0.168 V                             ; 0.038 V                             ; 6.79e-10 s                 ; 6.49e-10 s                 ; No                        ; Yes                       ;
; done          ; 2.5 V        ; 0 s                 ; 0 s                 ; 2.32 V                       ; 7.29e-09 V                   ; 2.39 V              ; -0.00317 V          ; 0.179 V                              ; 0.007 V                              ; 4.7e-10 s                   ; 4.72e-10 s                  ; No                         ; Yes                        ; 2.32 V                      ; 7.29e-09 V                  ; 2.39 V             ; -0.00317 V         ; 0.179 V                             ; 0.007 V                             ; 4.7e-10 s                  ; 4.72e-10 s                 ; No                        ; Yes                       ;
; ~ALTERA_NCEO~ ; 2.5 V        ; 0 s                 ; 0 s                 ; 2.32 V                       ; 4.76e-09 V                   ; 2.4 V               ; -0.034 V            ; 0.102 V                              ; 0.065 V                              ; 2.49e-10 s                  ; 3.49e-10 s                  ; Yes                        ; Yes                        ; 2.32 V                      ; 4.76e-09 V                  ; 2.4 V              ; -0.034 V           ; 0.102 V                             ; 0.065 V                             ; 2.49e-10 s                 ; 3.49e-10 s                 ; Yes                       ; Yes                       ;
; ~ALTERA_DCLK~ ; 2.5 V        ; 0 s                 ; 0 s                 ; 2.32 V                       ; 5.94e-09 V                   ; 2.39 V              ; -0.0344 V           ; 0.156 V                              ; 0.089 V                              ; 2.68e-10 s                  ; 2.6e-10 s                   ; Yes                        ; Yes                        ; 2.32 V                      ; 5.94e-09 V                  ; 2.39 V             ; -0.0344 V          ; 0.156 V                             ; 0.089 V                             ; 2.68e-10 s                 ; 2.6e-10 s                  ; Yes                       ; Yes                       ;
+---------------+--------------+---------------------+---------------------+------------------------------+------------------------------+---------------------+---------------------+--------------------------------------+--------------------------------------+-----------------------------+-----------------------------+----------------------------+----------------------------+-----------------------------+-----------------------------+--------------------+--------------------+-------------------------------------+-------------------------------------+----------------------------+----------------------------+---------------------------+---------------------------+


+--------------------------------------------------------------------------------------------------------------------------------------------------------------------------------------------------------------------------------------------------------------------------------------------------------------------------------------------------------------------------------------------------------------------------------------------------------------------------------------------------------------------------------------------------------------------------------------------------------------------------------------------------------------------------------------------+
; Signal Integrity Metrics (Slow 1200mv 85c Model)                                                                                                                                                                                                                                                                                                                                                                                                                                                                                                                                                                                                                                           ;
+---------------+--------------+---------------------+---------------------+------------------------------+------------------------------+---------------------+---------------------+--------------------------------------+--------------------------------------+-----------------------------+-----------------------------+----------------------------+----------------------------+-----------------------------+-----------------------------+--------------------+--------------------+-------------------------------------+-------------------------------------+----------------------------+----------------------------+---------------------------+---------------------------+
; Pin           ; I/O Standard ; Board Delay on Rise ; Board Delay on Fall ; Steady State Voh at FPGA Pin ; Steady State Vol at FPGA Pin ; Voh Max at FPGA Pin ; Vol Min at FPGA Pin ; Ringback Voltage on Rise at FPGA Pin ; Ringback Voltage on Fall at FPGA Pin ; 10-90 Rise Time at FPGA Pin ; 90-10 Fall Time at FPGA Pin ; Monotonic Rise at FPGA Pin ; Monotonic Fall at FPGA Pin ; Steady State Voh at Far-end ; Steady State Vol at Far-end ; Voh Max at Far-end ; Vol Min at Far-end ; Ringback Voltage on Rise at Far-end ; Ringback Voltage on Fall at Far-end ; 10-90 Rise Time at Far-end ; 90-10 Fall Time at Far-end ; Monotonic Rise at Far-end ; Monotonic Fall at Far-end ;
+---------------+--------------+---------------------+---------------------+------------------------------+------------------------------+---------------------+---------------------+--------------------------------------+--------------------------------------+-----------------------------+-----------------------------+----------------------------+----------------------------+-----------------------------+-----------------------------+--------------------+--------------------+-------------------------------------+-------------------------------------+----------------------------+----------------------------+---------------------------+---------------------------+
; data_out[0]   ; 2.5 V        ; 0 s                 ; 0 s                 ; 2.32 V                       ; 8.13e-07 V                   ; 2.35 V              ; -0.00662 V          ; 0.129 V                              ; 0.049 V                              ; 8.55e-10 s                  ; 8.01e-10 s                  ; No                         ; Yes                        ; 2.32 V                      ; 8.13e-07 V                  ; 2.35 V             ; -0.00662 V         ; 0.129 V                             ; 0.049 V                             ; 8.55e-10 s                 ; 8.01e-10 s                 ; No                        ; Yes                       ;
; data_out[1]   ; 2.5 V        ; 0 s                 ; 0 s                 ; 2.32 V                       ; 8.13e-07 V                   ; 2.35 V              ; -0.00662 V          ; 0.129 V                              ; 0.049 V                              ; 8.55e-10 s                  ; 8.01e-10 s                  ; No                         ; Yes                        ; 2.32 V                      ; 8.13e-07 V                  ; 2.35 V             ; -0.00662 V         ; 0.129 V                             ; 0.049 V                             ; 8.55e-10 s                 ; 8.01e-10 s                 ; No                        ; Yes                       ;
; data_out[2]   ; 2.5 V        ; 0 s                 ; 0 s                 ; 2.32 V                       ; 1.21e-06 V                   ; 2.37 V              ; -0.00606 V          ; 0.107 V                              ; 0.021 V                              ; 4.26e-10 s                  ; 4.03e-10 s                  ; Yes                        ; Yes                        ; 2.32 V                      ; 1.21e-06 V                  ; 2.37 V             ; -0.00606 V         ; 0.107 V                             ; 0.021 V                             ; 4.26e-10 s                 ; 4.03e-10 s                 ; Yes                       ; Yes                       ;
; data_out[3]   ; 2.5 V        ; 0 s                 ; 0 s                 ; 2.32 V                       ; 8.13e-07 V                   ; 2.36 V              ; -0.00623 V          ; 0.121 V                              ; 0.03 V                               ; 4.4e-10 s                   ; 4.28e-10 s                  ; Yes                        ; Yes                        ; 2.32 V                      ; 8.13e-07 V                  ; 2.36 V             ; -0.00623 V         ; 0.121 V                             ; 0.03 V                              ; 4.4e-10 s                  ; 4.28e-10 s                 ; Yes                       ; Yes                       ;
; data_out[4]   ; 2.5 V        ; 0 s                 ; 0 s                 ; 2.32 V                       ; 8.13e-07 V                   ; 2.35 V              ; -0.00662 V          ; 0.129 V                              ; 0.049 V                              ; 8.55e-10 s                  ; 8.01e-10 s                  ; No                         ; Yes                        ; 2.32 V                      ; 8.13e-07 V                  ; 2.35 V             ; -0.00662 V         ; 0.129 V                             ; 0.049 V                             ; 8.55e-10 s                 ; 8.01e-10 s                 ; No                        ; Yes                       ;
; data_out[5]   ; 2.5 V        ; 0 s                 ; 0 s                 ; 2.32 V                       ; 1.21e-06 V                   ; 2.37 V              ; -0.00606 V          ; 0.107 V                              ; 0.021 V                              ; 4.26e-10 s                  ; 4.03e-10 s                  ; Yes                        ; Yes                        ; 2.32 V                      ; 1.21e-06 V                  ; 2.37 V             ; -0.00606 V         ; 0.107 V                             ; 0.021 V                             ; 4.26e-10 s                 ; 4.03e-10 s                 ; Yes                       ; Yes                       ;
; data_out[6]   ; 2.5 V        ; 0 s                 ; 0 s                 ; 2.32 V                       ; 8.13e-07 V                   ; 2.33 V              ; -0.00252 V          ; 0.203 V                              ; 0.046 V                              ; 2.34e-09 s                  ; 2.24e-09 s                  ; Yes                        ; Yes                        ; 2.32 V                      ; 8.13e-07 V                  ; 2.33 V             ; -0.00252 V         ; 0.203 V                             ; 0.046 V                             ; 2.34e-09 s                 ; 2.24e-09 s                 ; Yes                       ; Yes                       ;
; data_out[7]   ; 2.5 V        ; 0 s                 ; 0 s                 ; 2.32 V                       ; 8.13e-07 V                   ; 2.35 V              ; -0.00662 V          ; 0.129 V                              ; 0.049 V                              ; 8.55e-10 s                  ; 8.01e-10 s                  ; No                         ; Yes                        ; 2.32 V                      ; 8.13e-07 V                  ; 2.35 V             ; -0.00662 V         ; 0.129 V                             ; 0.049 V                             ; 8.55e-10 s                 ; 8.01e-10 s                 ; No                        ; Yes                       ;
; done          ; 2.5 V        ; 0 s                 ; 0 s                 ; 2.32 V                       ; 1.21e-06 V                   ; 2.36 V              ; -0.00833 V          ; 0.113 V                              ; 0.035 V                              ; 6.32e-10 s                  ; 5.89e-10 s                  ; No                         ; Yes                        ; 2.32 V                      ; 1.21e-06 V                  ; 2.36 V             ; -0.00833 V         ; 0.113 V                             ; 0.035 V                             ; 6.32e-10 s                 ; 5.89e-10 s                 ; No                        ; Yes                       ;
; ~ALTERA_NCEO~ ; 2.5 V        ; 0 s                 ; 0 s                 ; 2.32 V                       ; 7.93e-07 V                   ; 2.37 V              ; -0.0278 V           ; 0.106 V                              ; 0.115 V                              ; 2.69e-10 s                  ; 4.05e-10 s                  ; Yes                        ; Yes                        ; 2.32 V                      ; 7.93e-07 V                  ; 2.37 V             ; -0.0278 V          ; 0.106 V                             ; 0.115 V                             ; 2.69e-10 s                 ; 4.05e-10 s                 ; Yes                       ; Yes                       ;
; ~ALTERA_DCLK~ ; 2.5 V        ; 0 s                 ; 0 s                 ; 2.32 V                       ; 9.76e-07 V                   ; 2.36 V              ; -0.00439 V          ; 0.088 V                              ; 0.007 V                              ; 4.05e-10 s                  ; 3.35e-10 s                  ; Yes                        ; Yes                        ; 2.32 V                      ; 9.76e-07 V                  ; 2.36 V             ; -0.00439 V         ; 0.088 V                             ; 0.007 V                             ; 4.05e-10 s                 ; 3.35e-10 s                 ; Yes                       ; Yes                       ;
+---------------+--------------+---------------------+---------------------+------------------------------+------------------------------+---------------------+---------------------+--------------------------------------+--------------------------------------+-----------------------------+-----------------------------+----------------------------+----------------------------+-----------------------------+-----------------------------+--------------------+--------------------+-------------------------------------+-------------------------------------+----------------------------+----------------------------+---------------------------+---------------------------+


+--------------------------------------------------------------------------------------------------------------------------------------------------------------------------------------------------------------------------------------------------------------------------------------------------------------------------------------------------------------------------------------------------------------------------------------------------------------------------------------------------------------------------------------------------------------------------------------------------------------------------------------------------------------------------------------------+
; Signal Integrity Metrics (Fast 1200mv 0c Model)                                                                                                                                                                                                                                                                                                                                                                                                                                                                                                                                                                                                                                            ;
+---------------+--------------+---------------------+---------------------+------------------------------+------------------------------+---------------------+---------------------+--------------------------------------+--------------------------------------+-----------------------------+-----------------------------+----------------------------+----------------------------+-----------------------------+-----------------------------+--------------------+--------------------+-------------------------------------+-------------------------------------+----------------------------+----------------------------+---------------------------+---------------------------+
; Pin           ; I/O Standard ; Board Delay on Rise ; Board Delay on Fall ; Steady State Voh at FPGA Pin ; Steady State Vol at FPGA Pin ; Voh Max at FPGA Pin ; Vol Min at FPGA Pin ; Ringback Voltage on Rise at FPGA Pin ; Ringback Voltage on Fall at FPGA Pin ; 10-90 Rise Time at FPGA Pin ; 90-10 Fall Time at FPGA Pin ; Monotonic Rise at FPGA Pin ; Monotonic Fall at FPGA Pin ; Steady State Voh at Far-end ; Steady State Vol at Far-end ; Voh Max at Far-end ; Vol Min at Far-end ; Ringback Voltage on Rise at Far-end ; Ringback Voltage on Fall at Far-end ; 10-90 Rise Time at Far-end ; 90-10 Fall Time at Far-end ; Monotonic Rise at Far-end ; Monotonic Fall at Far-end ;
+---------------+--------------+---------------------+---------------------+------------------------------+------------------------------+---------------------+---------------------+--------------------------------------+--------------------------------------+-----------------------------+-----------------------------+----------------------------+----------------------------+-----------------------------+-----------------------------+--------------------+--------------------+-------------------------------------+-------------------------------------+----------------------------+----------------------------+---------------------------+---------------------------+
; data_out[0]   ; 2.5 V        ; 0 s                 ; 0 s                 ; 2.62 V                       ; 3.16e-08 V                   ; 2.71 V              ; -0.0171 V           ; 0.273 V                              ; 0.065 V                              ; 4.95e-10 s                  ; 5.37e-10 s                  ; No                         ; Yes                        ; 2.62 V                      ; 3.16e-08 V                  ; 2.71 V             ; -0.0171 V          ; 0.273 V                             ; 0.065 V                             ; 4.95e-10 s                 ; 5.37e-10 s                 ; No                        ; Yes                       ;
; data_out[1]   ; 2.5 V        ; 0 s                 ; 0 s                 ; 2.62 V                       ; 3.16e-08 V                   ; 2.71 V              ; -0.0171 V           ; 0.273 V                              ; 0.065 V                              ; 4.95e-10 s                  ; 5.37e-10 s                  ; No                         ; Yes                        ; 2.62 V                      ; 3.16e-08 V                  ; 2.71 V             ; -0.0171 V          ; 0.273 V                             ; 0.065 V                             ; 4.95e-10 s                 ; 5.37e-10 s                 ; No                        ; Yes                       ;
; data_out[2]   ; 2.5 V        ; 0 s                 ; 0 s                 ; 2.62 V                       ; 4.66e-08 V                   ; 2.73 V              ; -0.0205 V           ; 0.17 V                               ; 0.027 V                              ; 2.58e-10 s                  ; 2.57e-10 s                  ; Yes                        ; Yes                        ; 2.62 V                      ; 4.66e-08 V                  ; 2.73 V             ; -0.0205 V          ; 0.17 V                              ; 0.027 V                             ; 2.58e-10 s                 ; 2.57e-10 s                 ; Yes                       ; Yes                       ;
; data_out[3]   ; 2.5 V        ; 0 s                 ; 0 s                 ; 2.62 V                       ; 3.16e-08 V                   ; 2.72 V              ; -0.0199 V           ; 0.186 V                              ; 0.027 V                              ; 2.63e-10 s                  ; 2.76e-10 s                  ; Yes                        ; Yes                        ; 2.62 V                      ; 3.16e-08 V                  ; 2.72 V             ; -0.0199 V          ; 0.186 V                             ; 0.027 V                             ; 2.63e-10 s                 ; 2.76e-10 s                 ; Yes                       ; Yes                       ;
; data_out[4]   ; 2.5 V        ; 0 s                 ; 0 s                 ; 2.62 V                       ; 3.16e-08 V                   ; 2.71 V              ; -0.0171 V           ; 0.273 V                              ; 0.065 V                              ; 4.95e-10 s                  ; 5.37e-10 s                  ; No                         ; Yes                        ; 2.62 V                      ; 3.16e-08 V                  ; 2.71 V             ; -0.0171 V          ; 0.273 V                             ; 0.065 V                             ; 4.95e-10 s                 ; 5.37e-10 s                 ; No                        ; Yes                       ;
; data_out[5]   ; 2.5 V        ; 0 s                 ; 0 s                 ; 2.62 V                       ; 4.66e-08 V                   ; 2.73 V              ; -0.0205 V           ; 0.17 V                               ; 0.027 V                              ; 2.58e-10 s                  ; 2.57e-10 s                  ; Yes                        ; Yes                        ; 2.62 V                      ; 4.66e-08 V                  ; 2.73 V             ; -0.0205 V          ; 0.17 V                              ; 0.027 V                             ; 2.58e-10 s                 ; 2.57e-10 s                 ; Yes                       ; Yes                       ;
; data_out[6]   ; 2.5 V        ; 0 s                 ; 0 s                 ; 2.62 V                       ; 3.16e-08 V                   ; 2.65 V              ; -0.0109 V           ; 0.234 V                              ; 0.125 V                              ; 1.64e-09 s                  ; 1.59e-09 s                  ; No                         ; Yes                        ; 2.62 V                      ; 3.16e-08 V                  ; 2.65 V             ; -0.0109 V          ; 0.234 V                             ; 0.125 V                             ; 1.64e-09 s                 ; 1.59e-09 s                 ; No                        ; Yes                       ;
; data_out[7]   ; 2.5 V        ; 0 s                 ; 0 s                 ; 2.62 V                       ; 3.16e-08 V                   ; 2.71 V              ; -0.0171 V           ; 0.273 V                              ; 0.065 V                              ; 4.95e-10 s                  ; 5.37e-10 s                  ; No                         ; Yes                        ; 2.62 V                      ; 3.16e-08 V                  ; 2.71 V             ; -0.0171 V          ; 0.273 V                             ; 0.065 V                             ; 4.95e-10 s                 ; 5.37e-10 s                 ; No                        ; Yes                       ;
; done          ; 2.5 V        ; 0 s                 ; 0 s                 ; 2.62 V                       ; 4.66e-08 V                   ; 2.72 V              ; -0.0215 V           ; 0.161 V                              ; 0.061 V                              ; 4.44e-10 s                  ; 4.06e-10 s                  ; No                         ; Yes                        ; 2.62 V                      ; 4.66e-08 V                  ; 2.72 V             ; -0.0215 V          ; 0.161 V                             ; 0.061 V                             ; 4.44e-10 s                 ; 4.06e-10 s                 ; No                        ; Yes                       ;
; ~ALTERA_NCEO~ ; 2.5 V        ; 0 s                 ; 0 s                 ; 2.62 V                       ; 3.06e-08 V                   ; 2.86 V              ; -0.0341 V           ; 0.364 V                              ; 0.046 V                              ; 1.17e-10 s                  ; 2.6e-10 s                   ; No                         ; Yes                        ; 2.62 V                      ; 3.06e-08 V                  ; 2.86 V             ; -0.0341 V          ; 0.364 V                             ; 0.046 V                             ; 1.17e-10 s                 ; 2.6e-10 s                  ; No                        ; Yes                       ;
; ~ALTERA_DCLK~ ; 2.5 V        ; 0 s                 ; 0 s                 ; 2.62 V                       ; 3.81e-08 V                   ; 2.72 V              ; -0.0542 V           ; 0.144 V                              ; 0.087 V                              ; 2.55e-10 s                  ; 2.14e-10 s                  ; Yes                        ; Yes                        ; 2.62 V                      ; 3.81e-08 V                  ; 2.72 V             ; -0.0542 V          ; 0.144 V                             ; 0.087 V                             ; 2.55e-10 s                 ; 2.14e-10 s                 ; Yes                       ; Yes                       ;
+---------------+--------------+---------------------+---------------------+------------------------------+------------------------------+---------------------+---------------------+--------------------------------------+--------------------------------------+-----------------------------+-----------------------------+----------------------------+----------------------------+-----------------------------+-----------------------------+--------------------+--------------------+-------------------------------------+-------------------------------------+----------------------------+----------------------------+---------------------------+---------------------------+


+-------------------------------------------------------------------+
; Setup Transfers                                                   ;
+------------+----------+----------+----------+----------+----------+
; From Clock ; To Clock ; RR Paths ; FR Paths ; RF Paths ; FF Paths ;
+------------+----------+----------+----------+----------+----------+
; clk        ; clk      ; 149      ; 0        ; 0        ; 0        ;
+------------+----------+----------+----------+----------+----------+
Entries labeled "false path" only account for clock-to-clock false paths and not path-based false paths. As a result, actual path counts may be lower than reported.


+-------------------------------------------------------------------+
; Hold Transfers                                                    ;
+------------+----------+----------+----------+----------+----------+
; From Clock ; To Clock ; RR Paths ; FR Paths ; RF Paths ; FF Paths ;
+------------+----------+----------+----------+----------+----------+
; clk        ; clk      ; 149      ; 0        ; 0        ; 0        ;
+------------+----------+----------+----------+----------+----------+
Entries labeled "false path" only account for clock-to-clock false paths and not path-based false paths. As a result, actual path counts may be lower than reported.


---------------
; Report TCCS ;
---------------
No dedicated SERDES Transmitter circuitry present in device or used in design


---------------
; Report RSKM ;
---------------
No dedicated SERDES Receiver circuitry present in device or used in design


+------------------------------------------------+
; Unconstrained Paths                            ;
+---------------------------------+-------+------+
; Property                        ; Setup ; Hold ;
+---------------------------------+-------+------+
; Illegal Clocks                  ; 0     ; 0    ;
; Unconstrained Clocks            ; 0     ; 0    ;
; Unconstrained Input Ports       ; 9     ; 9    ;
; Unconstrained Input Port Paths  ; 68    ; 68   ;
; Unconstrained Output Ports      ; 9     ; 9    ;
; Unconstrained Output Port Paths ; 9     ; 9    ;
+---------------------------------+-------+------+


+------------------------------------+
; TimeQuest Timing Analyzer Messages ;
+------------------------------------+
Info: *******************************************************************
Info: Running Quartus II 64-Bit TimeQuest Timing Analyzer
    Info: Version 13.0.1 Build 232 06/12/2013 Service Pack 1 SJ Web Edition
    Info: Processing started: Wed Sep 02 11:25:16 2026
Info: Command: quartus_sta uart_top -c uart_top
Info: qsta_default_script.tcl version: #1
Warning (20028): Parallel compilation is not licensed and has been disabled
Info (21076): High junction temperature operating condition is not set. Assuming a default value of '85'.
Info (21076): Low junction temperature operating condition is not set. Assuming a default value of '0'.
Critical Warning (332012): Synopsys Design Constraints File file not found: 'uart_top.sdc'. A Synopsys Design Constraints File is required by the TimeQuest Timing Analyzer to get proper timing constraints. Without it, the Compiler will not properly optimize the design.
Info (332142): No user constrained base clocks found in the design. Calling "derive_clocks -period 1.0"
Info (332105): Deriving Clocks
    Info (332105): create_clock -period 1.000 -name clk clk
Info (332143): No user constrained clock uncertainty found in the design. Calling "derive_clock_uncertainty"
Info (332123): Deriving Clock Uncertainty. Please refer to report_sdc in TimeQuest to see clock uncertainties.
Info: Found TIMEQUEST_REPORT_SCRIPT_INCLUDE_DEFAULT_ANALYSIS = ON
Info: Analyzing Slow 1200mV 85C Model
Critical Warning (332148): Timing requirements not met
    Info (11105): For recommendations on closing timing, run Report Timing Closure Recommendations in the TimeQuest Timing Analyzer.
Info (332146): Worst-case setup slack is -0.989
    Info (332119):     Slack End Point TNS Clock 
    Info (332119): ========= ============= =====================
    Info (332119):    -0.989       -20.403 clk 
Info (332146): Worst-case hold slack is 0.355
    Info (332119):     Slack End Point TNS Clock 
    Info (332119): ========= ============= =====================
    Info (332119):     0.355         0.000 clk 
Info (332140): No Recovery paths to report
Info (332140): No Removal paths to report
Info (332146): Worst-case minimum pulse width slack is -3.000
    Info (332119):     Slack End Point TNS Clock 
    Info (332119): ========= ============= =====================
    Info (332119):    -3.000       -42.000 clk 
Info: Analyzing Slow 1200mV 0C Model
Info (334003): Started post-fitting delay annotation
Info (334004): Delay annotation completed successfully
Info (332123): Deriving Clock Uncertainty. Please refer to report_sdc in TimeQuest to see clock uncertainties.
Critical Warning (332148): Timing requirements not met
    Info (11105): For recommendations on closing timing, run Report Timing Closure Recommendations in the TimeQuest Timing Analyzer.
Info (332146): Worst-case setup slack is -0.774
    Info (332119):     Slack End Point TNS Clock 
    Info (332119): ========= ============= =====================
    Info (332119):    -0.774       -14.471 clk 
Info (332146): Worst-case hold slack is 0.310
    Info (332119):     Slack End Point TNS Clock 
    Info (332119): ========= ============= =====================
    Info (332119):     0.310         0.000 clk 
Info (332140): No Recovery paths to report
Info (332140): No Removal paths to report
Info (332146): Worst-case minimum pulse width slack is -3.000
    Info (332119):     Slack End Point TNS Clock 
    Info (332119): ========= ============= =====================
    Info (332119):    -3.000       -42.000 clk 
Info: Analyzing Fast 1200mV 0C Model
Info (332123): Deriving Clock Uncertainty. Please refer to report_sdc in TimeQuest to see clock uncertainties.
Critical Warning (332148): Timing requirements not met
    Info (11105): For recommendations on closing timing, run Report Timing Closure Recommendations in the TimeQuest Timing Analyzer.
Info (332146): Worst-case setup slack is -0.115
    Info (332119):     Slack End Point TNS Clock 
    Info (332119): ========= ============= =====================
    Info (332119):    -0.115        -0.229 clk 
Info (332146): Worst-case hold slack is 0.186
    Info (332119):     Slack End Point TNS Clock 
    Info (332119): ========= ============= =====================
    Info (332119):     0.186         0.000 clk 
Info (332140): No Recovery paths to report
Info (332140): No Removal paths to report
Info (332146): Worst-case minimum pulse width slack is -3.000
    Info (332119):     Slack End Point TNS Clock 
    Info (332119): ========= ============= =====================
    Info (332119):    -3.000       -43.354 clk 
Info (332102): Design is not fully constrained for setup requirements
Info (332102): Design is not fully constrained for hold requirements
Info: Quartus II 64-Bit TimeQuest Timing Analyzer was successful. 0 errors, 5 warnings
    Info: Peak virtual memory: 4608 megabytes
    Info: Processing ended: Wed Sep 02 11:25:18 2026
    Info: Elapsed time: 00:00:02
    Info: Total CPU time (on all processors): 00:00:02


